file,object (Roblox MeshPart name),material,key,texture files,Roblox setup,triangles,shared mesh (instanced)
A,A_Corner_NE_P02_HVAC_L__MEC,CP_Mechanical,MEC,T_Mechanical_Color.png;T_Mechanical_Normal.png;T_Mechanical_Roughness.png;T_Mechanical_Metalness.png,SurfaceAppearance,76,PROTO_HVAC_L__MEC
A,A_Corner_NE_P03_STACK__MEC,CP_Mechanical,MEC,T_Mechanical_Color.png;T_Mechanical_Normal.png;T_Mechanical_Roughness.png;T_Mechanical_Metalness.png,SurfaceAppearance,128,PROTO_STACK__MEC
A,A_Corner_NE_P04_HVAC_S__MEC,CP_Mechanical,MEC,T_Mechanical_Color.png;T_Mechanical_Normal.png;T_Mechanical_Roughness.png;T_Mechanical_Metalness.png,SurfaceAppearance,32,PROTO_HVAC_S__MEC
A,A_Corner_NE_P05_VENT__MEC,CP_Mechanical,MEC,T_Mechanical_Color.png;T_Mechanical_Normal.png;T_Mechanical_Roughness.png;T_Mechanical_Metalness.png,SurfaceAppearance,44,PROTO_VENT__MEC
A,A_Corner_NE_P06_FANBOX__MEC,CP_Mechanical,MEC,T_Mechanical_Color.png;T_Mechanical_Normal.png;T_Mechanical_Roughness.png;T_Mechanical_Metalness.png,SurfaceAppearance,50,PROTO_FANBOX__MEC
A,A_Corner_NE_P07_VENT__MEC,CP_Mechanical,MEC,T_Mechanical_Color.png;T_Mechanical_Normal.png;T_Mechanical_Roughness.png;T_Mechanical_Metalness.png,SurfaceAppearance,44,PROTO_VENT__MEC
A,A_Corner_NE_P08_STACK__MEC,CP_Mechanical,MEC,T_Mechanical_Color.png;T_Mechanical_Normal.png;T_Mechanical_Roughness.png;T_Mechanical_Metalness.png,SurfaceAppearance,128,PROTO_STACK__MEC
A,A_Corner_NE_V01_VEND_BODY__PNL,CP_PanelMetal,PNL,T_PanelMetal_Color.png;T_PanelMetal_Normal.png;T_PanelMetal_Roughness.png;T_PanelMetal_Metalness.png,SurfaceAppearance,10,PROTO_VEND_BODY__PNL
A,A_Corner_NE_V01_VEND_FACE__SHOP_LIT,CP_SHOP_LIT,SHOP_LIT,F_SHOP_LIT.png (swatch only),"Material=Neon, Color=255,232,205 (CyberpunkConfig.NeonColors)",2,PROTO_VEND_FACE__SHOP_LIT
A,A_Corner_NE__CON,CP_ConcreteDark,CON,T_ConcreteDark_Color.png;T_ConcreteDark_Normal.png;T_ConcreteDark_Roughness.png;T_ConcreteDark_Metalness.png,SurfaceAppearance,140,
A,A_Corner_NE__GLS,CP_GlassCurtain,GLS,T_GlassCurtain_Color.png;T_GlassCurtain_Normal.png;T_GlassCurtain_Roughness.png;T_GlassCurtain_Metalness.png,SurfaceAppearance (Color/Normal/Roughness/Metalness),58,
A,A_Corner_NE__MEC,CP_Mechanical,MEC,T_Mechanical_Color.png;T_Mechanical_Normal.png;T_Mechanical_Roughness.png;T_Mechanical_Metalness.png,SurfaceAppearance,10,
A,A_Corner_NE__NEON_AMB,CP_NEON_AMB,NEON_AMB,F_NEON_AMB.png (swatch only),"Material=Neon, Color=255,150,25 (CyberpunkConfig.NeonColors)",36,
A,A_Corner_NE__NEON_BLU,CP_NEON_BLU,NEON_BLU,F_NEON_BLU.png (swatch only),"Material=Neon, Color=30,95,255 (CyberpunkConfig.NeonColors)",1890,
A,A_Corner_NE__NEON_MAG,CP_NEON_MAG,NEON_MAG,F_NEON_MAG.png (swatch only),"Material=Neon, Color=255,25,175 (CyberpunkConfig.NeonColors)",600,
A,A_Corner_NE__NEON_RED,CP_NEON_RED,NEON_RED,F_NEON_RED.png (swatch only),"Material=Neon, Color=255,32,45 (CyberpunkConfig.NeonColors)",172,
A,A_Corner_NE__NEON_WHT,CP_NEON_WHT,NEON_WHT,F_NEON_WHT.png (swatch only),"Material=Neon, Color=215,228,255 (CyberpunkConfig.NeonColors)",20,
A,A_Corner_NE__PNL,CP_PanelMetal,PNL,T_PanelMetal_Color.png;T_PanelMetal_Normal.png;T_PanelMetal_Roughness.png;T_PanelMetal_Metalness.png,SurfaceAppearance,200,
A,A_Corner_NE__RIB,CP_GlassRibbon,RIB,T_GlassRibbon_Color.png;T_GlassRibbon_Normal.png;T_GlassRibbon_Roughness.png;T_GlassRibbon_Metalness.png,SurfaceAppearance,22,
A,A_Corner_NE__ROF,CP_RoofDeck,ROF,T_RoofDeck_Color.png;T_RoofDeck_Normal.png;T_RoofDeck_Roughness.png;T_RoofDeck_Metalness.png,SurfaceAppearance,94,
A,A_Corner_NE__SGH,CP_SignsH,SGH,signs_h.png,TextureID / SurfaceAppearance ColorMap (atlas),40,
A,A_Corner_NE__SGV,CP_SignsV,SGV,signs_v.png,TextureID / SurfaceAppearance ColorMap (atlas),18,
A,A_Corner_NE__SHOP_LIT,CP_SHOP_LIT,SHOP_LIT,F_SHOP_LIT.png (swatch only),"Material=Neon, Color=255,232,205 (CyberpunkConfig.NeonColors)",14,
A,A_Corner_NE__STL,CP_Steel,STL,T_Steel_Color.png;T_Steel_Normal.png;T_Steel_Roughness.png;T_Steel_Metalness.png,SurfaceAppearance,1294,
A,A_Corner_NE__TEC,CP_TechPanel,TEC,T_TechPanel_Color.png;T_TechPanel_Normal.png;T_TechPanel_Roughness.png;T_TechPanel_Metalness.png,SurfaceAppearance,88,
A,A_Corner_NE__WIN_COL,CP_WIN_COL,WIN_COL,F_WIN_COL.png (swatch only),"Material=Neon, Color=140,195,255 (CyberpunkConfig.NeonColors)",762,
A,A_Corner_NE__WIN_PNK,CP_WIN_PNK,WIN_PNK,F_WIN_PNK.png (swatch only),"Material=Neon, Color=255,120,200 (CyberpunkConfig.NeonColors)",120,
A,A_Corner_NE__WIN_VIO,CP_WIN_VIO,WIN_VIO,F_WIN_VIO.png (swatch only),"Material=Neon, Color=170,130,255 (CyberpunkConfig.NeonColors)",2,
A,A_Corner_NW_P05_HVAC_S__MEC,CP_Mechanical,MEC,T_Mechanical_Color.png;T_Mechanical_Normal.png;T_Mechanical_Roughness.png;T_Mechanical_Metalness.png,SurfaceAppearance,32,PROTO_HVAC_S__MEC
A,A_Corner_NW_P06_STACK__MEC,CP_Mechanical,MEC,T_Mechanical_Color.png;T_Mechanical_Normal.png;T_Mechanical_Roughness.png;T_Mechanical_Metalness.png,SurfaceAppearance,128,PROTO_STACK__MEC
A,A_Corner_NW_P07_STACK__MEC,CP_Mechanical,MEC,T_Mechanical_Color.png;T_Mechanical_Normal.png;T_Mechanical_Roughness.png;T_Mechanical_Metalness.png,SurfaceAppearance,128,PROTO_STACK__MEC
A,A_Corner_NW_P08_HVAC_S__MEC,CP_Mechanical,MEC,T_Mechanical_Color.png;T_Mechanical_Normal.png;T_Mechanical_Roughness.png;T_Mechanical_Metalness.png,SurfaceAppearance,32,PROTO_HVAC_S__MEC
A,A_Corner_NW_P09_HVAC_S__MEC,CP_Mechanical,MEC,T_Mechanical_Color.png;T_Mechanical_Normal.png;T_Mechanical_Roughness.png;T_Mechanical_Metalness.png,SurfaceAppearance,32,PROTO_HVAC_S__MEC
A,A_Corner_NW_P10_HVAC_S__MEC,CP_Mechanical,MEC,T_Mechanical_Color.png;T_Mechanical_Normal.png;T_Mechanical_Roughness.png;T_Mechanical_Metalness.png,SurfaceAppearance,32,PROTO_HVAC_S__MEC
A,A_Corner_NW_P11_VENT__MEC,CP_Mechanical,MEC,T_Mechanical_Color.png;T_Mechanical_Normal.png;T_Mechanical_Roughness.png;T_Mechanical_Metalness.png,SurfaceAppearance,44,PROTO_VENT__MEC
A,A_Corner_NW_P12_VENT__MEC,CP_Mechanical,MEC,T_Mechanical_Color.png;T_Mechanical_Normal.png;T_Mechanical_Roughness.png;T_Mechanical_Metalness.png,SurfaceAppearance,44,PROTO_VENT__MEC
A,A_Corner_NW_P13_TANK__MEC,CP_Mechanical,MEC,T_Mechanical_Color.png;T_Mechanical_Normal.png;T_Mechanical_Roughness.png;T_Mechanical_Metalness.png,SurfaceAppearance,84,PROTO_TANK__MEC
A,A_Corner_NW_P14_COOL__MEC,CP_Mechanical,MEC,T_Mechanical_Color.png;T_Mechanical_Normal.png;T_Mechanical_Roughness.png;T_Mechanical_Metalness.png,SurfaceAppearance,66,PROTO_COOL__MEC
A,A_Corner_NW_P15_HVAC_S__MEC,CP_Mechanical,MEC,T_Mechanical_Color.png;T_Mechanical_Normal.png;T_Mechanical_Roughness.png;T_Mechanical_Metalness.png,SurfaceAppearance,32,PROTO_HVAC_S__MEC
A,A_Corner_NW_P16_GEN__MEC,CP_Mechanical,MEC,T_Mechanical_Color.png;T_Mechanical_Normal.png;T_Mechanical_Roughness.png;T_Mechanical_Metalness.png,SurfaceAppearance,70,PROTO_GEN__MEC
A,A_Corner_NW_P17_STACK__MEC,CP_Mechanical,MEC,T_Mechanical_Color.png;T_Mechanical_Normal.png;T_Mechanical_Roughness.png;T_Mechanical_Metalness.png,SurfaceAppearance,128,PROTO_STACK__MEC
A,A_Corner_NW_P18_HVAC_S__MEC,CP_Mechanical,MEC,T_Mechanical_Color.png;T_Mechanical_Normal.png;T_Mechanical_Roughness.png;T_Mechanical_Metalness.png,SurfaceAppearance,32,PROTO_HVAC_S__MEC
A,A_Corner_NW_P19_COOL__MEC,CP_Mechanical,MEC,T_Mechanical_Color.png;T_Mechanical_Normal.png;T_Mechanical_Roughness.png;T_Mechanical_Metalness.png,SurfaceAppearance,66,PROTO_COOL__MEC
A,A_Corner_NW_P20_VENT__MEC,CP_Mechanical,MEC,T_Mechanical_Color.png;T_Mechanical_Normal.png;T_Mechanical_Roughness.png;T_Mechanical_Metalness.png,SurfaceAppearance,44,PROTO_VENT__MEC
A,A_Corner_NW_P21_HVAC_L__MEC,CP_Mechanical,MEC,T_Mechanical_Color.png;T_Mechanical_Normal.png;T_Mechanical_Roughness.png;T_Mechanical_Metalness.png,SurfaceAppearance,76,PROTO_HVAC_L__MEC
A,A_Corner_NW_V01_VEND_BODY__PNL,CP_PanelMetal,PNL,T_PanelMetal_Color.png;T_PanelMetal_Normal.png;T_PanelMetal_Roughness.png;T_PanelMetal_Metalness.png,SurfaceAppearance,10,PROTO_VEND_BODY__PNL
A,A_Corner_NW_V01_VEND_FACE__SHOP_LIT,CP_SHOP_LIT,SHOP_LIT,F_SHOP_LIT.png (swatch only),"Material=Neon, Color=255,232,205 (CyberpunkConfig.NeonColors)",2,PROTO_VEND_FACE__SHOP_LIT
A,A_Corner_NW_V02_VEND_BODY__PNL,CP_PanelMetal,PNL,T_PanelMetal_Color.png;T_PanelMetal_Normal.png;T_PanelMetal_Roughness.png;T_PanelMetal_Metalness.png,SurfaceAppearance,10,PROTO_VEND_BODY__PNL
A,A_Corner_NW_V02_VEND_FACE__SHOP_LIT,CP_SHOP_LIT,SHOP_LIT,F_SHOP_LIT.png (swatch only),"Material=Neon, Color=255,232,205 (CyberpunkConfig.NeonColors)",2,PROTO_VEND_FACE__SHOP_LIT
A,A_Corner_NW_V03_VEND_BODY__PNL,CP_PanelMetal,PNL,T_PanelMetal_Color.png;T_PanelMetal_Normal.png;T_PanelMetal_Roughness.png;T_PanelMetal_Metalness.png,SurfaceAppearance,10,PROTO_VEND_BODY__PNL
A,A_Corner_NW_V03_VEND_FACE__SHOP_LIT,CP_SHOP_LIT,SHOP_LIT,F_SHOP_LIT.png (swatch only),"Material=Neon, Color=255,232,205 (CyberpunkConfig.NeonColors)",2,PROTO_VEND_FACE__SHOP_LIT
A,A_Corner_NW_V04_VEND_BODY__PNL,CP_PanelMetal,PNL,T_PanelMetal_Color.png;T_PanelMetal_Normal.png;T_PanelMetal_Roughness.png;T_PanelMetal_Metalness.png,SurfaceAppearance,10,PROTO_VEND_BODY__PNL
A,A_Corner_NW_V04_VEND_FACE__SHOP_LIT,CP_SHOP_LIT,SHOP_LIT,F_SHOP_LIT.png (swatch only),"Material=Neon, Color=255,232,205 (CyberpunkConfig.NeonColors)",2,PROTO_VEND_FACE__SHOP_LIT
A,A_Corner_NW__CON,CP_ConcreteDark,CON,T_ConcreteDark_Color.png;T_ConcreteDark_Normal.png;T_ConcreteDark_Roughness.png;T_ConcreteDark_Metalness.png,SurfaceAppearance,238,
A,A_Corner_NW__GLS,CP_GlassCurtain,GLS,T_GlassCurtain_Color.png;T_GlassCurtain_Normal.png;T_GlassCurtain_Roughness.png;T_GlassCurtain_Metalness.png,SurfaceAppearance (Color/Normal/Roughness/Metalness),380,
A,A_Corner_NW__MEC,CP_Mechanical,MEC,T_Mechanical_Color.png;T_Mechanical_Normal.png;T_Mechanical_Roughness.png;T_Mechanical_Metalness.png,SurfaceAppearance,190,
A,A_Corner_NW__NEON_AMB,CP_NEON_AMB,NEON_AMB,F_NEON_AMB.png (swatch only),"Material=Neon, Color=255,150,25 (CyberpunkConfig.NeonColors)",76,
A,A_Corner_NW__NEON_BLU,CP_NEON_BLU,NEON_BLU,F_NEON_BLU.png (swatch only),"Material=Neon, Color=30,95,255 (CyberpunkConfig.NeonColors)",200,
A,A_Corner_NW__NEON_CYN,CP_NEON_CYN,NEON_CYN,F_NEON_CYN.png (swatch only),"Material=Neon, Color=0,230,255 (CyberpunkConfig.NeonColors)",550,
A,A_Corner_NW__NEON_MAG,CP_NEON_MAG,NEON_MAG,F_NEON_MAG.png (swatch only),"Material=Neon, Color=255,25,175 (CyberpunkConfig.NeonColors)",20,
A,A_Corner_NW__NEON_RED,CP_NEON_RED,NEON_RED,F_NEON_RED.png (swatch only),"Material=Neon, Color=255,32,45 (CyberpunkConfig.NeonColors)",116,
A,A_Corner_NW__NEON_WHT,CP_NEON_WHT,NEON_WHT,F_NEON_WHT.png (swatch only),"Material=Neon, Color=215,228,255 (CyberpunkConfig.NeonColors)",136,
A,A_Corner_NW__PNL,CP_PanelMetal,PNL,T_PanelMetal_Color.png;T_PanelMetal_Normal.png;T_PanelMetal_Roughness.png;T_PanelMetal_Metalness.png,SurfaceAppearance,290,
A,A_Corner_NW__ROF,CP_RoofDeck,ROF,T_RoofDeck_Color.png;T_RoofDeck_Normal.png;T_RoofDeck_Roughness.png;T_RoofDeck_Metalness.png,SurfaceAppearance,8,
A,A_Corner_NW__SGH,CP_SignsH,SGH,signs_h.png,TextureID / SurfaceAppearance ColorMap (atlas),66,
A,A_Corner_NW__SGV,CP_SignsV,SGV,signs_v.png,TextureID / SurfaceAppearance ColorMap (atlas),16,
A,A_Corner_NW__SHOP_LIT,CP_SHOP_LIT,SHOP_LIT,F_SHOP_LIT.png (swatch only),"Material=Neon, Color=255,232,205 (CyberpunkConfig.NeonColors)",18,
A,A_Corner_NW__STL,CP_Steel,STL,T_Steel_Color.png;T_Steel_Normal.png;T_Steel_Roughness.png;T_Steel_Metalness.png,SurfaceAppearance,3160,
A,A_Corner_NW__TEC,CP_TechPanel,TEC,T_TechPanel_Color.png;T_TechPanel_Normal.png;T_TechPanel_Roughness.png;T_TechPanel_Metalness.png,SurfaceAppearance,1922,
A,A_Corner_NW__WIN_COL,CP_WIN_COL,WIN_COL,F_WIN_COL.png (swatch only),"Material=Neon, Color=140,195,255 (CyberpunkConfig.NeonColors)",390,
A,A_Corner_NW__WIN_PNK,CP_WIN_PNK,WIN_PNK,F_WIN_PNK.png (swatch only),"Material=Neon, Color=255,120,200 (CyberpunkConfig.NeonColors)",62,
A,A_Corner_NW__WIN_VIO,CP_WIN_VIO,WIN_VIO,F_WIN_VIO.png (swatch only),"Material=Neon, Color=170,130,255 (CyberpunkConfig.NeonColors)",4,
A,A_Corner_NW__WIN_WRM,CP_WIN_WRM,WIN_WRM,F_WIN_WRM.png (swatch only),"Material=Neon, Color=255,190,125 (CyberpunkConfig.NeonColors)",2,
A,A_Corner_SE_P05_COOL__MEC,CP_Mechanical,MEC,T_Mechanical_Color.png;T_Mechanical_Normal.png;T_Mechanical_Roughness.png;T_Mechanical_Metalness.png,SurfaceAppearance,66,PROTO_COOL__MEC
A,A_Corner_SE_P06_STACK__MEC,CP_Mechanical,MEC,T_Mechanical_Color.png;T_Mechanical_Normal.png;T_Mechanical_Roughness.png;T_Mechanical_Metalness.png,SurfaceAppearance,128,PROTO_STACK__MEC
A,A_Corner_SE_P07_GEN__MEC,CP_Mechanical,MEC,T_Mechanical_Color.png;T_Mechanical_Normal.png;T_Mechanical_Roughness.png;T_Mechanical_Metalness.png,SurfaceAppearance,70,PROTO_GEN__MEC
A,A_Corner_SE_P08_GEN__MEC,CP_Mechanical,MEC,T_Mechanical_Color.png;T_Mechanical_Normal.png;T_Mechanical_Roughness.png;T_Mechanical_Metalness.png,SurfaceAppearance,70,PROTO_GEN__MEC
A,A_Corner_SE_P09_HVAC_L__MEC,CP_Mechanical,MEC,T_Mechanical_Color.png;T_Mechanical_Normal.png;T_Mechanical_Roughness.png;T_Mechanical_Metalness.png,SurfaceAppearance,76,PROTO_HVAC_L__MEC
A,A_Corner_SE_P10_FANBOX__MEC,CP_Mechanical,MEC,T_Mechanical_Color.png;T_Mechanical_Normal.png;T_Mechanical_Roughness.png;T_Mechanical_Metalness.png,SurfaceAppearance,50,PROTO_FANBOX__MEC
A,A_Corner_SE_P11_TANK__MEC,CP_Mechanical,MEC,T_Mechanical_Color.png;T_Mechanical_Normal.png;T_Mechanical_Roughness.png;T_Mechanical_Metalness.png,SurfaceAppearance,84,PROTO_TANK__MEC
A,A_Corner_SE_P12_STACK__MEC,CP_Mechanical,MEC,T_Mechanical_Color.png;T_Mechanical_Normal.png;T_Mechanical_Roughness.png;T_Mechanical_Metalness.png,SurfaceAppearance,128,PROTO_STACK__MEC
A,A_Corner_SE_V01_VEND_BODY__PNL,CP_PanelMetal,PNL,T_PanelMetal_Color.png;T_PanelMetal_Normal.png;T_PanelMetal_Roughness.png;T_PanelMetal_Metalness.png,SurfaceAppearance,10,PROTO_VEND_BODY__PNL
A,A_Corner_SE_V01_VEND_FACE__SHOP_LIT,CP_SHOP_LIT,SHOP_LIT,F_SHOP_LIT.png (swatch only),"Material=Neon, Color=255,232,205 (CyberpunkConfig.NeonColors)",2,PROTO_VEND_FACE__SHOP_LIT
A,A_Corner_SE_V02_VEND_BODY__PNL,CP_PanelMetal,PNL,T_PanelMetal_Color.png;T_PanelMetal_Normal.png;T_PanelMetal_Roughness.png;T_PanelMetal_Metalness.png,SurfaceAppearance,10,PROTO_VEND_BODY__PNL
A,A_Corner_SE_V02_VEND_FACE__SHOP_LIT,CP_SHOP_LIT,SHOP_LIT,F_SHOP_LIT.png (swatch only),"Material=Neon, Color=255,232,205 (CyberpunkConfig.NeonColors)",2,PROTO_VEND_FACE__SHOP_LIT
A,A_Corner_SE_V03_VEND_BODY__PNL,CP_PanelMetal,PNL,T_PanelMetal_Color.png;T_PanelMetal_Normal.png;T_PanelMetal_Roughness.png;T_PanelMetal_Metalness.png,SurfaceAppearance,10,PROTO_VEND_BODY__PNL
A,A_Corner_SE_V03_VEND_FACE__SHOP_LIT,CP_SHOP_LIT,SHOP_LIT,F_SHOP_LIT.png (swatch only),"Material=Neon, Color=255,232,205 (CyberpunkConfig.NeonColors)",2,PROTO_VEND_FACE__SHOP_LIT
A,A_Corner_SE_V04_VEND_BODY__PNL,CP_PanelMetal,PNL,T_PanelMetal_Color.png;T_PanelMetal_Normal.png;T_PanelMetal_Roughness.png;T_PanelMetal_Metalness.png,SurfaceAppearance,10,PROTO_VEND_BODY__PNL
A,A_Corner_SE_V04_VEND_FACE__SHOP_LIT,CP_SHOP_LIT,SHOP_LIT,F_SHOP_LIT.png (swatch only),"Material=Neon, Color=255,232,205 (CyberpunkConfig.NeonColors)",2,PROTO_VEND_FACE__SHOP_LIT
A,A_Corner_SE__CON,CP_ConcreteDark,CON,T_ConcreteDark_Color.png;T_ConcreteDark_Normal.png;T_ConcreteDark_Roughness.png;T_ConcreteDark_Metalness.png,SurfaceAppearance,190,
A,A_Corner_SE__GLS,CP_GlassCurtain,GLS,T_GlassCurtain_Color.png;T_GlassCurtain_Normal.png;T_GlassCurtain_Roughness.png;T_GlassCurtain_Metalness.png,SurfaceAppearance (Color/Normal/Roughness/Metalness),18,
A,A_Corner_SE__MEC,CP_Mechanical,MEC,T_Mechanical_Color.png;T_Mechanical_Normal.png;T_Mechanical_Roughness.png;T_Mechanical_Metalness.png,SurfaceAppearance,108,
A,A_Corner_SE__NEON_AMB,CP_NEON_AMB,NEON_AMB,F_NEON_AMB.png (swatch only),"Material=Neon, Color=255,150,25 (CyberpunkConfig.NeonColors)",84,
A,A_Corner_SE__NEON_BLU,CP_NEON_BLU,NEON_BLU,F_NEON_BLU.png (swatch only),"Material=Neon, Color=30,95,255 (CyberpunkConfig.NeonColors)",50,
A,A_Corner_SE__NEON_CYN,CP_NEON_CYN,NEON_CYN,F_NEON_CYN.png (swatch only),"Material=Neon, Color=0,230,255 (CyberpunkConfig.NeonColors)",330,
A,A_Corner_SE__NEON_MAG,CP_NEON_MAG,NEON_MAG,F_NEON_MAG.png (swatch only),"Material=Neon, Color=255,25,175 (CyberpunkConfig.NeonColors)",600,
A,A_Corner_SE__NEON_RED,CP_NEON_RED,NEON_RED,F_NEON_RED.png (swatch only),"Material=Neon, Color=255,32,45 (CyberpunkConfig.NeonColors)",100,
A,A_Corner_SE__NEON_WHT,CP_NEON_WHT,NEON_WHT,F_NEON_WHT.png (swatch only),"Material=Neon, Color=215,228,255 (CyberpunkConfig.NeonColors)",20,
A,A_Corner_SE__PNL,CP_PanelMetal,PNL,T_PanelMetal_Color.png;T_PanelMetal_Normal.png;T_PanelMetal_Roughness.png;T_PanelMetal_Metalness.png,SurfaceAppearance,224,
A,A_Corner_SE__RIB,CP_GlassRibbon,RIB,T_GlassRibbon_Color.png;T_GlassRibbon_Normal.png;T_GlassRibbon_Roughness.png;T_GlassRibbon_Metalness.png,SurfaceAppearance,4,
A,A_Corner_SE__ROF,CP_RoofDeck,ROF,T_RoofDeck_Color.png;T_RoofDeck_Normal.png;T_RoofDeck_Roughness.png;T_RoofDeck_Metalness.png,SurfaceAppearance,6,
A,A_Corner_SE__SGH,CP_SignsH,SGH,signs_h.png,TextureID / SurfaceAppearance ColorMap (atlas),56,
A,A_Corner_SE__SGV,CP_SignsV,SGV,signs_v.png,TextureID / SurfaceAppearance ColorMap (atlas),26,
A,A_Corner_SE__SHOP_LIT,CP_SHOP_LIT,SHOP_LIT,F_SHOP_LIT.png (swatch only),"Material=Neon, Color=255,232,205 (CyberpunkConfig.NeonColors)",12,
A,A_Corner_SE__STL,CP_Steel,STL,T_Steel_Color.png;T_Steel_Normal.png;T_Steel_Roughness.png;T_Steel_Metalness.png,SurfaceAppearance,5154,
A,A_Corner_SE__TEC,CP_TechPanel,TEC,T_TechPanel_Color.png;T_TechPanel_Normal.png;T_TechPanel_Roughness.png;T_TechPanel_Metalness.png,SurfaceAppearance,10,
A,A_Corner_SE__WIN_COL,CP_WIN_COL,WIN_COL,F_WIN_COL.png (swatch only),"Material=Neon, Color=140,195,255 (CyberpunkConfig.NeonColors)",1206,
A,A_Corner_SE__WIN_PNK,CP_WIN_PNK,WIN_PNK,F_WIN_PNK.png (swatch only),"Material=Neon, Color=255,120,200 (CyberpunkConfig.NeonColors)",2,
A,A_Corner_SE__WIN_VIO,CP_WIN_VIO,WIN_VIO,F_WIN_VIO.png (swatch only),"Material=Neon, Color=170,130,255 (CyberpunkConfig.NeonColors)",2,
A,A_Corner_SE__WIN_WRM,CP_WIN_WRM,WIN_WRM,F_WIN_WRM.png (swatch only),"Material=Neon, Color=255,190,125 (CyberpunkConfig.NeonColors)",184,
A,A_Corner_SW__CON,CP_ConcreteDark,CON,T_ConcreteDark_Color.png;T_ConcreteDark_Normal.png;T_ConcreteDark_Roughness.png;T_ConcreteDark_Metalness.png,SurfaceAppearance,254,
A,A_Corner_SW__GLS,CP_GlassCurtain,GLS,T_GlassCurtain_Color.png;T_GlassCurtain_Normal.png;T_GlassCurtain_Roughness.png;T_GlassCurtain_Metalness.png,SurfaceAppearance (Color/Normal/Roughness/Metalness),40,
A,A_Corner_SW__MEC,CP_Mechanical,MEC,T_Mechanical_Color.png;T_Mechanical_Normal.png;T_Mechanical_Roughness.png;T_Mechanical_Metalness.png,SurfaceAppearance,140,
A,A_Corner_SW__NEON_AMB,CP_NEON_AMB,NEON_AMB,F_NEON_AMB.png (swatch only),"Material=Neon, Color=255,150,25 (CyberpunkConfig.NeonColors)",12,
A,A_Corner_SW__NEON_CYN,CP_NEON_CYN,NEON_CYN,F_NEON_CYN.png (swatch only),"Material=Neon, Color=0,230,255 (CyberpunkConfig.NeonColors)",1000,
A,A_Corner_SW__NEON_MAG,CP_NEON_MAG,NEON_MAG,F_NEON_MAG.png (swatch only),"Material=Neon, Color=255,25,175 (CyberpunkConfig.NeonColors)",1070,
A,A_Corner_SW__NEON_RED,CP_NEON_RED,NEON_RED,F_NEON_RED.png (swatch only),"Material=Neon, Color=255,32,45 (CyberpunkConfig.NeonColors)",64,
A,A_Corner_SW__NEON_WHT,CP_NEON_WHT,NEON_WHT,F_NEON_WHT.png (swatch only),"Material=Neon, Color=215,228,255 (CyberpunkConfig.NeonColors)",10,
A,A_Corner_SW__PNL,CP_PanelMetal,PNL,T_PanelMetal_Color.png;T_PanelMetal_Normal.png;T_PanelMetal_Roughness.png;T_PanelMetal_Metalness.png,SurfaceAppearance,226,
A,A_Corner_SW__RIB,CP_GlassRibbon,RIB,T_GlassRibbon_Color.png;T_GlassRibbon_Normal.png;T_GlassRibbon_Roughness.png;T_GlassRibbon_Metalness.png,SurfaceAppearance,24,
A,A_Corner_SW__ROF,CP_RoofDeck,ROF,T_RoofDeck_Color.png;T_RoofDeck_Normal.png;T_RoofDeck_Roughness.png;T_RoofDeck_Metalness.png,SurfaceAppearance,60,
A,A_Corner_SW__SGH,CP_SignsH,SGH,signs_h.png,TextureID / SurfaceAppearance ColorMap (atlas),26,
A,A_Corner_SW__SGV,CP_SignsV,SGV,signs_v.png,TextureID / SurfaceAppearance ColorMap (atlas),50,
A,A_Corner_SW__SHOP_LIT,CP_SHOP_LIT,SHOP_LIT,F_SHOP_LIT.png (swatch only),"Material=Neon, Color=255,232,205 (CyberpunkConfig.NeonColors)",16,
A,A_Corner_SW__STL,CP_Steel,STL,T_Steel_Color.png;T_Steel_Normal.png;T_Steel_Roughness.png;T_Steel_Metalness.png,SurfaceAppearance,4426,
A,A_Corner_SW__TEC,CP_TechPanel,TEC,T_TechPanel_Color.png;T_TechPanel_Normal.png;T_TechPanel_Roughness.png;T_TechPanel_Metalness.png,SurfaceAppearance,46,
A,A_Corner_SW__WIN_COL,CP_WIN_COL,WIN_COL,F_WIN_COL.png (swatch only),"Material=Neon, Color=140,195,255 (CyberpunkConfig.NeonColors)",6,
A,A_Corner_SW__WIN_PNK,CP_WIN_PNK,WIN_PNK,F_WIN_PNK.png (swatch only),"Material=Neon, Color=255,120,200 (CyberpunkConfig.NeonColors)",4,
A,A_Corner_SW__WIN_VIO,CP_WIN_VIO,WIN_VIO,F_WIN_VIO.png (swatch only),"Material=Neon, Color=170,130,255 (CyberpunkConfig.NeonColors)",2,
A,A_Corner_SW__WIN_WRM,CP_WIN_WRM,WIN_WRM,F_WIN_WRM.png (swatch only),"Material=Neon, Color=255,190,125 (CyberpunkConfig.NeonColors)",344,
A,A_E_01_Zakkyo_P01_GEN__MEC,CP_Mechanical,MEC,T_Mechanical_Color.png;T_Mechanical_Normal.png;T_Mechanical_Roughness.png;T_Mechanical_Metalness.png,SurfaceAppearance,70,PROTO_GEN__MEC
A,A_E_01_Zakkyo_P02_TANK__MEC,CP_Mechanical,MEC,T_Mechanical_Color.png;T_Mechanical_Normal.png;T_Mechanical_Roughness.png;T_Mechanical_Metalness.png,SurfaceAppearance,84,PROTO_TANK__MEC
A,A_E_01_Zakkyo_P03_VENT__MEC,CP_Mechanical,MEC,T_Mechanical_Color.png;T_Mechanical_Normal.png;T_Mechanical_Roughness.png;T_Mechanical_Metalness.png,SurfaceAppearance,44,PROTO_VENT__MEC
A,A_E_01_Zakkyo_P04_HVAC_S__MEC,CP_Mechanical,MEC,T_Mechanical_Color.png;T_Mechanical_Normal.png;T_Mechanical_Roughness.png;T_Mechanical_Metalness.png,SurfaceAppearance,32,PROTO_HVAC_S__MEC
A,A_E_01_Zakkyo_P05_HVAC_S__MEC,CP_Mechanical,MEC,T_Mechanical_Color.png;T_Mechanical_Normal.png;T_Mechanical_Roughness.png;T_Mechanical_Metalness.png,SurfaceAppearance,32,PROTO_HVAC_S__MEC
A,A_E_01_Zakkyo_P06_STACK__MEC,CP_Mechanical,MEC,T_Mechanical_Color.png;T_Mechanical_Normal.png;T_Mechanical_Roughness.png;T_Mechanical_Metalness.png,SurfaceAppearance,128,PROTO_STACK__MEC
A,A_E_01_Zakkyo_P07_HVAC_S__MEC,CP_Mechanical,MEC,T_Mechanical_Color.png;T_Mechanical_Normal.png;T_Mechanical_Roughness.png;T_Mechanical_Metalness.png,SurfaceAppearance,32,PROTO_HVAC_S__MEC
A,A_E_01_Zakkyo_P08_DISH__MEC,CP_Mechanical,MEC,T_Mechanical_Color.png;T_Mechanical_Normal.png;T_Mechanical_Roughness.png;T_Mechanical_Metalness.png,SurfaceAppearance,22,PROTO_DISH__MEC
A,A_E_01_Zakkyo_P09_STACK__MEC,CP_Mechanical,MEC,T_Mechanical_Color.png;T_Mechanical_Normal.png;T_Mechanical_Roughness.png;T_Mechanical_Metalness.png,SurfaceAppearance,128,PROTO_STACK__MEC
A,A_E_01_Zakkyo_P10_STACK__MEC,CP_Mechanical,MEC,T_Mechanical_Color.png;T_Mechanical_Normal.png;T_Mechanical_Roughness.png;T_Mechanical_Metalness.png,SurfaceAppearance,128,PROTO_STACK__MEC
A,A_E_01_Zakkyo__CON,CP_ConcreteDark,CON,T_ConcreteDark_Color.png;T_ConcreteDark_Normal.png;T_ConcreteDark_Roughness.png;T_ConcreteDark_Metalness.png,SurfaceAppearance,140,
A,A_E_01_Zakkyo__GLS,CP_GlassCurtain,GLS,T_GlassCurtain_Color.png;T_GlassCurtain_Normal.png;T_GlassCurtain_Roughness.png;T_GlassCurtain_Metalness.png,SurfaceAppearance (Color/Normal/Roughness/Metalness),90,
A,A_E_01_Zakkyo__MEC,CP_Mechanical,MEC,T_Mechanical_Color.png;T_Mechanical_Normal.png;T_Mechanical_Roughness.png;T_Mechanical_Metalness.png,SurfaceAppearance,40,
A,A_E_01_Zakkyo__NEON_BLU,CP_NEON_BLU,NEON_BLU,F_NEON_BLU.png (swatch only),"Material=Neon, Color=30,95,255 (CyberpunkConfig.NeonColors)",20,
A,A_E_01_Zakkyo__NEON_MAG,CP_NEON_MAG,NEON_MAG,F_NEON_MAG.png (swatch only),"Material=Neon, Color=255,25,175 (CyberpunkConfig.NeonColors)",40,
A,A_E_01_Zakkyo__NEON_RED,CP_NEON_RED,NEON_RED,F_NEON_RED.png (swatch only),"Material=Neon, Color=255,32,45 (CyberpunkConfig.NeonColors)",34,
A,A_E_01_Zakkyo__NEON_WHT,CP_NEON_WHT,NEON_WHT,F_NEON_WHT.png (swatch only),"Material=Neon, Color=215,228,255 (CyberpunkConfig.NeonColors)",48,
A,A_E_01_Zakkyo__PNL,CP_PanelMetal,PNL,T_PanelMetal_Color.png;T_PanelMetal_Normal.png;T_PanelMetal_Roughness.png;T_PanelMetal_Metalness.png,SurfaceAppearance,532,
A,A_E_01_Zakkyo__ROF,CP_RoofDeck,ROF,T_RoofDeck_Color.png;T_RoofDeck_Normal.png;T_RoofDeck_Roughness.png;T_RoofDeck_Metalness.png,SurfaceAppearance,6,
A,A_E_01_Zakkyo__SGH,CP_SignsH,SGH,signs_h.png,TextureID / SurfaceAppearance ColorMap (atlas),22,
A,A_E_01_Zakkyo__SGV,CP_SignsV,SGV,signs_v.png,TextureID / SurfaceAppearance ColorMap (atlas),18,
A,A_E_01_Zakkyo__SHOP_LIT,CP_SHOP_LIT,SHOP_LIT,F_SHOP_LIT.png (swatch only),"Material=Neon, Color=255,232,205 (CyberpunkConfig.NeonColors)",2,
A,A_E_01_Zakkyo__STL,CP_Steel,STL,T_Steel_Color.png;T_Steel_Normal.png;T_Steel_Roughness.png;T_Steel_Metalness.png,SurfaceAppearance,1802,
A,A_E_01_Zakkyo__WIN_PNK,CP_WIN_PNK,WIN_PNK,F_WIN_PNK.png (swatch only),"Material=Neon, Color=255,120,200 (CyberpunkConfig.NeonColors)",216,
A,A_E_01_Zakkyo__WIN_WRM,CP_WIN_WRM,WIN_WRM,F_WIN_WRM.png (swatch only),"Material=Neon, Color=255,190,125 (CyberpunkConfig.NeonColors)",52,
A,A_E_02_Mansion_P01_VENT__MEC,CP_Mechanical,MEC,T_Mechanical_Color.png;T_Mechanical_Normal.png;T_Mechanical_Roughness.png;T_Mechanical_Metalness.png,SurfaceAppearance,44,PROTO_VENT__MEC
A,A_E_02_Mansion_P02_VENT__MEC,CP_Mechanical,MEC,T_Mechanical_Color.png;T_Mechanical_Normal.png;T_Mechanical_Roughness.png;T_Mechanical_Metalness.png,SurfaceAppearance,44,PROTO_VENT__MEC
A,A_E_02_Mansion_P03_VENT__MEC,CP_Mechanical,MEC,T_Mechanical_Color.png;T_Mechanical_Normal.png;T_Mechanical_Roughness.png;T_Mechanical_Metalness.png,SurfaceAppearance,44,PROTO_VENT__MEC
A,A_E_02_Mansion_P04_TANK__MEC,CP_Mechanical,MEC,T_Mechanical_Color.png;T_Mechanical_Normal.png;T_Mechanical_Roughness.png;T_Mechanical_Metalness.png,SurfaceAppearance,84,PROTO_TANK__MEC
A,A_E_02_Mansion_P05_FANBOX__MEC,CP_Mechanical,MEC,T_Mechanical_Color.png;T_Mechanical_Normal.png;T_Mechanical_Roughness.png;T_Mechanical_Metalness.png,SurfaceAppearance,50,PROTO_FANBOX__MEC
A,A_E_02_Mansion_P06_HVAC_S__MEC,CP_Mechanical,MEC,T_Mechanical_Color.png;T_Mechanical_Normal.png;T_Mechanical_Roughness.png;T_Mechanical_Metalness.png,SurfaceAppearance,32,PROTO_HVAC_S__MEC
A,A_E_02_Mansion_P07_HVAC_L__MEC,CP_Mechanical,MEC,T_Mechanical_Color.png;T_Mechanical_Normal.png;T_Mechanical_Roughness.png;T_Mechanical_Metalness.png,SurfaceAppearance,76,PROTO_HVAC_L__MEC
A,A_E_02_Mansion_P08_HVAC_L__MEC,CP_Mechanical,MEC,T_Mechanical_Color.png;T_Mechanical_Normal.png;T_Mechanical_Roughness.png;T_Mechanical_Metalness.png,SurfaceAppearance,76,PROTO_HVAC_L__MEC
A,A_E_02_Mansion_P09_VENT__MEC,CP_Mechanical,MEC,T_Mechanical_Color.png;T_Mechanical_Normal.png;T_Mechanical_Roughness.png;T_Mechanical_Metalness.png,SurfaceAppearance,44,PROTO_VENT__MEC
A,A_E_02_Mansion_P10_COOL__MEC,CP_Mechanical,MEC,T_Mechanical_Color.png;T_Mechanical_Normal.png;T_Mechanical_Roughness.png;T_Mechanical_Metalness.png,SurfaceAppearance,66,PROTO_COOL__MEC
A,A_E_02_Mansion_P11_DISH__MEC,CP_Mechanical,MEC,T_Mechanical_Color.png;T_Mechanical_Normal.png;T_Mechanical_Roughness.png;T_Mechanical_Metalness.png,SurfaceAppearance,22,PROTO_DISH__MEC
A,A_E_02_Mansion_P12_VENT__MEC,CP_Mechanical,MEC,T_Mechanical_Color.png;T_Mechanical_Normal.png;T_Mechanical_Roughness.png;T_Mechanical_Metalness.png,SurfaceAppearance,44,PROTO_VENT__MEC
A,A_E_02_Mansion__CON,CP_ConcreteDark,CON,T_ConcreteDark_Color.png;T_ConcreteDark_Normal.png;T_ConcreteDark_Roughness.png;T_ConcreteDark_Metalness.png,SurfaceAppearance,644,
A,A_E_02_Mansion__GLS,CP_GlassCurtain,GLS,T_GlassCurtain_Color.png;T_GlassCurtain_Normal.png;T_GlassCurtain_Roughness.png;T_GlassCurtain_Metalness.png,SurfaceAppearance (Color/Normal/Roughness/Metalness),8,
A,A_E_02_Mansion__MEC,CP_Mechanical,MEC,T_Mechanical_Color.png;T_Mechanical_Normal.png;T_Mechanical_Roughness.png;T_Mechanical_Metalness.png,SurfaceAppearance,170,
A,A_E_02_Mansion__NEON_AMB,CP_NEON_AMB,NEON_AMB,F_NEON_AMB.png (swatch only),"Material=Neon, Color=255,150,25 (CyberpunkConfig.NeonColors)",36,
A,A_E_02_Mansion__NEON_MAG,CP_NEON_MAG,NEON_MAG,F_NEON_MAG.png (swatch only),"Material=Neon, Color=255,25,175 (CyberpunkConfig.NeonColors)",150,
A,A_E_02_Mansion__NEON_RED,CP_NEON_RED,NEON_RED,F_NEON_RED.png (swatch only),"Material=Neon, Color=255,32,45 (CyberpunkConfig.NeonColors)",38,
A,A_E_02_Mansion__NEON_VIO,CP_NEON_VIO,NEON_VIO,F_NEON_VIO.png (swatch only),"Material=Neon, Color=150,45,255 (CyberpunkConfig.NeonColors)",20,
A,A_E_02_Mansion__NEON_WHT,CP_NEON_WHT,NEON_WHT,F_NEON_WHT.png (swatch only),"Material=Neon, Color=215,228,255 (CyberpunkConfig.NeonColors)",82,
A,A_E_02_Mansion__PNL,CP_PanelMetal,PNL,T_PanelMetal_Color.png;T_PanelMetal_Normal.png;T_PanelMetal_Roughness.png;T_PanelMetal_Metalness.png,SurfaceAppearance,66,
A,A_E_02_Mansion__ROF,CP_RoofDeck,ROF,T_RoofDeck_Color.png;T_RoofDeck_Normal.png;T_RoofDeck_Roughness.png;T_RoofDeck_Metalness.png,SurfaceAppearance,6,
A,A_E_02_Mansion__SGH,CP_SignsH,SGH,signs_h.png,TextureID / SurfaceAppearance ColorMap (atlas),10,
A,A_E_02_Mansion__SGV,CP_SignsV,SGV,signs_v.png,TextureID / SurfaceAppearance ColorMap (atlas),6,
A,A_E_02_Mansion__SHOP_LIT,CP_SHOP_LIT,SHOP_LIT,F_SHOP_LIT.png (swatch only),"Material=Neon, Color=255,232,205 (CyberpunkConfig.NeonColors)",2,
A,A_E_02_Mansion__STL,CP_Steel,STL,T_Steel_Color.png;T_Steel_Normal.png;T_Steel_Roughness.png;T_Steel_Metalness.png,SurfaceAppearance,716,
A,A_E_02_Mansion__TEC,CP_TechPanel,TEC,T_TechPanel_Color.png;T_TechPanel_Normal.png;T_TechPanel_Roughness.png;T_TechPanel_Metalness.png,SurfaceAppearance,192,
A,A_E_02_Mansion__WIN_COL,CP_WIN_COL,WIN_COL,F_WIN_COL.png (swatch only),"Material=Neon, Color=140,195,255 (CyberpunkConfig.NeonColors)",4,
A,A_E_02_Mansion__WIN_PNK,CP_WIN_PNK,WIN_PNK,F_WIN_PNK.png (swatch only),"Material=Neon, Color=255,120,200 (CyberpunkConfig.NeonColors)",2,
A,A_E_02_Mansion__WIN_WRM,CP_WIN_WRM,WIN_WRM,F_WIN_WRM.png (swatch only),"Material=Neon, Color=255,190,125 (CyberpunkConfig.NeonColors)",116,
A,A_E_03_Zakkyo_P02_VENT__MEC,CP_Mechanical,MEC,T_Mechanical_Color.png;T_Mechanical_Normal.png;T_Mechanical_Roughness.png;T_Mechanical_Metalness.png,SurfaceAppearance,44,PROTO_VENT__MEC
A,A_E_03_Zakkyo_P03_DISH__MEC,CP_Mechanical,MEC,T_Mechanical_Color.png;T_Mechanical_Normal.png;T_Mechanical_Roughness.png;T_Mechanical_Metalness.png,SurfaceAppearance,22,PROTO_DISH__MEC
A,A_E_03_Zakkyo_P04_HVAC_L__MEC,CP_Mechanical,MEC,T_Mechanical_Color.png;T_Mechanical_Normal.png;T_Mechanical_Roughness.png;T_Mechanical_Metalness.png,SurfaceAppearance,76,PROTO_HVAC_L__MEC
A,A_E_03_Zakkyo_P05_STACK__MEC,CP_Mechanical,MEC,T_Mechanical_Color.png;T_Mechanical_Normal.png;T_Mechanical_Roughness.png;T_Mechanical_Metalness.png,SurfaceAppearance,128,PROTO_STACK__MEC
A,A_E_03_Zakkyo_P06_HVAC_S__MEC,CP_Mechanical,MEC,T_Mechanical_Color.png;T_Mechanical_Normal.png;T_Mechanical_Roughness.png;T_Mechanical_Metalness.png,SurfaceAppearance,32,PROTO_HVAC_S__MEC
A,A_E_03_Zakkyo_P07_VENT__MEC,CP_Mechanical,MEC,T_Mechanical_Color.png;T_Mechanical_Normal.png;T_Mechanical_Roughness.png;T_Mechanical_Metalness.png,SurfaceAppearance,44,PROTO_VENT__MEC
A,A_E_03_Zakkyo_P08_HVAC_S__MEC,CP_Mechanical,MEC,T_Mechanical_Color.png;T_Mechanical_Normal.png;T_Mechanical_Roughness.png;T_Mechanical_Metalness.png,SurfaceAppearance,32,PROTO_HVAC_S__MEC
A,A_E_03_Zakkyo_P09_HVAC_L__MEC,CP_Mechanical,MEC,T_Mechanical_Color.png;T_Mechanical_Normal.png;T_Mechanical_Roughness.png;T_Mechanical_Metalness.png,SurfaceAppearance,76,PROTO_HVAC_L__MEC
A,A_E_03_Zakkyo_P10_VENT__MEC,CP_Mechanical,MEC,T_Mechanical_Color.png;T_Mechanical_Normal.png;T_Mechanical_Roughness.png;T_Mechanical_Metalness.png,SurfaceAppearance,44,PROTO_VENT__MEC
A,A_E_03_Zakkyo_P11_VENT__MEC,CP_Mechanical,MEC,T_Mechanical_Color.png;T_Mechanical_Normal.png;T_Mechanical_Roughness.png;T_Mechanical_Metalness.png,SurfaceAppearance,44,PROTO_VENT__MEC
A,A_E_03_Zakkyo_P12_HVAC_S__MEC,CP_Mechanical,MEC,T_Mechanical_Color.png;T_Mechanical_Normal.png;T_Mechanical_Roughness.png;T_Mechanical_Metalness.png,SurfaceAppearance,32,PROTO_HVAC_S__MEC
A,A_E_03_Zakkyo_P13_HVAC_S__MEC,CP_Mechanical,MEC,T_Mechanical_Color.png;T_Mechanical_Normal.png;T_Mechanical_Roughness.png;T_Mechanical_Metalness.png,SurfaceAppearance,32,PROTO_HVAC_S__MEC
A,A_E_03_Zakkyo_P14_DISH__MEC,CP_Mechanical,MEC,T_Mechanical_Color.png;T_Mechanical_Normal.png;T_Mechanical_Roughness.png;T_Mechanical_Metalness.png,SurfaceAppearance,22,PROTO_DISH__MEC
A,A_E_03_Zakkyo_P15_VENT__MEC,CP_Mechanical,MEC,T_Mechanical_Color.png;T_Mechanical_Normal.png;T_Mechanical_Roughness.png;T_Mechanical_Metalness.png,SurfaceAppearance,44,PROTO_VENT__MEC
A,A_E_03_Zakkyo_P16_FANBOX__MEC,CP_Mechanical,MEC,T_Mechanical_Color.png;T_Mechanical_Normal.png;T_Mechanical_Roughness.png;T_Mechanical_Metalness.png,SurfaceAppearance,50,PROTO_FANBOX__MEC
A,A_E_03_Zakkyo_P17_STACK__MEC,CP_Mechanical,MEC,T_Mechanical_Color.png;T_Mechanical_Normal.png;T_Mechanical_Roughness.png;T_Mechanical_Metalness.png,SurfaceAppearance,128,PROTO_STACK__MEC
A,A_E_03_Zakkyo_P18_VENT__MEC,CP_Mechanical,MEC,T_Mechanical_Color.png;T_Mechanical_Normal.png;T_Mechanical_Roughness.png;T_Mechanical_Metalness.png,SurfaceAppearance,44,PROTO_VENT__MEC
A,A_E_03_Zakkyo_P19_VENT__MEC,CP_Mechanical,MEC,T_Mechanical_Color.png;T_Mechanical_Normal.png;T_Mechanical_Roughness.png;T_Mechanical_Metalness.png,SurfaceAppearance,44,PROTO_VENT__MEC
A,A_E_03_Zakkyo_V01_VEND_BODY__PNL,CP_PanelMetal,PNL,T_PanelMetal_Color.png;T_PanelMetal_Normal.png;T_PanelMetal_Roughness.png;T_PanelMetal_Metalness.png,SurfaceAppearance,10,PROTO_VEND_BODY__PNL
A,A_E_03_Zakkyo_V01_VEND_FACE__SHOP_LIT,CP_SHOP_LIT,SHOP_LIT,F_SHOP_LIT.png (swatch only),"Material=Neon, Color=255,232,205 (CyberpunkConfig.NeonColors)",2,PROTO_VEND_FACE__SHOP_LIT
A,A_E_03_Zakkyo__CON,CP_ConcreteDark,CON,T_ConcreteDark_Color.png;T_ConcreteDark_Normal.png;T_ConcreteDark_Roughness.png;T_ConcreteDark_Metalness.png,SurfaceAppearance,72,
A,A_E_03_Zakkyo__GLS,CP_GlassCurtain,GLS,T_GlassCurtain_Color.png;T_GlassCurtain_Normal.png;T_GlassCurtain_Roughness.png;T_GlassCurtain_Metalness.png,SurfaceAppearance (Color/Normal/Roughness/Metalness),36,
A,A_E_03_Zakkyo__MEC,CP_Mechanical,MEC,T_Mechanical_Color.png;T_Mechanical_Normal.png;T_Mechanical_Roughness.png;T_Mechanical_Metalness.png,SurfaceAppearance,100,
A,A_E_03_Zakkyo__NEON_BLU,CP_NEON_BLU,NEON_BLU,F_NEON_BLU.png (swatch only),"Material=Neon, Color=30,95,255 (CyberpunkConfig.NeonColors)",50,
A,A_E_03_Zakkyo__NEON_CYN,CP_NEON_CYN,NEON_CYN,F_NEON_CYN.png (swatch only),"Material=Neon, Color=0,230,255 (CyberpunkConfig.NeonColors)",106,
A,A_E_03_Zakkyo__NEON_WHT,CP_NEON_WHT,NEON_WHT,F_NEON_WHT.png (swatch only),"Material=Neon, Color=215,228,255 (CyberpunkConfig.NeonColors)",36,
A,A_E_03_Zakkyo__PNL,CP_PanelMetal,PNL,T_PanelMetal_Color.png;T_PanelMetal_Normal.png;T_PanelMetal_Roughness.png;T_PanelMetal_Metalness.png,SurfaceAppearance,212,
A,A_E_03_Zakkyo__ROF,CP_RoofDeck,ROF,T_RoofDeck_Color.png;T_RoofDeck_Normal.png;T_RoofDeck_Roughness.png;T_RoofDeck_Metalness.png,SurfaceAppearance,4,
A,A_E_03_Zakkyo__SGH,CP_SignsH,SGH,signs_h.png,TextureID / SurfaceAppearance ColorMap (atlas),10,
A,A_E_03_Zakkyo__SGV,CP_SignsV,SGV,signs_v.png,TextureID / SurfaceAppearance ColorMap (atlas),12,
A,A_E_03_Zakkyo__SHOP_LIT,CP_SHOP_LIT,SHOP_LIT,F_SHOP_LIT.png (swatch only),"Material=Neon, Color=255,232,205 (CyberpunkConfig.NeonColors)",2,
A,A_E_03_Zakkyo__STL,CP_Steel,STL,T_Steel_Color.png;T_Steel_Normal.png;T_Steel_Roughness.png;T_Steel_Metalness.png,SurfaceAppearance,450,
A,A_E_03_Zakkyo__TEC,CP_TechPanel,TEC,T_TechPanel_Color.png;T_TechPanel_Normal.png;T_TechPanel_Roughness.png;T_TechPanel_Metalness.png,SurfaceAppearance,2,
A,A_E_03_Zakkyo__WIN_COL,CP_WIN_COL,WIN_COL,F_WIN_COL.png (swatch only),"Material=Neon, Color=140,195,255 (CyberpunkConfig.NeonColors)",132,
A,A_E_03_Zakkyo__WIN_VIO,CP_WIN_VIO,WIN_VIO,F_WIN_VIO.png (swatch only),"Material=Neon, Color=170,130,255 (CyberpunkConfig.NeonColors)",20,
A,A_E_04_Pencil_P01_HVAC_S__MEC,CP_Mechanical,MEC,T_Mechanical_Color.png;T_Mechanical_Normal.png;T_Mechanical_Roughness.png;T_Mechanical_Metalness.png,SurfaceAppearance,32,PROTO_HVAC_S__MEC
A,A_E_04_Pencil_P02_HVAC_L__MEC,CP_Mechanical,MEC,T_Mechanical_Color.png;T_Mechanical_Normal.png;T_Mechanical_Roughness.png;T_Mechanical_Metalness.png,SurfaceAppearance,76,PROTO_HVAC_L__MEC
A,A_E_04_Pencil_P03_DISH__MEC,CP_Mechanical,MEC,T_Mechanical_Color.png;T_Mechanical_Normal.png;T_Mechanical_Roughness.png;T_Mechanical_Metalness.png,SurfaceAppearance,22,PROTO_DISH__MEC
A,A_E_04_Pencil_P04_HVAC_L__MEC,CP_Mechanical,MEC,T_Mechanical_Color.png;T_Mechanical_Normal.png;T_Mechanical_Roughness.png;T_Mechanical_Metalness.png,SurfaceAppearance,76,PROTO_HVAC_L__MEC
A,A_E_04_Pencil__CON,CP_ConcreteDark,CON,T_ConcreteDark_Color.png;T_ConcreteDark_Normal.png;T_ConcreteDark_Roughness.png;T_ConcreteDark_Metalness.png,SurfaceAppearance,72,
A,A_E_04_Pencil__GLS,CP_GlassCurtain,GLS,T_GlassCurtain_Color.png;T_GlassCurtain_Normal.png;T_GlassCurtain_Roughness.png;T_GlassCurtain_Metalness.png,SurfaceAppearance (Color/Normal/Roughness/Metalness),2,
A,A_E_04_Pencil__MEC,CP_Mechanical,MEC,T_Mechanical_Color.png;T_Mechanical_Normal.png;T_Mechanical_Roughness.png;T_Mechanical_Metalness.png,SurfaceAppearance,100,
A,A_E_04_Pencil__NEON_MAG,CP_NEON_MAG,NEON_MAG,F_NEON_MAG.png (swatch only),"Material=Neon, Color=255,25,175 (CyberpunkConfig.NeonColors)",10,
A,A_E_04_Pencil__NEON_RED,CP_NEON_RED,NEON_RED,F_NEON_RED.png (swatch only),"Material=Neon, Color=255,32,45 (CyberpunkConfig.NeonColors)",10,
A,A_E_04_Pencil__NEON_WHT,CP_NEON_WHT,NEON_WHT,F_NEON_WHT.png (swatch only),"Material=Neon, Color=215,228,255 (CyberpunkConfig.NeonColors)",10,
A,A_E_04_Pencil__PNL,CP_PanelMetal,PNL,T_PanelMetal_Color.png;T_PanelMetal_Normal.png;T_PanelMetal_Roughness.png;T_PanelMetal_Metalness.png,SurfaceAppearance,26,
A,A_E_04_Pencil__RIB,CP_GlassRibbon,RIB,T_GlassRibbon_Color.png;T_GlassRibbon_Normal.png;T_GlassRibbon_Roughness.png;T_GlassRibbon_Metalness.png,SurfaceAppearance,6,
A,A_E_04_Pencil__ROF,CP_RoofDeck,ROF,T_RoofDeck_Color.png;T_RoofDeck_Normal.png;T_RoofDeck_Roughness.png;T_RoofDeck_Metalness.png,SurfaceAppearance,6,
A,A_E_04_Pencil__SGH,CP_SignsH,SGH,signs_h.png,TextureID / SurfaceAppearance ColorMap (atlas),2,
A,A_E_04_Pencil__SGV,CP_SignsV,SGV,signs_v.png,TextureID / SurfaceAppearance ColorMap (atlas),8,
A,A_E_04_Pencil__STL,CP_Steel,STL,T_Steel_Color.png;T_Steel_Normal.png;T_Steel_Roughness.png;T_Steel_Metalness.png,SurfaceAppearance,1026,
A,A_E_04_Pencil__WIN_COL,CP_WIN_COL,WIN_COL,F_WIN_COL.png (swatch only),"Material=Neon, Color=140,195,255 (CyberpunkConfig.NeonColors)",2,
A,A_E_04_Pencil__WIN_VIO,CP_WIN_VIO,WIN_VIO,F_WIN_VIO.png (swatch only),"Material=Neon, Color=170,130,255 (CyberpunkConfig.NeonColors)",154,
A,A_E_05_Zakkyo_P01_HVAC_S__MEC,CP_Mechanical,MEC,T_Mechanical_Color.png;T_Mechanical_Normal.png;T_Mechanical_Roughness.png;T_Mechanical_Metalness.png,SurfaceAppearance,32,PROTO_HVAC_S__MEC
A,A_E_05_Zakkyo_P02_VENT__MEC,CP_Mechanical,MEC,T_Mechanical_Color.png;T_Mechanical_Normal.png;T_Mechanical_Roughness.png;T_Mechanical_Metalness.png,SurfaceAppearance,44,PROTO_VENT__MEC
A,A_E_05_Zakkyo_P03_STACK__MEC,CP_Mechanical,MEC,T_Mechanical_Color.png;T_Mechanical_Normal.png;T_Mechanical_Roughness.png;T_Mechanical_Metalness.png,SurfaceAppearance,128,PROTO_STACK__MEC
A,A_E_05_Zakkyo_P04_TANK__MEC,CP_Mechanical,MEC,T_Mechanical_Color.png;T_Mechanical_Normal.png;T_Mechanical_Roughness.png;T_Mechanical_Metalness.png,SurfaceAppearance,84,PROTO_TANK__MEC
A,A_E_05_Zakkyo_P05_DISH__MEC,CP_Mechanical,MEC,T_Mechanical_Color.png;T_Mechanical_Normal.png;T_Mechanical_Roughness.png;T_Mechanical_Metalness.png,SurfaceAppearance,22,PROTO_DISH__MEC
A,A_E_05_Zakkyo_P06_HVAC_S__MEC,CP_Mechanical,MEC,T_Mechanical_Color.png;T_Mechanical_Normal.png;T_Mechanical_Roughness.png;T_Mechanical_Metalness.png,SurfaceAppearance,32,PROTO_HVAC_S__MEC
A,A_E_05_Zakkyo_P07_GEN__MEC,CP_Mechanical,MEC,T_Mechanical_Color.png;T_Mechanical_Normal.png;T_Mechanical_Roughness.png;T_Mechanical_Metalness.png,SurfaceAppearance,70,PROTO_GEN__MEC
A,A_E_05_Zakkyo_P08_HVAC_S__MEC,CP_Mechanical,MEC,T_Mechanical_Color.png;T_Mechanical_Normal.png;T_Mechanical_Roughness.png;T_Mechanical_Metalness.png,SurfaceAppearance,32,PROTO_HVAC_S__MEC
A,A_E_05_Zakkyo_P09_VENT__MEC,CP_Mechanical,MEC,T_Mechanical_Color.png;T_Mechanical_Normal.png;T_Mechanical_Roughness.png;T_Mechanical_Metalness.png,SurfaceAppearance,44,PROTO_VENT__MEC
A,A_E_05_Zakkyo_P10_HVAC_L__MEC,CP_Mechanical,MEC,T_Mechanical_Color.png;T_Mechanical_Normal.png;T_Mechanical_Roughness.png;T_Mechanical_Metalness.png,SurfaceAppearance,76,PROTO_HVAC_L__MEC
A,A_E_05_Zakkyo_P11_FANBOX__MEC,CP_Mechanical,MEC,T_Mechanical_Color.png;T_Mechanical_Normal.png;T_Mechanical_Roughness.png;T_Mechanical_Metalness.png,SurfaceAppearance,50,PROTO_FANBOX__MEC
A,A_E_05_Zakkyo_P12_VENT__MEC,CP_Mechanical,MEC,T_Mechanical_Color.png;T_Mechanical_Normal.png;T_Mechanical_Roughness.png;T_Mechanical_Metalness.png,SurfaceAppearance,44,PROTO_VENT__MEC
A,A_E_05_Zakkyo_P13_STACK__MEC,CP_Mechanical,MEC,T_Mechanical_Color.png;T_Mechanical_Normal.png;T_Mechanical_Roughness.png;T_Mechanical_Metalness.png,SurfaceAppearance,128,PROTO_STACK__MEC
A,A_E_05_Zakkyo_P14_HVAC_S__MEC,CP_Mechanical,MEC,T_Mechanical_Color.png;T_Mechanical_Normal.png;T_Mechanical_Roughness.png;T_Mechanical_Metalness.png,SurfaceAppearance,32,PROTO_HVAC_S__MEC
A,A_E_05_Zakkyo__CON,CP_ConcreteDark,CON,T_ConcreteDark_Color.png;T_ConcreteDark_Normal.png;T_ConcreteDark_Roughness.png;T_ConcreteDark_Metalness.png,SurfaceAppearance,110,
A,A_E_05_Zakkyo__GLS,CP_GlassCurtain,GLS,T_GlassCurtain_Color.png;T_GlassCurtain_Normal.png;T_GlassCurtain_Roughness.png;T_GlassCurtain_Metalness.png,SurfaceAppearance (Color/Normal/Roughness/Metalness),36,
A,A_E_05_Zakkyo__MEC,CP_Mechanical,MEC,T_Mechanical_Color.png;T_Mechanical_Normal.png;T_Mechanical_Roughness.png;T_Mechanical_Metalness.png,SurfaceAppearance,160,
A,A_E_05_Zakkyo__NEON_CYN,CP_NEON_CYN,NEON_CYN,F_NEON_CYN.png (swatch only),"Material=Neon, Color=0,230,255 (CyberpunkConfig.NeonColors)",140,
A,A_E_05_Zakkyo__NEON_MAG,CP_NEON_MAG,NEON_MAG,F_NEON_MAG.png (swatch only),"Material=Neon, Color=255,25,175 (CyberpunkConfig.NeonColors)",20,
A,A_E_05_Zakkyo__NEON_RED,CP_NEON_RED,NEON_RED,F_NEON_RED.png (swatch only),"Material=Neon, Color=255,32,45 (CyberpunkConfig.NeonColors)",42,
A,A_E_05_Zakkyo__NEON_WHT,CP_NEON_WHT,NEON_WHT,F_NEON_WHT.png (swatch only),"Material=Neon, Color=215,228,255 (CyberpunkConfig.NeonColors)",80,
A,A_E_05_Zakkyo__PNL,CP_PanelMetal,PNL,T_PanelMetal_Color.png;T_PanelMetal_Normal.png;T_PanelMetal_Roughness.png;T_PanelMetal_Metalness.png,SurfaceAppearance,222,
A,A_E_05_Zakkyo__ROF,CP_RoofDeck,ROF,T_RoofDeck_Color.png;T_RoofDeck_Normal.png;T_RoofDeck_Roughness.png;T_RoofDeck_Metalness.png,SurfaceAppearance,12,
A,A_E_05_Zakkyo__SGH,CP_SignsH,SGH,signs_h.png,TextureID / SurfaceAppearance ColorMap (atlas),16,
A,A_E_05_Zakkyo__SGV,CP_SignsV,SGV,signs_v.png,TextureID / SurfaceAppearance ColorMap (atlas),12,
A,A_E_05_Zakkyo__STL,CP_Steel,STL,T_Steel_Color.png;T_Steel_Normal.png;T_Steel_Roughness.png;T_Steel_Metalness.png,SurfaceAppearance,528,
A,A_E_05_Zakkyo__WIN_COL,CP_WIN_COL,WIN_COL,F_WIN_COL.png (swatch only),"Material=Neon, Color=140,195,255 (CyberpunkConfig.NeonColors)",26,
A,A_E_05_Zakkyo__WIN_VIO,CP_WIN_VIO,WIN_VIO,F_WIN_VIO.png (swatch only),"Material=Neon, Color=170,130,255 (CyberpunkConfig.NeonColors)",136,
A,A_E_05_Zakkyo__WIN_WRM,CP_WIN_WRM,WIN_WRM,F_WIN_WRM.png (swatch only),"Material=Neon, Color=255,190,125 (CyberpunkConfig.NeonColors)",2,
A,A_E_06_Louver_P01_TANK__MEC,CP_Mechanical,MEC,T_Mechanical_Color.png;T_Mechanical_Normal.png;T_Mechanical_Roughness.png;T_Mechanical_Metalness.png,SurfaceAppearance,84,PROTO_TANK__MEC
A,A_E_06_Louver_P02_VENT__MEC,CP_Mechanical,MEC,T_Mechanical_Color.png;T_Mechanical_Normal.png;T_Mechanical_Roughness.png;T_Mechanical_Metalness.png,SurfaceAppearance,44,PROTO_VENT__MEC
A,A_E_06_Louver_P03_FANBOX__MEC,CP_Mechanical,MEC,T_Mechanical_Color.png;T_Mechanical_Normal.png;T_Mechanical_Roughness.png;T_Mechanical_Metalness.png,SurfaceAppearance,50,PROTO_FANBOX__MEC
A,A_E_06_Louver_P04_TANK__MEC,CP_Mechanical,MEC,T_Mechanical_Color.png;T_Mechanical_Normal.png;T_Mechanical_Roughness.png;T_Mechanical_Metalness.png,SurfaceAppearance,84,PROTO_TANK__MEC
A,A_E_06_Louver_P05_VENT__MEC,CP_Mechanical,MEC,T_Mechanical_Color.png;T_Mechanical_Normal.png;T_Mechanical_Roughness.png;T_Mechanical_Metalness.png,SurfaceAppearance,44,PROTO_VENT__MEC
A,A_E_06_Louver_P06_HVAC_L__MEC,CP_Mechanical,MEC,T_Mechanical_Color.png;T_Mechanical_Normal.png;T_Mechanical_Roughness.png;T_Mechanical_Metalness.png,SurfaceAppearance,76,PROTO_HVAC_L__MEC
A,A_E_06_Louver_P07_DISH__MEC,CP_Mechanical,MEC,T_Mechanical_Color.png;T_Mechanical_Normal.png;T_Mechanical_Roughness.png;T_Mechanical_Metalness.png,SurfaceAppearance,22,PROTO_DISH__MEC
A,A_E_06_Louver_P08_HVAC_L__MEC,CP_Mechanical,MEC,T_Mechanical_Color.png;T_Mechanical_Normal.png;T_Mechanical_Roughness.png;T_Mechanical_Metalness.png,SurfaceAppearance,76,PROTO_HVAC_L__MEC
A,A_E_06_Louver_P09_VENT__MEC,CP_Mechanical,MEC,T_Mechanical_Color.png;T_Mechanical_Normal.png;T_Mechanical_Roughness.png;T_Mechanical_Metalness.png,SurfaceAppearance,44,PROTO_VENT__MEC
A,A_E_06_Louver_P10_HVAC_S__MEC,CP_Mechanical,MEC,T_Mechanical_Color.png;T_Mechanical_Normal.png;T_Mechanical_Roughness.png;T_Mechanical_Metalness.png,SurfaceAppearance,32,PROTO_HVAC_S__MEC
A,A_E_06_Louver_P11_HVAC_S__MEC,CP_Mechanical,MEC,T_Mechanical_Color.png;T_Mechanical_Normal.png;T_Mechanical_Roughness.png;T_Mechanical_Metalness.png,SurfaceAppearance,32,PROTO_HVAC_S__MEC
A,A_E_06_Louver__CON,CP_ConcreteDark,CON,T_ConcreteDark_Color.png;T_ConcreteDark_Normal.png;T_ConcreteDark_Roughness.png;T_ConcreteDark_Metalness.png,SurfaceAppearance,82,
A,A_E_06_Louver__GLS,CP_GlassCurtain,GLS,T_GlassCurtain_Color.png;T_GlassCurtain_Normal.png;T_GlassCurtain_Roughness.png;T_GlassCurtain_Metalness.png,SurfaceAppearance (Color/Normal/Roughness/Metalness),2,
A,A_E_06_Louver__MEC,CP_Mechanical,MEC,T_Mechanical_Color.png;T_Mechanical_Normal.png;T_Mechanical_Roughness.png;T_Mechanical_Metalness.png,SurfaceAppearance,40,
A,A_E_06_Louver__NEON_CYN,CP_NEON_CYN,NEON_CYN,F_NEON_CYN.png (swatch only),"Material=Neon, Color=0,230,255 (CyberpunkConfig.NeonColors)",60,
A,A_E_06_Louver__NEON_MAG,CP_NEON_MAG,NEON_MAG,F_NEON_MAG.png (swatch only),"Material=Neon, Color=255,25,175 (CyberpunkConfig.NeonColors)",30,
A,A_E_06_Louver__NEON_WHT,CP_NEON_WHT,NEON_WHT,F_NEON_WHT.png (swatch only),"Material=Neon, Color=215,228,255 (CyberpunkConfig.NeonColors)",80,
A,A_E_06_Louver__PNL,CP_PanelMetal,PNL,T_PanelMetal_Color.png;T_PanelMetal_Normal.png;T_PanelMetal_Roughness.png;T_PanelMetal_Metalness.png,SurfaceAppearance,72,
A,A_E_06_Louver__RIB,CP_GlassRibbon,RIB,T_GlassRibbon_Color.png;T_GlassRibbon_Normal.png;T_GlassRibbon_Roughness.png;T_GlassRibbon_Metalness.png,SurfaceAppearance,2,
A,A_E_06_Louver__ROF,CP_RoofDeck,ROF,T_RoofDeck_Color.png;T_RoofDeck_Normal.png;T_RoofDeck_Roughness.png;T_RoofDeck_Metalness.png,SurfaceAppearance,10,
A,A_E_06_Louver__SGH,CP_SignsH,SGH,signs_h.png,TextureID / SurfaceAppearance ColorMap (atlas),12,
A,A_E_06_Louver__SGV,CP_SignsV,SGV,signs_v.png,TextureID / SurfaceAppearance ColorMap (atlas),18,
A,A_E_06_Louver__STL,CP_Steel,STL,T_Steel_Color.png;T_Steel_Normal.png;T_Steel_Roughness.png;T_Steel_Metalness.png,SurfaceAppearance,1234,
A,A_E_06_Louver__WIN_COL,CP_WIN_COL,WIN_COL,F_WIN_COL.png (swatch only),"Material=Neon, Color=140,195,255 (CyberpunkConfig.NeonColors)",134,
A,A_E_06_Louver__WIN_WRM,CP_WIN_WRM,WIN_WRM,F_WIN_WRM.png (swatch only),"Material=Neon, Color=255,190,125 (CyberpunkConfig.NeonColors)",2,
A,A_E_07_Arcade_P02_TANK__MEC,CP_Mechanical,MEC,T_Mechanical_Color.png;T_Mechanical_Normal.png;T_Mechanical_Roughness.png;T_Mechanical_Metalness.png,SurfaceAppearance,84,PROTO_TANK__MEC
A,A_E_07_Arcade_P03_DISH__MEC,CP_Mechanical,MEC,T_Mechanical_Color.png;T_Mechanical_Normal.png;T_Mechanical_Roughness.png;T_Mechanical_Metalness.png,SurfaceAppearance,22,PROTO_DISH__MEC
A,A_E_07_Arcade_P04_HVAC_S__MEC,CP_Mechanical,MEC,T_Mechanical_Color.png;T_Mechanical_Normal.png;T_Mechanical_Roughness.png;T_Mechanical_Metalness.png,SurfaceAppearance,32,PROTO_HVAC_S__MEC
A,A_E_07_Arcade_P05_VENT__MEC,CP_Mechanical,MEC,T_Mechanical_Color.png;T_Mechanical_Normal.png;T_Mechanical_Roughness.png;T_Mechanical_Metalness.png,SurfaceAppearance,44,PROTO_VENT__MEC
A,A_E_07_Arcade_P06_TANK__MEC,CP_Mechanical,MEC,T_Mechanical_Color.png;T_Mechanical_Normal.png;T_Mechanical_Roughness.png;T_Mechanical_Metalness.png,SurfaceAppearance,84,PROTO_TANK__MEC
A,A_E_07_Arcade_P07_DISH__MEC,CP_Mechanical,MEC,T_Mechanical_Color.png;T_Mechanical_Normal.png;T_Mechanical_Roughness.png;T_Mechanical_Metalness.png,SurfaceAppearance,22,PROTO_DISH__MEC
A,A_E_07_Arcade_P08_HVAC_L__MEC,CP_Mechanical,MEC,T_Mechanical_Color.png;T_Mechanical_Normal.png;T_Mechanical_Roughness.png;T_Mechanical_Metalness.png,SurfaceAppearance,76,PROTO_HVAC_L__MEC
A,A_E_07_Arcade_P09_HVAC_S__MEC,CP_Mechanical,MEC,T_Mechanical_Color.png;T_Mechanical_Normal.png;T_Mechanical_Roughness.png;T_Mechanical_Metalness.png,SurfaceAppearance,32,PROTO_HVAC_S__MEC
A,A_E_07_Arcade_P10_VENT__MEC,CP_Mechanical,MEC,T_Mechanical_Color.png;T_Mechanical_Normal.png;T_Mechanical_Roughness.png;T_Mechanical_Metalness.png,SurfaceAppearance,44,PROTO_VENT__MEC
A,A_E_07_Arcade_P11_FANBOX__MEC,CP_Mechanical,MEC,T_Mechanical_Color.png;T_Mechanical_Normal.png;T_Mechanical_Roughness.png;T_Mechanical_Metalness.png,SurfaceAppearance,50,PROTO_FANBOX__MEC
A,A_E_07_Arcade_V01_VEND_BODY__PNL,CP_PanelMetal,PNL,T_PanelMetal_Color.png;T_PanelMetal_Normal.png;T_PanelMetal_Roughness.png;T_PanelMetal_Metalness.png,SurfaceAppearance,10,PROTO_VEND_BODY__PNL
A,A_E_07_Arcade_V01_VEND_FACE__SHOP_LIT,CP_SHOP_LIT,SHOP_LIT,F_SHOP_LIT.png (swatch only),"Material=Neon, Color=255,232,205 (CyberpunkConfig.NeonColors)",2,PROTO_VEND_FACE__SHOP_LIT
A,A_E_07_Arcade__CON,CP_ConcreteDark,CON,T_ConcreteDark_Color.png;T_ConcreteDark_Normal.png;T_ConcreteDark_Roughness.png;T_ConcreteDark_Metalness.png,SurfaceAppearance,136,
A,A_E_07_Arcade__MEC,CP_Mechanical,MEC,T_Mechanical_Color.png;T_Mechanical_Normal.png;T_Mechanical_Roughness.png;T_Mechanical_Metalness.png,SurfaceAppearance,60,
A,A_E_07_Arcade__NEON_AMB,CP_NEON_AMB,NEON_AMB,F_NEON_AMB.png (swatch only),"Material=Neon, Color=255,150,25 (CyberpunkConfig.NeonColors)",58,
A,A_E_07_Arcade__NEON_BLU,CP_NEON_BLU,NEON_BLU,F_NEON_BLU.png (swatch only),"Material=Neon, Color=30,95,255 (CyberpunkConfig.NeonColors)",140,
A,A_E_07_Arcade__NEON_CYN,CP_NEON_CYN,NEON_CYN,F_NEON_CYN.png (swatch only),"Material=Neon, Color=0,230,255 (CyberpunkConfig.NeonColors)",50,
A,A_E_07_Arcade__NEON_RED,CP_NEON_RED,NEON_RED,F_NEON_RED.png (swatch only),"Material=Neon, Color=255,32,45 (CyberpunkConfig.NeonColors)",48,
A,A_E_07_Arcade__PNL,CP_PanelMetal,PNL,T_PanelMetal_Color.png;T_PanelMetal_Normal.png;T_PanelMetal_Roughness.png;T_PanelMetal_Metalness.png,SurfaceAppearance,74,
A,A_E_07_Arcade__RIB,CP_GlassRibbon,RIB,T_GlassRibbon_Color.png;T_GlassRibbon_Normal.png;T_GlassRibbon_Roughness.png;T_GlassRibbon_Metalness.png,SurfaceAppearance,2,
A,A_E_07_Arcade__ROF,CP_RoofDeck,ROF,T_RoofDeck_Color.png;T_RoofDeck_Normal.png;T_RoofDeck_Roughness.png;T_RoofDeck_Metalness.png,SurfaceAppearance,4,
A,A_E_07_Arcade__SGH,CP_SignsH,SGH,signs_h.png,TextureID / SurfaceAppearance ColorMap (atlas),8,
A,A_E_07_Arcade__SGV,CP_SignsV,SGV,signs_v.png,TextureID / SurfaceAppearance ColorMap (atlas),8,
A,A_E_07_Arcade__STL,CP_Steel,STL,T_Steel_Color.png;T_Steel_Normal.png;T_Steel_Roughness.png;T_Steel_Metalness.png,SurfaceAppearance,630,
A,A_E_07_Arcade__TEC,CP_TechPanel,TEC,T_TechPanel_Color.png;T_TechPanel_Normal.png;T_TechPanel_Roughness.png;T_TechPanel_Metalness.png,SurfaceAppearance,8,
A,A_E_07_Arcade__WIN_COL,CP_WIN_COL,WIN_COL,F_WIN_COL.png (swatch only),"Material=Neon, Color=140,195,255 (CyberpunkConfig.NeonColors)",24,
A,A_E_07_Arcade__WIN_PNK,CP_WIN_PNK,WIN_PNK,F_WIN_PNK.png (swatch only),"Material=Neon, Color=255,120,200 (CyberpunkConfig.NeonColors)",2,
A,A_E_07_Arcade__WIN_WRM,CP_WIN_WRM,WIN_WRM,F_WIN_WRM.png (swatch only),"Material=Neon, Color=255,190,125 (CyberpunkConfig.NeonColors)",126,
A,A_E_08_Zakkyo_P01_GEN__MEC,CP_Mechanical,MEC,T_Mechanical_Color.png;T_Mechanical_Normal.png;T_Mechanical_Roughness.png;T_Mechanical_Metalness.png,SurfaceAppearance,70,PROTO_GEN__MEC
A,A_E_08_Zakkyo_P02_COOL__MEC,CP_Mechanical,MEC,T_Mechanical_Color.png;T_Mechanical_Normal.png;T_Mechanical_Roughness.png;T_Mechanical_Metalness.png,SurfaceAppearance,66,PROTO_COOL__MEC
A,A_E_08_Zakkyo_P03_VENT__MEC,CP_Mechanical,MEC,T_Mechanical_Color.png;T_Mechanical_Normal.png;T_Mechanical_Roughness.png;T_Mechanical_Metalness.png,SurfaceAppearance,44,PROTO_VENT__MEC
A,A_E_08_Zakkyo_P04_HVAC_S__MEC,CP_Mechanical,MEC,T_Mechanical_Color.png;T_Mechanical_Normal.png;T_Mechanical_Roughness.png;T_Mechanical_Metalness.png,SurfaceAppearance,32,PROTO_HVAC_S__MEC
A,A_E_08_Zakkyo_P05_VENT__MEC,CP_Mechanical,MEC,T_Mechanical_Color.png;T_Mechanical_Normal.png;T_Mechanical_Roughness.png;T_Mechanical_Metalness.png,SurfaceAppearance,44,PROTO_VENT__MEC
A,A_E_08_Zakkyo_P06_STACK__MEC,CP_Mechanical,MEC,T_Mechanical_Color.png;T_Mechanical_Normal.png;T_Mechanical_Roughness.png;T_Mechanical_Metalness.png,SurfaceAppearance,128,PROTO_STACK__MEC
A,A_E_08_Zakkyo_P07_GEN__MEC,CP_Mechanical,MEC,T_Mechanical_Color.png;T_Mechanical_Normal.png;T_Mechanical_Roughness.png;T_Mechanical_Metalness.png,SurfaceAppearance,70,PROTO_GEN__MEC
A,A_E_08_Zakkyo_P08_DISH__MEC,CP_Mechanical,MEC,T_Mechanical_Color.png;T_Mechanical_Normal.png;T_Mechanical_Roughness.png;T_Mechanical_Metalness.png,SurfaceAppearance,22,PROTO_DISH__MEC
A,A_E_08_Zakkyo_P09_VENT__MEC,CP_Mechanical,MEC,T_Mechanical_Color.png;T_Mechanical_Normal.png;T_Mechanical_Roughness.png;T_Mechanical_Metalness.png,SurfaceAppearance,44,PROTO_VENT__MEC
A,A_E_08_Zakkyo_P10_VENT__MEC,CP_Mechanical,MEC,T_Mechanical_Color.png;T_Mechanical_Normal.png;T_Mechanical_Roughness.png;T_Mechanical_Metalness.png,SurfaceAppearance,44,PROTO_VENT__MEC
A,A_E_08_Zakkyo_P11_VENT__MEC,CP_Mechanical,MEC,T_Mechanical_Color.png;T_Mechanical_Normal.png;T_Mechanical_Roughness.png;T_Mechanical_Metalness.png,SurfaceAppearance,44,PROTO_VENT__MEC
A,A_E_08_Zakkyo_P12_HVAC_S__MEC,CP_Mechanical,MEC,T_Mechanical_Color.png;T_Mechanical_Normal.png;T_Mechanical_Roughness.png;T_Mechanical_Metalness.png,SurfaceAppearance,32,PROTO_HVAC_S__MEC
A,A_E_08_Zakkyo__CON,CP_ConcreteDark,CON,T_ConcreteDark_Color.png;T_ConcreteDark_Normal.png;T_ConcreteDark_Roughness.png;T_ConcreteDark_Metalness.png,SurfaceAppearance,100,
A,A_E_08_Zakkyo__GLS,CP_GlassCurtain,GLS,T_GlassCurtain_Color.png;T_GlassCurtain_Normal.png;T_GlassCurtain_Roughness.png;T_GlassCurtain_Metalness.png,SurfaceAppearance (Color/Normal/Roughness/Metalness),10,
A,A_E_08_Zakkyo__MEC,CP_Mechanical,MEC,T_Mechanical_Color.png;T_Mechanical_Normal.png;T_Mechanical_Roughness.png;T_Mechanical_Metalness.png,SurfaceAppearance,164,
A,A_E_08_Zakkyo__NEON_AMB,CP_NEON_AMB,NEON_AMB,F_NEON_AMB.png (swatch only),"Material=Neon, Color=255,150,25 (CyberpunkConfig.NeonColors)",12,
A,A_E_08_Zakkyo__NEON_BLU,CP_NEON_BLU,NEON_BLU,F_NEON_BLU.png (swatch only),"Material=Neon, Color=30,95,255 (CyberpunkConfig.NeonColors)",86,
A,A_E_08_Zakkyo__NEON_MAG,CP_NEON_MAG,NEON_MAG,F_NEON_MAG.png (swatch only),"Material=Neon, Color=255,25,175 (CyberpunkConfig.NeonColors)",20,
A,A_E_08_Zakkyo__NEON_RED,CP_NEON_RED,NEON_RED,F_NEON_RED.png (swatch only),"Material=Neon, Color=255,32,45 (CyberpunkConfig.NeonColors)",32,
A,A_E_08_Zakkyo__PNL,CP_PanelMetal,PNL,T_PanelMetal_Color.png;T_PanelMetal_Normal.png;T_PanelMetal_Roughness.png;T_PanelMetal_Metalness.png,SurfaceAppearance,82,
A,A_E_08_Zakkyo__RIB,CP_GlassRibbon,RIB,T_GlassRibbon_Color.png;T_GlassRibbon_Normal.png;T_GlassRibbon_Roughness.png;T_GlassRibbon_Metalness.png,SurfaceAppearance,8,
A,A_E_08_Zakkyo__ROF,CP_RoofDeck,ROF,T_RoofDeck_Color.png;T_RoofDeck_Normal.png;T_RoofDeck_Roughness.png;T_RoofDeck_Metalness.png,SurfaceAppearance,6,
A,A_E_08_Zakkyo__SGH,CP_SignsH,SGH,signs_h.png,TextureID / SurfaceAppearance ColorMap (atlas),14,
A,A_E_08_Zakkyo__SGV,CP_SignsV,SGV,signs_v.png,TextureID / SurfaceAppearance ColorMap (atlas),12,
A,A_E_08_Zakkyo__SHOP_LIT,CP_SHOP_LIT,SHOP_LIT,F_SHOP_LIT.png (swatch only),"Material=Neon, Color=255,232,205 (CyberpunkConfig.NeonColors)",2,
A,A_E_08_Zakkyo__STL,CP_Steel,STL,T_Steel_Color.png;T_Steel_Normal.png;T_Steel_Roughness.png;T_Steel_Metalness.png,SurfaceAppearance,782,
A,A_E_08_Zakkyo__WIN_VIO,CP_WIN_VIO,WIN_VIO,F_WIN_VIO.png (swatch only),"Material=Neon, Color=170,130,255 (CyberpunkConfig.NeonColors)",2,
A,A_E_08_Zakkyo__WIN_WRM,CP_WIN_WRM,WIN_WRM,F_WIN_WRM.png (swatch only),"Material=Neon, Color=255,190,125 (CyberpunkConfig.NeonColors)",180,
A,A_E_09_Zakkyo_P01_FANBOX__MEC,CP_Mechanical,MEC,T_Mechanical_Color.png;T_Mechanical_Normal.png;T_Mechanical_Roughness.png;T_Mechanical_Metalness.png,SurfaceAppearance,50,PROTO_FANBOX__MEC
A,A_E_09_Zakkyo_P02_STACK__MEC,CP_Mechanical,MEC,T_Mechanical_Color.png;T_Mechanical_Normal.png;T_Mechanical_Roughness.png;T_Mechanical_Metalness.png,SurfaceAppearance,128,PROTO_STACK__MEC
A,A_E_09_Zakkyo_P03_HVAC_L__MEC,CP_Mechanical,MEC,T_Mechanical_Color.png;T_Mechanical_Normal.png;T_Mechanical_Roughness.png;T_Mechanical_Metalness.png,SurfaceAppearance,76,PROTO_HVAC_L__MEC
A,A_E_09_Zakkyo_P04_VENT__MEC,CP_Mechanical,MEC,T_Mechanical_Color.png;T_Mechanical_Normal.png;T_Mechanical_Roughness.png;T_Mechanical_Metalness.png,SurfaceAppearance,44,PROTO_VENT__MEC
A,A_E_09_Zakkyo_P05_VENT__MEC,CP_Mechanical,MEC,T_Mechanical_Color.png;T_Mechanical_Normal.png;T_Mechanical_Roughness.png;T_Mechanical_Metalness.png,SurfaceAppearance,44,PROTO_VENT__MEC
A,A_E_09_Zakkyo_P06_HVAC_S__MEC,CP_Mechanical,MEC,T_Mechanical_Color.png;T_Mechanical_Normal.png;T_Mechanical_Roughness.png;T_Mechanical_Metalness.png,SurfaceAppearance,32,PROTO_HVAC_S__MEC
A,A_E_09_Zakkyo_P07_HVAC_S__MEC,CP_Mechanical,MEC,T_Mechanical_Color.png;T_Mechanical_Normal.png;T_Mechanical_Roughness.png;T_Mechanical_Metalness.png,SurfaceAppearance,32,PROTO_HVAC_S__MEC
A,A_E_09_Zakkyo_P08_VENT__MEC,CP_Mechanical,MEC,T_Mechanical_Color.png;T_Mechanical_Normal.png;T_Mechanical_Roughness.png;T_Mechanical_Metalness.png,SurfaceAppearance,44,PROTO_VENT__MEC
A,A_E_09_Zakkyo_P09_VENT__MEC,CP_Mechanical,MEC,T_Mechanical_Color.png;T_Mechanical_Normal.png;T_Mechanical_Roughness.png;T_Mechanical_Metalness.png,SurfaceAppearance,44,PROTO_VENT__MEC
A,A_E_09_Zakkyo__CON,CP_ConcreteDark,CON,T_ConcreteDark_Color.png;T_ConcreteDark_Normal.png;T_ConcreteDark_Roughness.png;T_ConcreteDark_Metalness.png,SurfaceAppearance,80,
A,A_E_09_Zakkyo__GLS,CP_GlassCurtain,GLS,T_GlassCurtain_Color.png;T_GlassCurtain_Normal.png;T_GlassCurtain_Roughness.png;T_GlassCurtain_Metalness.png,SurfaceAppearance (Color/Normal/Roughness/Metalness),8,
A,A_E_09_Zakkyo__MEC,CP_Mechanical,MEC,T_Mechanical_Color.png;T_Mechanical_Normal.png;T_Mechanical_Roughness.png;T_Mechanical_Metalness.png,SurfaceAppearance,40,
A,A_E_09_Zakkyo__NEON_AMB,CP_NEON_AMB,NEON_AMB,F_NEON_AMB.png (swatch only),"Material=Neon, Color=255,150,25 (CyberpunkConfig.NeonColors)",12,
A,A_E_09_Zakkyo__NEON_BLU,CP_NEON_BLU,NEON_BLU,F_NEON_BLU.png (swatch only),"Material=Neon, Color=30,95,255 (CyberpunkConfig.NeonColors)",10,
A,A_E_09_Zakkyo__NEON_CYN,CP_NEON_CYN,NEON_CYN,F_NEON_CYN.png (swatch only),"Material=Neon, Color=0,230,255 (CyberpunkConfig.NeonColors)",20,
A,A_E_09_Zakkyo__NEON_RED,CP_NEON_RED,NEON_RED,F_NEON_RED.png (swatch only),"Material=Neon, Color=255,32,45 (CyberpunkConfig.NeonColors)",54,
A,A_E_09_Zakkyo__PNL,CP_PanelMetal,PNL,T_PanelMetal_Color.png;T_PanelMetal_Normal.png;T_PanelMetal_Roughness.png;T_PanelMetal_Metalness.png,SurfaceAppearance,66,
A,A_E_09_Zakkyo__ROF,CP_RoofDeck,ROF,T_RoofDeck_Color.png;T_RoofDeck_Normal.png;T_RoofDeck_Roughness.png;T_RoofDeck_Metalness.png,SurfaceAppearance,8,
A,A_E_09_Zakkyo__SGH,CP_SignsH,SGH,signs_h.png,TextureID / SurfaceAppearance ColorMap (atlas),16,
A,A_E_09_Zakkyo__SGV,CP_SignsV,SGV,signs_v.png,TextureID / SurfaceAppearance ColorMap (atlas),10,
A,A_E_09_Zakkyo__SHOP_LIT,CP_SHOP_LIT,SHOP_LIT,F_SHOP_LIT.png (swatch only),"Material=Neon, Color=255,232,205 (CyberpunkConfig.NeonColors)",2,
A,A_E_09_Zakkyo__STL,CP_Steel,STL,T_Steel_Color.png;T_Steel_Normal.png;T_Steel_Roughness.png;T_Steel_Metalness.png,SurfaceAppearance,898,
A,A_E_09_Zakkyo__TEC,CP_TechPanel,TEC,T_TechPanel_Color.png;T_TechPanel_Normal.png;T_TechPanel_Roughness.png;T_TechPanel_Metalness.png,SurfaceAppearance,10,
A,A_E_09_Zakkyo__WIN_COL,CP_WIN_COL,WIN_COL,F_WIN_COL.png (swatch only),"Material=Neon, Color=140,195,255 (CyberpunkConfig.NeonColors)",2,
A,A_E_09_Zakkyo__WIN_WRM,CP_WIN_WRM,WIN_WRM,F_WIN_WRM.png (swatch only),"Material=Neon, Color=255,190,125 (CyberpunkConfig.NeonColors)",116,
A,A_E_10_Zakkyo_P01_HVAC_L__MEC,CP_Mechanical,MEC,T_Mechanical_Color.png;T_Mechanical_Normal.png;T_Mechanical_Roughness.png;T_Mechanical_Metalness.png,SurfaceAppearance,76,PROTO_HVAC_L__MEC
A,A_E_10_Zakkyo_P02_HVAC_S__MEC,CP_Mechanical,MEC,T_Mechanical_Color.png;T_Mechanical_Normal.png;T_Mechanical_Roughness.png;T_Mechanical_Metalness.png,SurfaceAppearance,32,PROTO_HVAC_S__MEC
A,A_E_10_Zakkyo_P03_VENT__MEC,CP_Mechanical,MEC,T_Mechanical_Color.png;T_Mechanical_Normal.png;T_Mechanical_Roughness.png;T_Mechanical_Metalness.png,SurfaceAppearance,44,PROTO_VENT__MEC
A,A_E_10_Zakkyo_P04_HVAC_S__MEC,CP_Mechanical,MEC,T_Mechanical_Color.png;T_Mechanical_Normal.png;T_Mechanical_Roughness.png;T_Mechanical_Metalness.png,SurfaceAppearance,32,PROTO_HVAC_S__MEC
A,A_E_10_Zakkyo_P05_VENT__MEC,CP_Mechanical,MEC,T_Mechanical_Color.png;T_Mechanical_Normal.png;T_Mechanical_Roughness.png;T_Mechanical_Metalness.png,SurfaceAppearance,44,PROTO_VENT__MEC
A,A_E_10_Zakkyo_P06_VENT__MEC,CP_Mechanical,MEC,T_Mechanical_Color.png;T_Mechanical_Normal.png;T_Mechanical_Roughness.png;T_Mechanical_Metalness.png,SurfaceAppearance,44,PROTO_VENT__MEC
A,A_E_10_Zakkyo_P07_VENT__MEC,CP_Mechanical,MEC,T_Mechanical_Color.png;T_Mechanical_Normal.png;T_Mechanical_Roughness.png;T_Mechanical_Metalness.png,SurfaceAppearance,44,PROTO_VENT__MEC
A,A_E_10_Zakkyo_P08_COOL__MEC,CP_Mechanical,MEC,T_Mechanical_Color.png;T_Mechanical_Normal.png;T_Mechanical_Roughness.png;T_Mechanical_Metalness.png,SurfaceAppearance,66,PROTO_COOL__MEC
A,A_E_10_Zakkyo_P09_COOL__MEC,CP_Mechanical,MEC,T_Mechanical_Color.png;T_Mechanical_Normal.png;T_Mechanical_Roughness.png;T_Mechanical_Metalness.png,SurfaceAppearance,66,PROTO_COOL__MEC
A,A_E_10_Zakkyo_P10_GEN__MEC,CP_Mechanical,MEC,T_Mechanical_Color.png;T_Mechanical_Normal.png;T_Mechanical_Roughness.png;T_Mechanical_Metalness.png,SurfaceAppearance,70,PROTO_GEN__MEC
A,A_E_10_Zakkyo_P11_VENT__MEC,CP_Mechanical,MEC,T_Mechanical_Color.png;T_Mechanical_Normal.png;T_Mechanical_Roughness.png;T_Mechanical_Metalness.png,SurfaceAppearance,44,PROTO_VENT__MEC
A,A_E_10_Zakkyo__CON,CP_ConcreteDark,CON,T_ConcreteDark_Color.png;T_ConcreteDark_Normal.png;T_ConcreteDark_Roughness.png;T_ConcreteDark_Metalness.png,SurfaceAppearance,102,
A,A_E_10_Zakkyo__GLS,CP_GlassCurtain,GLS,T_GlassCurtain_Color.png;T_GlassCurtain_Normal.png;T_GlassCurtain_Roughness.png;T_GlassCurtain_Metalness.png,SurfaceAppearance (Color/Normal/Roughness/Metalness),30,
A,A_E_10_Zakkyo__MEC,CP_Mechanical,MEC,T_Mechanical_Color.png;T_Mechanical_Normal.png;T_Mechanical_Roughness.png;T_Mechanical_Metalness.png,SurfaceAppearance,134,
A,A_E_10_Zakkyo__NEON_AMB,CP_NEON_AMB,NEON_AMB,F_NEON_AMB.png (swatch only),"Material=Neon, Color=255,150,25 (CyberpunkConfig.NeonColors)",12,
A,A_E_10_Zakkyo__NEON_BLU,CP_NEON_BLU,NEON_BLU,F_NEON_BLU.png (swatch only),"Material=Neon, Color=30,95,255 (CyberpunkConfig.NeonColors)",50,
A,A_E_10_Zakkyo__NEON_CYN,CP_NEON_CYN,NEON_CYN,F_NEON_CYN.png (swatch only),"Material=Neon, Color=0,230,255 (CyberpunkConfig.NeonColors)",50,
A,A_E_10_Zakkyo__NEON_RED,CP_NEON_RED,NEON_RED,F_NEON_RED.png (swatch only),"Material=Neon, Color=255,32,45 (CyberpunkConfig.NeonColors)",32,
A,A_E_10_Zakkyo__NEON_WHT,CP_NEON_WHT,NEON_WHT,F_NEON_WHT.png (swatch only),"Material=Neon, Color=215,228,255 (CyberpunkConfig.NeonColors)",80,
A,A_E_10_Zakkyo__PNL,CP_PanelMetal,PNL,T_PanelMetal_Color.png;T_PanelMetal_Normal.png;T_PanelMetal_Roughness.png;T_PanelMetal_Metalness.png,SurfaceAppearance,192,
A,A_E_10_Zakkyo__RIB,CP_GlassRibbon,RIB,T_GlassRibbon_Color.png;T_GlassRibbon_Normal.png;T_GlassRibbon_Roughness.png;T_GlassRibbon_Metalness.png,SurfaceAppearance,2,
A,A_E_10_Zakkyo__ROF,CP_RoofDeck,ROF,T_RoofDeck_Color.png;T_RoofDeck_Normal.png;T_RoofDeck_Roughness.png;T_RoofDeck_Metalness.png,SurfaceAppearance,12,
A,A_E_10_Zakkyo__SGH,CP_SignsH,SGH,signs_h.png,TextureID / SurfaceAppearance ColorMap (atlas),8,
A,A_E_10_Zakkyo__SGV,CP_SignsV,SGV,signs_v.png,TextureID / SurfaceAppearance ColorMap (atlas),12,
A,A_E_10_Zakkyo__SHOP_LIT,CP_SHOP_LIT,SHOP_LIT,F_SHOP_LIT.png (swatch only),"Material=Neon, Color=255,232,205 (CyberpunkConfig.NeonColors)",2,
A,A_E_10_Zakkyo__STL,CP_Steel,STL,T_Steel_Color.png;T_Steel_Normal.png;T_Steel_Roughness.png;T_Steel_Metalness.png,SurfaceAppearance,480,
A,A_E_10_Zakkyo__WIN_COL,CP_WIN_COL,WIN_COL,F_WIN_COL.png (swatch only),"Material=Neon, Color=140,195,255 (CyberpunkConfig.NeonColors)",96,
A,A_E_10_Zakkyo__WIN_VIO,CP_WIN_VIO,WIN_VIO,F_WIN_VIO.png (swatch only),"Material=Neon, Color=170,130,255 (CyberpunkConfig.NeonColors)",14,
A,A_E_11_Mansion_P01_FANBOX__MEC,CP_Mechanical,MEC,T_Mechanical_Color.png;T_Mechanical_Normal.png;T_Mechanical_Roughness.png;T_Mechanical_Metalness.png,SurfaceAppearance,50,PROTO_FANBOX__MEC
A,A_E_11_Mansion_P02_TANK__MEC,CP_Mechanical,MEC,T_Mechanical_Color.png;T_Mechanical_Normal.png;T_Mechanical_Roughness.png;T_Mechanical_Metalness.png,SurfaceAppearance,84,PROTO_TANK__MEC
A,A_E_11_Mansion_P03_VENT__MEC,CP_Mechanical,MEC,T_Mechanical_Color.png;T_Mechanical_Normal.png;T_Mechanical_Roughness.png;T_Mechanical_Metalness.png,SurfaceAppearance,44,PROTO_VENT__MEC
A,A_E_11_Mansion_P04_FANBOX__MEC,CP_Mechanical,MEC,T_Mechanical_Color.png;T_Mechanical_Normal.png;T_Mechanical_Roughness.png;T_Mechanical_Metalness.png,SurfaceAppearance,50,PROTO_FANBOX__MEC
A,A_E_11_Mansion_P05_VENT__MEC,CP_Mechanical,MEC,T_Mechanical_Color.png;T_Mechanical_Normal.png;T_Mechanical_Roughness.png;T_Mechanical_Metalness.png,SurfaceAppearance,44,PROTO_VENT__MEC
A,A_E_11_Mansion_P06_HVAC_S__MEC,CP_Mechanical,MEC,T_Mechanical_Color.png;T_Mechanical_Normal.png;T_Mechanical_Roughness.png;T_Mechanical_Metalness.png,SurfaceAppearance,32,PROTO_HVAC_S__MEC
A,A_E_11_Mansion_P07_HVAC_L__MEC,CP_Mechanical,MEC,T_Mechanical_Color.png;T_Mechanical_Normal.png;T_Mechanical_Roughness.png;T_Mechanical_Metalness.png,SurfaceAppearance,76,PROTO_HVAC_L__MEC
A,A_E_11_Mansion_P08_COOL__MEC,CP_Mechanical,MEC,T_Mechanical_Color.png;T_Mechanical_Normal.png;T_Mechanical_Roughness.png;T_Mechanical_Metalness.png,SurfaceAppearance,66,PROTO_COOL__MEC
A,A_E_11_Mansion_P09_DISH__MEC,CP_Mechanical,MEC,T_Mechanical_Color.png;T_Mechanical_Normal.png;T_Mechanical_Roughness.png;T_Mechanical_Metalness.png,SurfaceAppearance,22,PROTO_DISH__MEC
A,A_E_11_Mansion_P10_VENT__MEC,CP_Mechanical,MEC,T_Mechanical_Color.png;T_Mechanical_Normal.png;T_Mechanical_Roughness.png;T_Mechanical_Metalness.png,SurfaceAppearance,44,PROTO_VENT__MEC
A,A_E_11_Mansion_P11_VENT__MEC,CP_Mechanical,MEC,T_Mechanical_Color.png;T_Mechanical_Normal.png;T_Mechanical_Roughness.png;T_Mechanical_Metalness.png,SurfaceAppearance,44,PROTO_VENT__MEC
A,A_E_11_Mansion_P12_VENT__MEC,CP_Mechanical,MEC,T_Mechanical_Color.png;T_Mechanical_Normal.png;T_Mechanical_Roughness.png;T_Mechanical_Metalness.png,SurfaceAppearance,44,PROTO_VENT__MEC
A,A_E_11_Mansion_P13_STACK__MEC,CP_Mechanical,MEC,T_Mechanical_Color.png;T_Mechanical_Normal.png;T_Mechanical_Roughness.png;T_Mechanical_Metalness.png,SurfaceAppearance,128,PROTO_STACK__MEC
A,A_E_11_Mansion_P14_DISH__MEC,CP_Mechanical,MEC,T_Mechanical_Color.png;T_Mechanical_Normal.png;T_Mechanical_Roughness.png;T_Mechanical_Metalness.png,SurfaceAppearance,22,PROTO_DISH__MEC
A,A_E_11_Mansion_P15_FANBOX__MEC,CP_Mechanical,MEC,T_Mechanical_Color.png;T_Mechanical_Normal.png;T_Mechanical_Roughness.png;T_Mechanical_Metalness.png,SurfaceAppearance,50,PROTO_FANBOX__MEC
A,A_E_11_Mansion__CON,CP_ConcreteDark,CON,T_ConcreteDark_Color.png;T_ConcreteDark_Normal.png;T_ConcreteDark_Roughness.png;T_ConcreteDark_Metalness.png,SurfaceAppearance,620,
A,A_E_11_Mansion__GLS,CP_GlassCurtain,GLS,T_GlassCurtain_Color.png;T_GlassCurtain_Normal.png;T_GlassCurtain_Roughness.png;T_GlassCurtain_Metalness.png,SurfaceAppearance (Color/Normal/Roughness/Metalness),10,
A,A_E_11_Mansion__MEC,CP_Mechanical,MEC,T_Mechanical_Color.png;T_Mechanical_Normal.png;T_Mechanical_Roughness.png;T_Mechanical_Metalness.png,SurfaceAppearance,344,
A,A_E_11_Mansion__NEON_AMB,CP_NEON_AMB,NEON_AMB,F_NEON_AMB.png (swatch only),"Material=Neon, Color=255,150,25 (CyberpunkConfig.NeonColors)",24,
A,A_E_11_Mansion__NEON_MAG,CP_NEON_MAG,NEON_MAG,F_NEON_MAG.png (swatch only),"Material=Neon, Color=255,25,175 (CyberpunkConfig.NeonColors)",80,
A,A_E_11_Mansion__NEON_RED,CP_NEON_RED,NEON_RED,F_NEON_RED.png (swatch only),"Material=Neon, Color=255,32,45 (CyberpunkConfig.NeonColors)",112,
A,A_E_11_Mansion__PNL,CP_PanelMetal,PNL,T_PanelMetal_Color.png;T_PanelMetal_Normal.png;T_PanelMetal_Roughness.png;T_PanelMetal_Metalness.png,SurfaceAppearance,34,
A,A_E_11_Mansion__ROF,CP_RoofDeck,ROF,T_RoofDeck_Color.png;T_RoofDeck_Normal.png;T_RoofDeck_Roughness.png;T_RoofDeck_Metalness.png,SurfaceAppearance,6,
A,A_E_11_Mansion__SGH,CP_SignsH,SGH,signs_h.png,TextureID / SurfaceAppearance ColorMap (atlas),20,
A,A_E_11_Mansion__SGV,CP_SignsV,SGV,signs_v.png,TextureID / SurfaceAppearance ColorMap (atlas),18,
A,A_E_11_Mansion__SHOP_LIT,CP_SHOP_LIT,SHOP_LIT,F_SHOP_LIT.png (swatch only),"Material=Neon, Color=255,232,205 (CyberpunkConfig.NeonColors)",4,
A,A_E_11_Mansion__STL,CP_Steel,STL,T_Steel_Color.png;T_Steel_Normal.png;T_Steel_Roughness.png;T_Steel_Metalness.png,SurfaceAppearance,1248,
A,A_E_11_Mansion__TEC,CP_TechPanel,TEC,T_TechPanel_Color.png;T_TechPanel_Normal.png;T_TechPanel_Roughness.png;T_TechPanel_Metalness.png,SurfaceAppearance,192,
A,A_E_11_Mansion__WIN_COL,CP_WIN_COL,WIN_COL,F_WIN_COL.png (swatch only),"Material=Neon, Color=140,195,255 (CyberpunkConfig.NeonColors)",190,
A,A_E_11_Mansion__WIN_VIO,CP_WIN_VIO,WIN_VIO,F_WIN_VIO.png (swatch only),"Material=Neon, Color=170,130,255 (CyberpunkConfig.NeonColors)",16,
A,A_E_12_Pencil_P02_DISH__MEC,CP_Mechanical,MEC,T_Mechanical_Color.png;T_Mechanical_Normal.png;T_Mechanical_Roughness.png;T_Mechanical_Metalness.png,SurfaceAppearance,22,PROTO_DISH__MEC
A,A_E_12_Pencil_P03_GEN__MEC,CP_Mechanical,MEC,T_Mechanical_Color.png;T_Mechanical_Normal.png;T_Mechanical_Roughness.png;T_Mechanical_Metalness.png,SurfaceAppearance,70,PROTO_GEN__MEC
A,A_E_12_Pencil_P04_TANK__MEC,CP_Mechanical,MEC,T_Mechanical_Color.png;T_Mechanical_Normal.png;T_Mechanical_Roughness.png;T_Mechanical_Metalness.png,SurfaceAppearance,84,PROTO_TANK__MEC
A,A_E_12_Pencil_P05_DISH__MEC,CP_Mechanical,MEC,T_Mechanical_Color.png;T_Mechanical_Normal.png;T_Mechanical_Roughness.png;T_Mechanical_Metalness.png,SurfaceAppearance,22,PROTO_DISH__MEC
A,A_E_12_Pencil_V01_VEND_BODY__PNL,CP_PanelMetal,PNL,T_PanelMetal_Color.png;T_PanelMetal_Normal.png;T_PanelMetal_Roughness.png;T_PanelMetal_Metalness.png,SurfaceAppearance,10,PROTO_VEND_BODY__PNL
A,A_E_12_Pencil_V01_VEND_FACE__SHOP_LIT,CP_SHOP_LIT,SHOP_LIT,F_SHOP_LIT.png (swatch only),"Material=Neon, Color=255,232,205 (CyberpunkConfig.NeonColors)",2,PROTO_VEND_FACE__SHOP_LIT
A,A_E_12_Pencil__CON,CP_ConcreteDark,CON,T_ConcreteDark_Color.png;T_ConcreteDark_Normal.png;T_ConcreteDark_Roughness.png;T_ConcreteDark_Metalness.png,SurfaceAppearance,72,
A,A_E_12_Pencil__GLS,CP_GlassCurtain,GLS,T_GlassCurtain_Color.png;T_GlassCurtain_Normal.png;T_GlassCurtain_Roughness.png;T_GlassCurtain_Metalness.png,SurfaceAppearance (Color/Normal/Roughness/Metalness),14,
A,A_E_12_Pencil__MEC,CP_Mechanical,MEC,T_Mechanical_Color.png;T_Mechanical_Normal.png;T_Mechanical_Roughness.png;T_Mechanical_Metalness.png,SurfaceAppearance,50,
A,A_E_12_Pencil__NEON_MAG,CP_NEON_MAG,NEON_MAG,F_NEON_MAG.png (swatch only),"Material=Neon, Color=255,25,175 (CyberpunkConfig.NeonColors)",10,
A,A_E_12_Pencil__NEON_VIO,CP_NEON_VIO,NEON_VIO,F_NEON_VIO.png (swatch only),"Material=Neon, Color=150,45,255 (CyberpunkConfig.NeonColors)",70,
A,A_E_12_Pencil__NEON_WHT,CP_NEON_WHT,NEON_WHT,F_NEON_WHT.png (swatch only),"Material=Neon, Color=215,228,255 (CyberpunkConfig.NeonColors)",10,
A,A_E_12_Pencil__PNL,CP_PanelMetal,PNL,T_PanelMetal_Color.png;T_PanelMetal_Normal.png;T_PanelMetal_Roughness.png;T_PanelMetal_Metalness.png,SurfaceAppearance,26,
A,A_E_12_Pencil__ROF,CP_RoofDeck,ROF,T_RoofDeck_Color.png;T_RoofDeck_Normal.png;T_RoofDeck_Roughness.png;T_RoofDeck_Metalness.png,SurfaceAppearance,6,
A,A_E_12_Pencil__SGH,CP_SignsH,SGH,signs_h.png,TextureID / SurfaceAppearance ColorMap (atlas),2,
A,A_E_12_Pencil__SGV,CP_SignsV,SGV,signs_v.png,TextureID / SurfaceAppearance ColorMap (atlas),8,
A,A_E_12_Pencil__STL,CP_Steel,STL,T_Steel_Color.png;T_Steel_Normal.png;T_Steel_Roughness.png;T_Steel_Metalness.png,SurfaceAppearance,1292,
A,A_E_12_Pencil__WIN_COL,CP_WIN_COL,WIN_COL,F_WIN_COL.png (swatch only),"Material=Neon, Color=140,195,255 (CyberpunkConfig.NeonColors)",124,
A,A_E_12_Pencil__WIN_PNK,CP_WIN_PNK,WIN_PNK,F_WIN_PNK.png (swatch only),"Material=Neon, Color=255,120,200 (CyberpunkConfig.NeonColors)",28,
A,A_E_12_Pencil__WIN_VIO,CP_WIN_VIO,WIN_VIO,F_WIN_VIO.png (swatch only),"Material=Neon, Color=170,130,255 (CyberpunkConfig.NeonColors)",2,
A,A_E_13_Louver_P01_HVAC_S__MEC,CP_Mechanical,MEC,T_Mechanical_Color.png;T_Mechanical_Normal.png;T_Mechanical_Roughness.png;T_Mechanical_Metalness.png,SurfaceAppearance,32,PROTO_HVAC_S__MEC
A,A_E_13_Louver_P02_HVAC_S__MEC,CP_Mechanical,MEC,T_Mechanical_Color.png;T_Mechanical_Normal.png;T_Mechanical_Roughness.png;T_Mechanical_Metalness.png,SurfaceAppearance,32,PROTO_HVAC_S__MEC
A,A_E_13_Louver_P03_VENT__MEC,CP_Mechanical,MEC,T_Mechanical_Color.png;T_Mechanical_Normal.png;T_Mechanical_Roughness.png;T_Mechanical_Metalness.png,SurfaceAppearance,44,PROTO_VENT__MEC
A,A_E_13_Louver_P04_VENT__MEC,CP_Mechanical,MEC,T_Mechanical_Color.png;T_Mechanical_Normal.png;T_Mechanical_Roughness.png;T_Mechanical_Metalness.png,SurfaceAppearance,44,PROTO_VENT__MEC
A,A_E_13_Louver_P05_VENT__MEC,CP_Mechanical,MEC,T_Mechanical_Color.png;T_Mechanical_Normal.png;T_Mechanical_Roughness.png;T_Mechanical_Metalness.png,SurfaceAppearance,44,PROTO_VENT__MEC
A,A_E_13_Louver_P06_VENT__MEC,CP_Mechanical,MEC,T_Mechanical_Color.png;T_Mechanical_Normal.png;T_Mechanical_Roughness.png;T_Mechanical_Metalness.png,SurfaceAppearance,44,PROTO_VENT__MEC
A,A_E_13_Louver_P07_DISH__MEC,CP_Mechanical,MEC,T_Mechanical_Color.png;T_Mechanical_Normal.png;T_Mechanical_Roughness.png;T_Mechanical_Metalness.png,SurfaceAppearance,22,PROTO_DISH__MEC
A,A_E_13_Louver__CON,CP_ConcreteDark,CON,T_ConcreteDark_Color.png;T_ConcreteDark_Normal.png;T_ConcreteDark_Roughness.png;T_ConcreteDark_Metalness.png,SurfaceAppearance,100,
A,A_E_13_Louver__GLS,CP_GlassCurtain,GLS,T_GlassCurtain_Color.png;T_GlassCurtain_Normal.png;T_GlassCurtain_Roughness.png;T_GlassCurtain_Metalness.png,SurfaceAppearance (Color/Normal/Roughness/Metalness),10,
A,A_E_13_Louver__MEC,CP_Mechanical,MEC,T_Mechanical_Color.png;T_Mechanical_Normal.png;T_Mechanical_Roughness.png;T_Mechanical_Metalness.png,SurfaceAppearance,90,
A,A_E_13_Louver__NEON_BLU,CP_NEON_BLU,NEON_BLU,F_NEON_BLU.png (swatch only),"Material=Neon, Color=30,95,255 (CyberpunkConfig.NeonColors)",10,
A,A_E_13_Louver__NEON_CYN,CP_NEON_CYN,NEON_CYN,F_NEON_CYN.png (swatch only),"Material=Neon, Color=0,230,255 (CyberpunkConfig.NeonColors)",20,
A,A_E_13_Louver__NEON_MAG,CP_NEON_MAG,NEON_MAG,F_NEON_MAG.png (swatch only),"Material=Neon, Color=255,25,175 (CyberpunkConfig.NeonColors)",30,
A,A_E_13_Louver__NEON_RED,CP_NEON_RED,NEON_RED,F_NEON_RED.png (swatch only),"Material=Neon, Color=255,32,45 (CyberpunkConfig.NeonColors)",56,
A,A_E_13_Louver__PNL,CP_PanelMetal,PNL,T_PanelMetal_Color.png;T_PanelMetal_Normal.png;T_PanelMetal_Roughness.png;T_PanelMetal_Metalness.png,SurfaceAppearance,114,
A,A_E_13_Louver__ROF,CP_RoofDeck,ROF,T_RoofDeck_Color.png;T_RoofDeck_Normal.png;T_RoofDeck_Roughness.png;T_RoofDeck_Metalness.png,SurfaceAppearance,10,
A,A_E_13_Louver__SGH,CP_SignsH,SGH,signs_h.png,TextureID / SurfaceAppearance ColorMap (atlas),8,
A,A_E_13_Louver__SGV,CP_SignsV,SGV,signs_v.png,TextureID / SurfaceAppearance ColorMap (atlas),4,
A,A_E_13_Louver__STL,CP_Steel,STL,T_Steel_Color.png;T_Steel_Normal.png;T_Steel_Roughness.png;T_Steel_Metalness.png,SurfaceAppearance,1092,
A,A_E_13_Louver__TEC,CP_TechPanel,TEC,T_TechPanel_Color.png;T_TechPanel_Normal.png;T_TechPanel_Roughness.png;T_TechPanel_Metalness.png,SurfaceAppearance,8,
A,A_E_13_Louver__WIN_PNK,CP_WIN_PNK,WIN_PNK,F_WIN_PNK.png (swatch only),"Material=Neon, Color=255,120,200 (CyberpunkConfig.NeonColors)",30,
A,A_E_13_Louver__WIN_VIO,CP_WIN_VIO,WIN_VIO,F_WIN_VIO.png (swatch only),"Material=Neon, Color=170,130,255 (CyberpunkConfig.NeonColors)",2,
A,A_E_13_Louver__WIN_WRM,CP_WIN_WRM,WIN_WRM,F_WIN_WRM.png (swatch only),"Material=Neon, Color=255,190,125 (CyberpunkConfig.NeonColors)",126,
A,A_E_14_Mansion_P02_FANBOX__MEC,CP_Mechanical,MEC,T_Mechanical_Color.png;T_Mechanical_Normal.png;T_Mechanical_Roughness.png;T_Mechanical_Metalness.png,SurfaceAppearance,50,PROTO_FANBOX__MEC
A,A_E_14_Mansion_P03_DISH__MEC,CP_Mechanical,MEC,T_Mechanical_Color.png;T_Mechanical_Normal.png;T_Mechanical_Roughness.png;T_Mechanical_Metalness.png,SurfaceAppearance,22,PROTO_DISH__MEC
A,A_E_14_Mansion_P04_DISH__MEC,CP_Mechanical,MEC,T_Mechanical_Color.png;T_Mechanical_Normal.png;T_Mechanical_Roughness.png;T_Mechanical_Metalness.png,SurfaceAppearance,22,PROTO_DISH__MEC
A,A_E_14_Mansion_P05_VENT__MEC,CP_Mechanical,MEC,T_Mechanical_Color.png;T_Mechanical_Normal.png;T_Mechanical_Roughness.png;T_Mechanical_Metalness.png,SurfaceAppearance,44,PROTO_VENT__MEC
A,A_E_14_Mansion_P06_DISH__MEC,CP_Mechanical,MEC,T_Mechanical_Color.png;T_Mechanical_Normal.png;T_Mechanical_Roughness.png;T_Mechanical_Metalness.png,SurfaceAppearance,22,PROTO_DISH__MEC
A,A_E_14_Mansion_P07_VENT__MEC,CP_Mechanical,MEC,T_Mechanical_Color.png;T_Mechanical_Normal.png;T_Mechanical_Roughness.png;T_Mechanical_Metalness.png,SurfaceAppearance,44,PROTO_VENT__MEC
A,A_E_14_Mansion_P08_DISH__MEC,CP_Mechanical,MEC,T_Mechanical_Color.png;T_Mechanical_Normal.png;T_Mechanical_Roughness.png;T_Mechanical_Metalness.png,SurfaceAppearance,22,PROTO_DISH__MEC
A,A_E_14_Mansion_P09_STACK__MEC,CP_Mechanical,MEC,T_Mechanical_Color.png;T_Mechanical_Normal.png;T_Mechanical_Roughness.png;T_Mechanical_Metalness.png,SurfaceAppearance,128,PROTO_STACK__MEC
A,A_E_14_Mansion_P10_FANBOX__MEC,CP_Mechanical,MEC,T_Mechanical_Color.png;T_Mechanical_Normal.png;T_Mechanical_Roughness.png;T_Mechanical_Metalness.png,SurfaceAppearance,50,PROTO_FANBOX__MEC
A,A_E_14_Mansion_P11_HVAC_S__MEC,CP_Mechanical,MEC,T_Mechanical_Color.png;T_Mechanical_Normal.png;T_Mechanical_Roughness.png;T_Mechanical_Metalness.png,SurfaceAppearance,32,PROTO_HVAC_S__MEC
A,A_E_14_Mansion_P12_HVAC_S__MEC,CP_Mechanical,MEC,T_Mechanical_Color.png;T_Mechanical_Normal.png;T_Mechanical_Roughness.png;T_Mechanical_Metalness.png,SurfaceAppearance,32,PROTO_HVAC_S__MEC
A,A_E_14_Mansion_P13_HVAC_S__MEC,CP_Mechanical,MEC,T_Mechanical_Color.png;T_Mechanical_Normal.png;T_Mechanical_Roughness.png;T_Mechanical_Metalness.png,SurfaceAppearance,32,PROTO_HVAC_S__MEC
A,A_E_14_Mansion_P14_VENT__MEC,CP_Mechanical,MEC,T_Mechanical_Color.png;T_Mechanical_Normal.png;T_Mechanical_Roughness.png;T_Mechanical_Metalness.png,SurfaceAppearance,44,PROTO_VENT__MEC
A,A_E_14_Mansion_P15_VENT__MEC,CP_Mechanical,MEC,T_Mechanical_Color.png;T_Mechanical_Normal.png;T_Mechanical_Roughness.png;T_Mechanical_Metalness.png,SurfaceAppearance,44,PROTO_VENT__MEC
A,A_E_14_Mansion_P16_VENT__MEC,CP_Mechanical,MEC,T_Mechanical_Color.png;T_Mechanical_Normal.png;T_Mechanical_Roughness.png;T_Mechanical_Metalness.png,SurfaceAppearance,44,PROTO_VENT__MEC
A,A_E_14_Mansion_V01_VEND_BODY__PNL,CP_PanelMetal,PNL,T_PanelMetal_Color.png;T_PanelMetal_Normal.png;T_PanelMetal_Roughness.png;T_PanelMetal_Metalness.png,SurfaceAppearance,10,PROTO_VEND_BODY__PNL
A,A_E_14_Mansion_V01_VEND_FACE__SHOP_LIT,CP_SHOP_LIT,SHOP_LIT,F_SHOP_LIT.png (swatch only),"Material=Neon, Color=255,232,205 (CyberpunkConfig.NeonColors)",2,PROTO_VEND_FACE__SHOP_LIT
A,A_E_14_Mansion__CON,CP_ConcreteDark,CON,T_ConcreteDark_Color.png;T_ConcreteDark_Normal.png;T_ConcreteDark_Roughness.png;T_ConcreteDark_Metalness.png,SurfaceAppearance,408,
A,A_E_14_Mansion__GLS,CP_GlassCurtain,GLS,T_GlassCurtain_Color.png;T_GlassCurtain_Normal.png;T_GlassCurtain_Roughness.png;T_GlassCurtain_Metalness.png,SurfaceAppearance (Color/Normal/Roughness/Metalness),6,
A,A_E_14_Mansion__MEC,CP_Mechanical,MEC,T_Mechanical_Color.png;T_Mechanical_Normal.png;T_Mechanical_Roughness.png;T_Mechanical_Metalness.png,SurfaceAppearance,338,
A,A_E_14_Mansion__NEON_MAG,CP_NEON_MAG,NEON_MAG,F_NEON_MAG.png (swatch only),"Material=Neon, Color=255,25,175 (CyberpunkConfig.NeonColors)",150,
A,A_E_14_Mansion__NEON_RED,CP_NEON_RED,NEON_RED,F_NEON_RED.png (swatch only),"Material=Neon, Color=255,32,45 (CyberpunkConfig.NeonColors)",140,
A,A_E_14_Mansion__PNL,CP_PanelMetal,PNL,T_PanelMetal_Color.png;T_PanelMetal_Normal.png;T_PanelMetal_Roughness.png;T_PanelMetal_Metalness.png,SurfaceAppearance,58,
A,A_E_14_Mansion__ROF,CP_RoofDeck,ROF,T_RoofDeck_Color.png;T_RoofDeck_Normal.png;T_RoofDeck_Roughness.png;T_RoofDeck_Metalness.png,SurfaceAppearance,6,
A,A_E_14_Mansion__SGH,CP_SignsH,SGH,signs_h.png,TextureID / SurfaceAppearance ColorMap (atlas),8,
A,A_E_14_Mansion__SGV,CP_SignsV,SGV,signs_v.png,TextureID / SurfaceAppearance ColorMap (atlas),6,
A,A_E_14_Mansion__SHOP_LIT,CP_SHOP_LIT,SHOP_LIT,F_SHOP_LIT.png (swatch only),"Material=Neon, Color=255,232,205 (CyberpunkConfig.NeonColors)",4,
A,A_E_14_Mansion__STL,CP_Steel,STL,T_Steel_Color.png;T_Steel_Normal.png;T_Steel_Roughness.png;T_Steel_Metalness.png,SurfaceAppearance,898,
A,A_E_14_Mansion__TEC,CP_TechPanel,TEC,T_TechPanel_Color.png;T_TechPanel_Normal.png;T_TechPanel_Roughness.png;T_TechPanel_Metalness.png,SurfaceAppearance,122,
A,A_E_14_Mansion__WIN_PNK,CP_WIN_PNK,WIN_PNK,F_WIN_PNK.png (swatch only),"Material=Neon, Color=255,120,200 (CyberpunkConfig.NeonColors)",14,
A,A_E_14_Mansion__WIN_WRM,CP_WIN_WRM,WIN_WRM,F_WIN_WRM.png (swatch only),"Material=Neon, Color=255,190,125 (CyberpunkConfig.NeonColors)",68,
A,A_E_15_Arcade_P03_STACK__MEC,CP_Mechanical,MEC,T_Mechanical_Color.png;T_Mechanical_Normal.png;T_Mechanical_Roughness.png;T_Mechanical_Metalness.png,SurfaceAppearance,128,PROTO_STACK__MEC
A,A_E_15_Arcade_P04_DISH__MEC,CP_Mechanical,MEC,T_Mechanical_Color.png;T_Mechanical_Normal.png;T_Mechanical_Roughness.png;T_Mechanical_Metalness.png,SurfaceAppearance,22,PROTO_DISH__MEC
A,A_E_15_Arcade_P05_GEN__MEC,CP_Mechanical,MEC,T_Mechanical_Color.png;T_Mechanical_Normal.png;T_Mechanical_Roughness.png;T_Mechanical_Metalness.png,SurfaceAppearance,70,PROTO_GEN__MEC
A,A_E_15_Arcade_P06_STACK__MEC,CP_Mechanical,MEC,T_Mechanical_Color.png;T_Mechanical_Normal.png;T_Mechanical_Roughness.png;T_Mechanical_Metalness.png,SurfaceAppearance,128,PROTO_STACK__MEC
A,A_E_15_Arcade_P07_HVAC_L__MEC,CP_Mechanical,MEC,T_Mechanical_Color.png;T_Mechanical_Normal.png;T_Mechanical_Roughness.png;T_Mechanical_Metalness.png,SurfaceAppearance,76,PROTO_HVAC_L__MEC
A,A_E_15_Arcade_P08_STACK__MEC,CP_Mechanical,MEC,T_Mechanical_Color.png;T_Mechanical_Normal.png;T_Mechanical_Roughness.png;T_Mechanical_Metalness.png,SurfaceAppearance,128,PROTO_STACK__MEC
A,A_E_15_Arcade_P09_TANK__MEC,CP_Mechanical,MEC,T_Mechanical_Color.png;T_Mechanical_Normal.png;T_Mechanical_Roughness.png;T_Mechanical_Metalness.png,SurfaceAppearance,84,PROTO_TANK__MEC
A,A_E_15_Arcade_P10_GEN__MEC,CP_Mechanical,MEC,T_Mechanical_Color.png;T_Mechanical_Normal.png;T_Mechanical_Roughness.png;T_Mechanical_Metalness.png,SurfaceAppearance,70,PROTO_GEN__MEC
A,A_E_15_Arcade_P11_VENT__MEC,CP_Mechanical,MEC,T_Mechanical_Color.png;T_Mechanical_Normal.png;T_Mechanical_Roughness.png;T_Mechanical_Metalness.png,SurfaceAppearance,44,PROTO_VENT__MEC
A,A_E_15_Arcade_V01_VEND_BODY__PNL,CP_PanelMetal,PNL,T_PanelMetal_Color.png;T_PanelMetal_Normal.png;T_PanelMetal_Roughness.png;T_PanelMetal_Metalness.png,SurfaceAppearance,10,PROTO_VEND_BODY__PNL
A,A_E_15_Arcade_V01_VEND_FACE__SHOP_LIT,CP_SHOP_LIT,SHOP_LIT,F_SHOP_LIT.png (swatch only),"Material=Neon, Color=255,232,205 (CyberpunkConfig.NeonColors)",2,PROTO_VEND_FACE__SHOP_LIT
A,A_E_15_Arcade_V02_VEND_BODY__PNL,CP_PanelMetal,PNL,T_PanelMetal_Color.png;T_PanelMetal_Normal.png;T_PanelMetal_Roughness.png;T_PanelMetal_Metalness.png,SurfaceAppearance,10,PROTO_VEND_BODY__PNL
A,A_E_15_Arcade_V02_VEND_FACE__SHOP_LIT,CP_SHOP_LIT,SHOP_LIT,F_SHOP_LIT.png (swatch only),"Material=Neon, Color=255,232,205 (CyberpunkConfig.NeonColors)",2,PROTO_VEND_FACE__SHOP_LIT
A,A_E_15_Arcade__CON,CP_ConcreteDark,CON,T_ConcreteDark_Color.png;T_ConcreteDark_Normal.png;T_ConcreteDark_Roughness.png;T_ConcreteDark_Metalness.png,SurfaceAppearance,144,
A,A_E_15_Arcade__MEC,CP_Mechanical,MEC,T_Mechanical_Color.png;T_Mechanical_Normal.png;T_Mechanical_Roughness.png;T_Mechanical_Metalness.png,SurfaceAppearance,10,
A,A_E_15_Arcade__NEON_AMB,CP_NEON_AMB,NEON_AMB,F_NEON_AMB.png (swatch only),"Material=Neon, Color=255,150,25 (CyberpunkConfig.NeonColors)",42,
A,A_E_15_Arcade__NEON_CYN,CP_NEON_CYN,NEON_CYN,F_NEON_CYN.png (swatch only),"Material=Neon, Color=0,230,255 (CyberpunkConfig.NeonColors)",470,
A,A_E_15_Arcade__NEON_RED,CP_NEON_RED,NEON_RED,F_NEON_RED.png (swatch only),"Material=Neon, Color=255,32,45 (CyberpunkConfig.NeonColors)",20,
A,A_E_15_Arcade__NEON_VIO,CP_NEON_VIO,NEON_VIO,F_NEON_VIO.png (swatch only),"Material=Neon, Color=150,45,255 (CyberpunkConfig.NeonColors)",560,
A,A_E_15_Arcade__PNL,CP_PanelMetal,PNL,T_PanelMetal_Color.png;T_PanelMetal_Normal.png;T_PanelMetal_Roughness.png;T_PanelMetal_Metalness.png,SurfaceAppearance,90,
A,A_E_15_Arcade__RIB,CP_GlassRibbon,RIB,T_GlassRibbon_Color.png;T_GlassRibbon_Normal.png;T_GlassRibbon_Roughness.png;T_GlassRibbon_Metalness.png,SurfaceAppearance,2,
A,A_E_15_Arcade__ROF,CP_RoofDeck,ROF,T_RoofDeck_Color.png;T_RoofDeck_Normal.png;T_RoofDeck_Roughness.png;T_RoofDeck_Metalness.png,SurfaceAppearance,4,
A,A_E_15_Arcade__SGH,CP_SignsH,SGH,signs_h.png,TextureID / SurfaceAppearance ColorMap (atlas),12,
A,A_E_15_Arcade__SGV,CP_SignsV,SGV,signs_v.png,TextureID / SurfaceAppearance ColorMap (atlas),4,
A,A_E_15_Arcade__SHOP_LIT,CP_SHOP_LIT,SHOP_LIT,F_SHOP_LIT.png (swatch only),"Material=Neon, Color=255,232,205 (CyberpunkConfig.NeonColors)",4,
A,A_E_15_Arcade__STL,CP_Steel,STL,T_Steel_Color.png;T_Steel_Normal.png;T_Steel_Roughness.png;T_Steel_Metalness.png,SurfaceAppearance,476,
A,A_E_15_Arcade__TEC,CP_TechPanel,TEC,T_TechPanel_Color.png;T_TechPanel_Normal.png;T_TechPanel_Roughness.png;T_TechPanel_Metalness.png,SurfaceAppearance,8,
A,A_E_15_Arcade__WIN_COL,CP_WIN_COL,WIN_COL,F_WIN_COL.png (swatch only),"Material=Neon, Color=140,195,255 (CyberpunkConfig.NeonColors)",4,
A,A_E_15_Arcade__WIN_VIO,CP_WIN_VIO,WIN_VIO,F_WIN_VIO.png (swatch only),"Material=Neon, Color=170,130,255 (CyberpunkConfig.NeonColors)",34,
A,A_E_15_Arcade__WIN_WRM,CP_WIN_WRM,WIN_WRM,F_WIN_WRM.png (swatch only),"Material=Neon, Color=255,190,125 (CyberpunkConfig.NeonColors)",148,
A,A_E_16_Mansion_P02_HVAC_S__MEC,CP_Mechanical,MEC,T_Mechanical_Color.png;T_Mechanical_Normal.png;T_Mechanical_Roughness.png;T_Mechanical_Metalness.png,SurfaceAppearance,32,PROTO_HVAC_S__MEC
A,A_E_16_Mansion_P03_VENT__MEC,CP_Mechanical,MEC,T_Mechanical_Color.png;T_Mechanical_Normal.png;T_Mechanical_Roughness.png;T_Mechanical_Metalness.png,SurfaceAppearance,44,PROTO_VENT__MEC
A,A_E_16_Mansion_P04_DISH__MEC,CP_Mechanical,MEC,T_Mechanical_Color.png;T_Mechanical_Normal.png;T_Mechanical_Roughness.png;T_Mechanical_Metalness.png,SurfaceAppearance,22,PROTO_DISH__MEC
A,A_E_16_Mansion_P05_VENT__MEC,CP_Mechanical,MEC,T_Mechanical_Color.png;T_Mechanical_Normal.png;T_Mechanical_Roughness.png;T_Mechanical_Metalness.png,SurfaceAppearance,44,PROTO_VENT__MEC
A,A_E_16_Mansion_P06_VENT__MEC,CP_Mechanical,MEC,T_Mechanical_Color.png;T_Mechanical_Normal.png;T_Mechanical_Roughness.png;T_Mechanical_Metalness.png,SurfaceAppearance,44,PROTO_VENT__MEC
A,A_E_16_Mansion_P07_COOL__MEC,CP_Mechanical,MEC,T_Mechanical_Color.png;T_Mechanical_Normal.png;T_Mechanical_Roughness.png;T_Mechanical_Metalness.png,SurfaceAppearance,66,PROTO_COOL__MEC
A,A_E_16_Mansion_P08_VENT__MEC,CP_Mechanical,MEC,T_Mechanical_Color.png;T_Mechanical_Normal.png;T_Mechanical_Roughness.png;T_Mechanical_Metalness.png,SurfaceAppearance,44,PROTO_VENT__MEC
A,A_E_16_Mansion_P09_GEN__MEC,CP_Mechanical,MEC,T_Mechanical_Color.png;T_Mechanical_Normal.png;T_Mechanical_Roughness.png;T_Mechanical_Metalness.png,SurfaceAppearance,70,PROTO_GEN__MEC
A,A_E_16_Mansion_P10_FANBOX__MEC,CP_Mechanical,MEC,T_Mechanical_Color.png;T_Mechanical_Normal.png;T_Mechanical_Roughness.png;T_Mechanical_Metalness.png,SurfaceAppearance,50,PROTO_FANBOX__MEC
A,A_E_16_Mansion_V01_VEND_BODY__PNL,CP_PanelMetal,PNL,T_PanelMetal_Color.png;T_PanelMetal_Normal.png;T_PanelMetal_Roughness.png;T_PanelMetal_Metalness.png,SurfaceAppearance,10,PROTO_VEND_BODY__PNL
A,A_E_16_Mansion_V01_VEND_FACE__SHOP_LIT,CP_SHOP_LIT,SHOP_LIT,F_SHOP_LIT.png (swatch only),"Material=Neon, Color=255,232,205 (CyberpunkConfig.NeonColors)",2,PROTO_VEND_FACE__SHOP_LIT
A,A_E_16_Mansion__CON,CP_ConcreteDark,CON,T_ConcreteDark_Color.png;T_ConcreteDark_Normal.png;T_ConcreteDark_Roughness.png;T_ConcreteDark_Metalness.png,SurfaceAppearance,534,
A,A_E_16_Mansion__GLS,CP_GlassCurtain,GLS,T_GlassCurtain_Color.png;T_GlassCurtain_Normal.png;T_GlassCurtain_Roughness.png;T_GlassCurtain_Metalness.png,SurfaceAppearance (Color/Normal/Roughness/Metalness),8,
A,A_E_16_Mansion__MEC,CP_Mechanical,MEC,T_Mechanical_Color.png;T_Mechanical_Normal.png;T_Mechanical_Roughness.png;T_Mechanical_Metalness.png,SurfaceAppearance,234,
A,A_E_16_Mansion__NEON_MAG,CP_NEON_MAG,NEON_MAG,F_NEON_MAG.png (swatch only),"Material=Neon, Color=255,25,175 (CyberpunkConfig.NeonColors)",10,
A,A_E_16_Mansion__NEON_RED,CP_NEON_RED,NEON_RED,F_NEON_RED.png (swatch only),"Material=Neon, Color=255,32,45 (CyberpunkConfig.NeonColors)",10,
A,A_E_16_Mansion__NEON_WHT,CP_NEON_WHT,NEON_WHT,F_NEON_WHT.png (swatch only),"Material=Neon, Color=215,228,255 (CyberpunkConfig.NeonColors)",20,
A,A_E_16_Mansion__PNL,CP_PanelMetal,PNL,T_PanelMetal_Color.png;T_PanelMetal_Normal.png;T_PanelMetal_Roughness.png;T_PanelMetal_Metalness.png,SurfaceAppearance,48,
A,A_E_16_Mansion__ROF,CP_RoofDeck,ROF,T_RoofDeck_Color.png;T_RoofDeck_Normal.png;T_RoofDeck_Roughness.png;T_RoofDeck_Metalness.png,SurfaceAppearance,10,
A,A_E_16_Mansion__SGH,CP_SignsH,SGH,signs_h.png,TextureID / SurfaceAppearance ColorMap (atlas),4,
A,A_E_16_Mansion__SGV,CP_SignsV,SGV,signs_v.png,TextureID / SurfaceAppearance ColorMap (atlas),4,
A,A_E_16_Mansion__SHOP_LIT,CP_SHOP_LIT,SHOP_LIT,F_SHOP_LIT.png (swatch only),"Material=Neon, Color=255,232,205 (CyberpunkConfig.NeonColors)",2,
A,A_E_16_Mansion__STL,CP_Steel,STL,T_Steel_Color.png;T_Steel_Normal.png;T_Steel_Roughness.png;T_Steel_Metalness.png,SurfaceAppearance,332,
A,A_E_16_Mansion__TEC,CP_TechPanel,TEC,T_TechPanel_Color.png;T_TechPanel_Normal.png;T_TechPanel_Roughness.png;T_TechPanel_Metalness.png,SurfaceAppearance,144,
A,A_E_16_Mansion__WIN_COL,CP_WIN_COL,WIN_COL,F_WIN_COL.png (swatch only),"Material=Neon, Color=140,195,255 (CyberpunkConfig.NeonColors)",2,
A,A_E_16_Mansion__WIN_WRM,CP_WIN_WRM,WIN_WRM,F_WIN_WRM.png (swatch only),"Material=Neon, Color=255,190,125 (CyberpunkConfig.NeonColors)",158,
A,A_E_17_Zakkyo_P02_HVAC_S__MEC,CP_Mechanical,MEC,T_Mechanical_Color.png;T_Mechanical_Normal.png;T_Mechanical_Roughness.png;T_Mechanical_Metalness.png,SurfaceAppearance,32,PROTO_HVAC_S__MEC
A,A_E_17_Zakkyo_P03_VENT__MEC,CP_Mechanical,MEC,T_Mechanical_Color.png;T_Mechanical_Normal.png;T_Mechanical_Roughness.png;T_Mechanical_Metalness.png,SurfaceAppearance,44,PROTO_VENT__MEC
A,A_E_17_Zakkyo_P04_VENT__MEC,CP_Mechanical,MEC,T_Mechanical_Color.png;T_Mechanical_Normal.png;T_Mechanical_Roughness.png;T_Mechanical_Metalness.png,SurfaceAppearance,44,PROTO_VENT__MEC
A,A_E_17_Zakkyo_P05_COOL__MEC,CP_Mechanical,MEC,T_Mechanical_Color.png;T_Mechanical_Normal.png;T_Mechanical_Roughness.png;T_Mechanical_Metalness.png,SurfaceAppearance,66,PROTO_COOL__MEC
A,A_E_17_Zakkyo_P06_VENT__MEC,CP_Mechanical,MEC,T_Mechanical_Color.png;T_Mechanical_Normal.png;T_Mechanical_Roughness.png;T_Mechanical_Metalness.png,SurfaceAppearance,44,PROTO_VENT__MEC
A,A_E_17_Zakkyo_P07_STACK__MEC,CP_Mechanical,MEC,T_Mechanical_Color.png;T_Mechanical_Normal.png;T_Mechanical_Roughness.png;T_Mechanical_Metalness.png,SurfaceAppearance,128,PROTO_STACK__MEC
A,A_E_17_Zakkyo_P08_DISH__MEC,CP_Mechanical,MEC,T_Mechanical_Color.png;T_Mechanical_Normal.png;T_Mechanical_Roughness.png;T_Mechanical_Metalness.png,SurfaceAppearance,22,PROTO_DISH__MEC
A,A_E_17_Zakkyo_P09_FANBOX__MEC,CP_Mechanical,MEC,T_Mechanical_Color.png;T_Mechanical_Normal.png;T_Mechanical_Roughness.png;T_Mechanical_Metalness.png,SurfaceAppearance,50,PROTO_FANBOX__MEC
A,A_E_17_Zakkyo_P10_VENT__MEC,CP_Mechanical,MEC,T_Mechanical_Color.png;T_Mechanical_Normal.png;T_Mechanical_Roughness.png;T_Mechanical_Metalness.png,SurfaceAppearance,44,PROTO_VENT__MEC
A,A_E_17_Zakkyo_P11_STACK__MEC,CP_Mechanical,MEC,T_Mechanical_Color.png;T_Mechanical_Normal.png;T_Mechanical_Roughness.png;T_Mechanical_Metalness.png,SurfaceAppearance,128,PROTO_STACK__MEC
A,A_E_17_Zakkyo_P12_VENT__MEC,CP_Mechanical,MEC,T_Mechanical_Color.png;T_Mechanical_Normal.png;T_Mechanical_Roughness.png;T_Mechanical_Metalness.png,SurfaceAppearance,44,PROTO_VENT__MEC
A,A_E_17_Zakkyo_V01_VEND_BODY__PNL,CP_PanelMetal,PNL,T_PanelMetal_Color.png;T_PanelMetal_Normal.png;T_PanelMetal_Roughness.png;T_PanelMetal_Metalness.png,SurfaceAppearance,10,PROTO_VEND_BODY__PNL
A,A_E_17_Zakkyo_V01_VEND_FACE__SHOP_LIT,CP_SHOP_LIT,SHOP_LIT,F_SHOP_LIT.png (swatch only),"Material=Neon, Color=255,232,205 (CyberpunkConfig.NeonColors)",2,PROTO_VEND_FACE__SHOP_LIT
A,A_E_17_Zakkyo__CON,CP_ConcreteDark,CON,T_ConcreteDark_Color.png;T_ConcreteDark_Normal.png;T_ConcreteDark_Roughness.png;T_ConcreteDark_Metalness.png,SurfaceAppearance,80,
A,A_E_17_Zakkyo__GLS,CP_GlassCurtain,GLS,T_GlassCurtain_Color.png;T_GlassCurtain_Normal.png;T_GlassCurtain_Roughness.png;T_GlassCurtain_Metalness.png,SurfaceAppearance (Color/Normal/Roughness/Metalness),68,
A,A_E_17_Zakkyo__MEC,CP_Mechanical,MEC,T_Mechanical_Color.png;T_Mechanical_Normal.png;T_Mechanical_Roughness.png;T_Mechanical_Metalness.png,SurfaceAppearance,90,
A,A_E_17_Zakkyo__NEON_MAG,CP_NEON_MAG,NEON_MAG,F_NEON_MAG.png (swatch only),"Material=Neon, Color=255,25,175 (CyberpunkConfig.NeonColors)",50,
A,A_E_17_Zakkyo__NEON_RED,CP_NEON_RED,NEON_RED,F_NEON_RED.png (swatch only),"Material=Neon, Color=255,32,45 (CyberpunkConfig.NeonColors)",10,
A,A_E_17_Zakkyo__NEON_VIO,CP_NEON_VIO,NEON_VIO,F_NEON_VIO.png (swatch only),"Material=Neon, Color=150,45,255 (CyberpunkConfig.NeonColors)",46,
A,A_E_17_Zakkyo__PNL,CP_PanelMetal,PNL,T_PanelMetal_Color.png;T_PanelMetal_Normal.png;T_PanelMetal_Roughness.png;T_PanelMetal_Metalness.png,SurfaceAppearance,422,
A,A_E_17_Zakkyo__ROF,CP_RoofDeck,ROF,T_RoofDeck_Color.png;T_RoofDeck_Normal.png;T_RoofDeck_Roughness.png;T_RoofDeck_Metalness.png,SurfaceAppearance,4,
A,A_E_17_Zakkyo__SGH,CP_SignsH,SGH,signs_h.png,TextureID / SurfaceAppearance ColorMap (atlas),20,
A,A_E_17_Zakkyo__SGV,CP_SignsV,SGV,signs_v.png,TextureID / SurfaceAppearance ColorMap (atlas),12,
A,A_E_17_Zakkyo__SHOP_LIT,CP_SHOP_LIT,SHOP_LIT,F_SHOP_LIT.png (swatch only),"Material=Neon, Color=255,232,205 (CyberpunkConfig.NeonColors)",2,
A,A_E_17_Zakkyo__STL,CP_Steel,STL,T_Steel_Color.png;T_Steel_Normal.png;T_Steel_Roughness.png;T_Steel_Metalness.png,SurfaceAppearance,606,
A,A_E_17_Zakkyo__WIN_PNK,CP_WIN_PNK,WIN_PNK,F_WIN_PNK.png (swatch only),"Material=Neon, Color=255,120,200 (CyberpunkConfig.NeonColors)",36,
A,A_E_17_Zakkyo__WIN_WRM,CP_WIN_WRM,WIN_WRM,F_WIN_WRM.png (swatch only),"Material=Neon, Color=255,190,125 (CyberpunkConfig.NeonColors)",126,
A,A_E_18_LMGlassEnt_P03_DISH__MEC,CP_Mechanical,MEC,T_Mechanical_Color.png;T_Mechanical_Normal.png;T_Mechanical_Roughness.png;T_Mechanical_Metalness.png,SurfaceAppearance,22,PROTO_DISH__MEC
A,A_E_18_LMGlassEnt_P04_VENT__MEC,CP_Mechanical,MEC,T_Mechanical_Color.png;T_Mechanical_Normal.png;T_Mechanical_Roughness.png;T_Mechanical_Metalness.png,SurfaceAppearance,44,PROTO_VENT__MEC
A,A_E_18_LMGlassEnt_P05_TANK__MEC,CP_Mechanical,MEC,T_Mechanical_Color.png;T_Mechanical_Normal.png;T_Mechanical_Roughness.png;T_Mechanical_Metalness.png,SurfaceAppearance,84,PROTO_TANK__MEC
A,A_E_18_LMGlassEnt_P06_HVAC_L__MEC,CP_Mechanical,MEC,T_Mechanical_Color.png;T_Mechanical_Normal.png;T_Mechanical_Roughness.png;T_Mechanical_Metalness.png,SurfaceAppearance,76,PROTO_HVAC_L__MEC
A,A_E_18_LMGlassEnt_P07_HVAC_S__MEC,CP_Mechanical,MEC,T_Mechanical_Color.png;T_Mechanical_Normal.png;T_Mechanical_Roughness.png;T_Mechanical_Metalness.png,SurfaceAppearance,32,PROTO_HVAC_S__MEC
A,A_E_18_LMGlassEnt_P08_VENT__MEC,CP_Mechanical,MEC,T_Mechanical_Color.png;T_Mechanical_Normal.png;T_Mechanical_Roughness.png;T_Mechanical_Metalness.png,SurfaceAppearance,44,PROTO_VENT__MEC
A,A_E_18_LMGlassEnt_P09_DISH__MEC,CP_Mechanical,MEC,T_Mechanical_Color.png;T_Mechanical_Normal.png;T_Mechanical_Roughness.png;T_Mechanical_Metalness.png,SurfaceAppearance,22,PROTO_DISH__MEC
A,A_E_18_LMGlassEnt_V01_VEND_BODY__PNL,CP_PanelMetal,PNL,T_PanelMetal_Color.png;T_PanelMetal_Normal.png;T_PanelMetal_Roughness.png;T_PanelMetal_Metalness.png,SurfaceAppearance,10,PROTO_VEND_BODY__PNL
A,A_E_18_LMGlassEnt_V01_VEND_FACE__SHOP_LIT,CP_SHOP_LIT,SHOP_LIT,F_SHOP_LIT.png (swatch only),"Material=Neon, Color=255,232,205 (CyberpunkConfig.NeonColors)",2,PROTO_VEND_FACE__SHOP_LIT
A,A_E_18_LMGlassEnt_V02_VEND_BODY__PNL,CP_PanelMetal,PNL,T_PanelMetal_Color.png;T_PanelMetal_Normal.png;T_PanelMetal_Roughness.png;T_PanelMetal_Metalness.png,SurfaceAppearance,10,PROTO_VEND_BODY__PNL
A,A_E_18_LMGlassEnt_V02_VEND_FACE__SHOP_LIT,CP_SHOP_LIT,SHOP_LIT,F_SHOP_LIT.png (swatch only),"Material=Neon, Color=255,232,205 (CyberpunkConfig.NeonColors)",2,PROTO_VEND_FACE__SHOP_LIT
A,A_E_18_LMGlassEnt__CON,CP_ConcreteDark,CON,T_ConcreteDark_Color.png;T_ConcreteDark_Normal.png;T_ConcreteDark_Roughness.png;T_ConcreteDark_Metalness.png,SurfaceAppearance,144,
A,A_E_18_LMGlassEnt__GLS,CP_GlassCurtain,GLS,T_GlassCurtain_Color.png;T_GlassCurtain_Normal.png;T_GlassCurtain_Roughness.png;T_GlassCurtain_Metalness.png,SurfaceAppearance (Color/Normal/Roughness/Metalness),14,
A,A_E_18_LMGlassEnt__MEC,CP_Mechanical,MEC,T_Mechanical_Color.png;T_Mechanical_Normal.png;T_Mechanical_Roughness.png;T_Mechanical_Metalness.png,SurfaceAppearance,200,
A,A_E_18_LMGlassEnt__NEON_AMB,CP_NEON_AMB,NEON_AMB,F_NEON_AMB.png (swatch only),"Material=Neon, Color=255,150,25 (CyberpunkConfig.NeonColors)",24,
A,A_E_18_LMGlassEnt__NEON_BLU,CP_NEON_BLU,NEON_BLU,F_NEON_BLU.png (swatch only),"Material=Neon, Color=30,95,255 (CyberpunkConfig.NeonColors)",120,
A,A_E_18_LMGlassEnt__NEON_CYN,CP_NEON_CYN,NEON_CYN,F_NEON_CYN.png (swatch only),"Material=Neon, Color=0,230,255 (CyberpunkConfig.NeonColors)",250,
A,A_E_18_LMGlassEnt__NEON_MAG,CP_NEON_MAG,NEON_MAG,F_NEON_MAG.png (swatch only),"Material=Neon, Color=255,25,175 (CyberpunkConfig.NeonColors)",20,
A,A_E_18_LMGlassEnt__NEON_RED,CP_NEON_RED,NEON_RED,F_NEON_RED.png (swatch only),"Material=Neon, Color=255,32,45 (CyberpunkConfig.NeonColors)",32,
A,A_E_18_LMGlassEnt__NEON_WHT,CP_NEON_WHT,NEON_WHT,F_NEON_WHT.png (swatch only),"Material=Neon, Color=215,228,255 (CyberpunkConfig.NeonColors)",108,
A,A_E_18_LMGlassEnt__PNL,CP_PanelMetal,PNL,T_PanelMetal_Color.png;T_PanelMetal_Normal.png;T_PanelMetal_Roughness.png;T_PanelMetal_Metalness.png,SurfaceAppearance,212,
A,A_E_18_LMGlassEnt__RIB,CP_GlassRibbon,RIB,T_GlassRibbon_Color.png;T_GlassRibbon_Normal.png;T_GlassRibbon_Roughness.png;T_GlassRibbon_Metalness.png,SurfaceAppearance,6,
A,A_E_18_LMGlassEnt__ROF,CP_RoofDeck,ROF,T_RoofDeck_Color.png;T_RoofDeck_Normal.png;T_RoofDeck_Roughness.png;T_RoofDeck_Metalness.png,SurfaceAppearance,10,
A,A_E_18_LMGlassEnt__SGH,CP_SignsH,SGH,signs_h.png,TextureID / SurfaceAppearance ColorMap (atlas),22,
A,A_E_18_LMGlassEnt__SGV,CP_SignsV,SGV,signs_v.png,TextureID / SurfaceAppearance ColorMap (atlas),10,
A,A_E_18_LMGlassEnt__SHOP_LIT,CP_SHOP_LIT,SHOP_LIT,F_SHOP_LIT.png (swatch only),"Material=Neon, Color=255,232,205 (CyberpunkConfig.NeonColors)",2,
A,A_E_18_LMGlassEnt__STL,CP_Steel,STL,T_Steel_Color.png;T_Steel_Normal.png;T_Steel_Roughness.png;T_Steel_Metalness.png,SurfaceAppearance,3692,
A,A_E_18_LMGlassEnt__WIN_COL,CP_WIN_COL,WIN_COL,F_WIN_COL.png (swatch only),"Material=Neon, Color=140,195,255 (CyberpunkConfig.NeonColors)",2,
A,A_E_18_LMGlassEnt__WIN_PNK,CP_WIN_PNK,WIN_PNK,F_WIN_PNK.png (swatch only),"Material=Neon, Color=255,120,200 (CyberpunkConfig.NeonColors)",124,
A,A_E_18_LMGlassEnt__WIN_WRM,CP_WIN_WRM,WIN_WRM,F_WIN_WRM.png (swatch only),"Material=Neon, Color=255,190,125 (CyberpunkConfig.NeonColors)",662,
A,A_E_19_Mansion_P02_COOL__MEC,CP_Mechanical,MEC,T_Mechanical_Color.png;T_Mechanical_Normal.png;T_Mechanical_Roughness.png;T_Mechanical_Metalness.png,SurfaceAppearance,66,PROTO_COOL__MEC
A,A_E_19_Mansion_P03_FANBOX__MEC,CP_Mechanical,MEC,T_Mechanical_Color.png;T_Mechanical_Normal.png;T_Mechanical_Roughness.png;T_Mechanical_Metalness.png,SurfaceAppearance,50,PROTO_FANBOX__MEC
A,A_E_19_Mansion_P04_DISH__MEC,CP_Mechanical,MEC,T_Mechanical_Color.png;T_Mechanical_Normal.png;T_Mechanical_Roughness.png;T_Mechanical_Metalness.png,SurfaceAppearance,22,PROTO_DISH__MEC
A,A_E_19_Mansion_P05_TANK__MEC,CP_Mechanical,MEC,T_Mechanical_Color.png;T_Mechanical_Normal.png;T_Mechanical_Roughness.png;T_Mechanical_Metalness.png,SurfaceAppearance,84,PROTO_TANK__MEC
A,A_E_19_Mansion_P06_HVAC_S__MEC,CP_Mechanical,MEC,T_Mechanical_Color.png;T_Mechanical_Normal.png;T_Mechanical_Roughness.png;T_Mechanical_Metalness.png,SurfaceAppearance,32,PROTO_HVAC_S__MEC
A,A_E_19_Mansion_P07_STACK__MEC,CP_Mechanical,MEC,T_Mechanical_Color.png;T_Mechanical_Normal.png;T_Mechanical_Roughness.png;T_Mechanical_Metalness.png,SurfaceAppearance,128,PROTO_STACK__MEC
A,A_E_19_Mansion_P08_DISH__MEC,CP_Mechanical,MEC,T_Mechanical_Color.png;T_Mechanical_Normal.png;T_Mechanical_Roughness.png;T_Mechanical_Metalness.png,SurfaceAppearance,22,PROTO_DISH__MEC
A,A_E_19_Mansion_P09_HVAC_S__MEC,CP_Mechanical,MEC,T_Mechanical_Color.png;T_Mechanical_Normal.png;T_Mechanical_Roughness.png;T_Mechanical_Metalness.png,SurfaceAppearance,32,PROTO_HVAC_S__MEC
A,A_E_19_Mansion_P10_HVAC_S__MEC,CP_Mechanical,MEC,T_Mechanical_Color.png;T_Mechanical_Normal.png;T_Mechanical_Roughness.png;T_Mechanical_Metalness.png,SurfaceAppearance,32,PROTO_HVAC_S__MEC
A,A_E_19_Mansion_P11_HVAC_S__MEC,CP_Mechanical,MEC,T_Mechanical_Color.png;T_Mechanical_Normal.png;T_Mechanical_Roughness.png;T_Mechanical_Metalness.png,SurfaceAppearance,32,PROTO_HVAC_S__MEC
A,A_E_19_Mansion_P12_DISH__MEC,CP_Mechanical,MEC,T_Mechanical_Color.png;T_Mechanical_Normal.png;T_Mechanical_Roughness.png;T_Mechanical_Metalness.png,SurfaceAppearance,22,PROTO_DISH__MEC
A,A_E_19_Mansion_V01_VEND_BODY__PNL,CP_PanelMetal,PNL,T_PanelMetal_Color.png;T_PanelMetal_Normal.png;T_PanelMetal_Roughness.png;T_PanelMetal_Metalness.png,SurfaceAppearance,10,PROTO_VEND_BODY__PNL
A,A_E_19_Mansion_V01_VEND_FACE__SHOP_LIT,CP_SHOP_LIT,SHOP_LIT,F_SHOP_LIT.png (swatch only),"Material=Neon, Color=255,232,205 (CyberpunkConfig.NeonColors)",2,PROTO_VEND_FACE__SHOP_LIT
A,A_E_19_Mansion__CON,CP_ConcreteDark,CON,T_ConcreteDark_Color.png;T_ConcreteDark_Normal.png;T_ConcreteDark_Roughness.png;T_ConcreteDark_Metalness.png,SurfaceAppearance,778,
A,A_E_19_Mansion__GLS,CP_GlassCurtain,GLS,T_GlassCurtain_Color.png;T_GlassCurtain_Normal.png;T_GlassCurtain_Roughness.png;T_GlassCurtain_Metalness.png,SurfaceAppearance (Color/Normal/Roughness/Metalness),10,
A,A_E_19_Mansion__MEC,CP_Mechanical,MEC,T_Mechanical_Color.png;T_Mechanical_Normal.png;T_Mechanical_Roughness.png;T_Mechanical_Metalness.png,SurfaceAppearance,320,
A,A_E_19_Mansion__NEON_BLU,CP_NEON_BLU,NEON_BLU,F_NEON_BLU.png (swatch only),"Material=Neon, Color=30,95,255 (CyberpunkConfig.NeonColors)",10,
A,A_E_19_Mansion__NEON_CYN,CP_NEON_CYN,NEON_CYN,F_NEON_CYN.png (swatch only),"Material=Neon, Color=0,230,255 (CyberpunkConfig.NeonColors)",10,
A,A_E_19_Mansion__NEON_RED,CP_NEON_RED,NEON_RED,F_NEON_RED.png (swatch only),"Material=Neon, Color=255,32,45 (CyberpunkConfig.NeonColors)",12,
A,A_E_19_Mansion__NEON_VIO,CP_NEON_VIO,NEON_VIO,F_NEON_VIO.png (swatch only),"Material=Neon, Color=150,45,255 (CyberpunkConfig.NeonColors)",20,
A,A_E_19_Mansion__NEON_WHT,CP_NEON_WHT,NEON_WHT,F_NEON_WHT.png (swatch only),"Material=Neon, Color=215,228,255 (CyberpunkConfig.NeonColors)",82,
A,A_E_19_Mansion__PNL,CP_PanelMetal,PNL,T_PanelMetal_Color.png;T_PanelMetal_Normal.png;T_PanelMetal_Roughness.png;T_PanelMetal_Metalness.png,SurfaceAppearance,58,
A,A_E_19_Mansion__ROF,CP_RoofDeck,ROF,T_RoofDeck_Color.png;T_RoofDeck_Normal.png;T_RoofDeck_Roughness.png;T_RoofDeck_Metalness.png,SurfaceAppearance,12,
A,A_E_19_Mansion__SGH,CP_SignsH,SGH,signs_h.png,TextureID / SurfaceAppearance ColorMap (atlas),14,
A,A_E_19_Mansion__SGV,CP_SignsV,SGV,signs_v.png,TextureID / SurfaceAppearance ColorMap (atlas),8,
A,A_E_19_Mansion__SHOP_LIT,CP_SHOP_LIT,SHOP_LIT,F_SHOP_LIT.png (swatch only),"Material=Neon, Color=255,232,205 (CyberpunkConfig.NeonColors)",4,
A,A_E_19_Mansion__STL,CP_Steel,STL,T_Steel_Color.png;T_Steel_Normal.png;T_Steel_Roughness.png;T_Steel_Metalness.png,SurfaceAppearance,1056,
A,A_E_19_Mansion__TEC,CP_TechPanel,TEC,T_TechPanel_Color.png;T_TechPanel_Normal.png;T_TechPanel_Roughness.png;T_TechPanel_Metalness.png,SurfaceAppearance,240,
A,A_E_19_Mansion__WIN_COL,CP_WIN_COL,WIN_COL,F_WIN_COL.png (swatch only),"Material=Neon, Color=140,195,255 (CyberpunkConfig.NeonColors)",266,
A,A_E_19_Mansion__WIN_VIO,CP_WIN_VIO,WIN_VIO,F_WIN_VIO.png (swatch only),"Material=Neon, Color=170,130,255 (CyberpunkConfig.NeonColors)",34,
A,A_E_19_Mansion__WIN_WRM,CP_WIN_WRM,WIN_WRM,F_WIN_WRM.png (swatch only),"Material=Neon, Color=255,190,125 (CyberpunkConfig.NeonColors)",2,
A,A_E_20_Zakkyo_P01_VENT__MEC,CP_Mechanical,MEC,T_Mechanical_Color.png;T_Mechanical_Normal.png;T_Mechanical_Roughness.png;T_Mechanical_Metalness.png,SurfaceAppearance,44,PROTO_VENT__MEC
A,A_E_20_Zakkyo_P02_STACK__MEC,CP_Mechanical,MEC,T_Mechanical_Color.png;T_Mechanical_Normal.png;T_Mechanical_Roughness.png;T_Mechanical_Metalness.png,SurfaceAppearance,128,PROTO_STACK__MEC
A,A_E_20_Zakkyo_P03_HVAC_S__MEC,CP_Mechanical,MEC,T_Mechanical_Color.png;T_Mechanical_Normal.png;T_Mechanical_Roughness.png;T_Mechanical_Metalness.png,SurfaceAppearance,32,PROTO_HVAC_S__MEC
A,A_E_20_Zakkyo_P04_TANK__MEC,CP_Mechanical,MEC,T_Mechanical_Color.png;T_Mechanical_Normal.png;T_Mechanical_Roughness.png;T_Mechanical_Metalness.png,SurfaceAppearance,84,PROTO_TANK__MEC
A,A_E_20_Zakkyo_P05_DISH__MEC,CP_Mechanical,MEC,T_Mechanical_Color.png;T_Mechanical_Normal.png;T_Mechanical_Roughness.png;T_Mechanical_Metalness.png,SurfaceAppearance,22,PROTO_DISH__MEC
A,A_E_20_Zakkyo_P06_DISH__MEC,CP_Mechanical,MEC,T_Mechanical_Color.png;T_Mechanical_Normal.png;T_Mechanical_Roughness.png;T_Mechanical_Metalness.png,SurfaceAppearance,22,PROTO_DISH__MEC
A,A_E_20_Zakkyo_P07_VENT__MEC,CP_Mechanical,MEC,T_Mechanical_Color.png;T_Mechanical_Normal.png;T_Mechanical_Roughness.png;T_Mechanical_Metalness.png,SurfaceAppearance,44,PROTO_VENT__MEC
A,A_E_20_Zakkyo__CON,CP_ConcreteDark,CON,T_ConcreteDark_Color.png;T_ConcreteDark_Normal.png;T_ConcreteDark_Roughness.png;T_ConcreteDark_Metalness.png,SurfaceAppearance,108,
A,A_E_20_Zakkyo__GLS,CP_GlassCurtain,GLS,T_GlassCurtain_Color.png;T_GlassCurtain_Normal.png;T_GlassCurtain_Roughness.png;T_GlassCurtain_Metalness.png,SurfaceAppearance (Color/Normal/Roughness/Metalness),4,
A,A_E_20_Zakkyo__MEC,CP_Mechanical,MEC,T_Mechanical_Color.png;T_Mechanical_Normal.png;T_Mechanical_Roughness.png;T_Mechanical_Metalness.png,SurfaceAppearance,60,
A,A_E_20_Zakkyo__NEON_MAG,CP_NEON_MAG,NEON_MAG,F_NEON_MAG.png (swatch only),"Material=Neon, Color=255,25,175 (CyberpunkConfig.NeonColors)",40,
A,A_E_20_Zakkyo__NEON_RED,CP_NEON_RED,NEON_RED,F_NEON_RED.png (swatch only),"Material=Neon, Color=255,32,45 (CyberpunkConfig.NeonColors)",32,
A,A_E_20_Zakkyo__NEON_VIO,CP_NEON_VIO,NEON_VIO,F_NEON_VIO.png (swatch only),"Material=Neon, Color=150,45,255 (CyberpunkConfig.NeonColors)",30,
A,A_E_20_Zakkyo__NEON_WHT,CP_NEON_WHT,NEON_WHT,F_NEON_WHT.png (swatch only),"Material=Neon, Color=215,228,255 (CyberpunkConfig.NeonColors)",10,
A,A_E_20_Zakkyo__PNL,CP_PanelMetal,PNL,T_PanelMetal_Color.png;T_PanelMetal_Normal.png;T_PanelMetal_Roughness.png;T_PanelMetal_Metalness.png,SurfaceAppearance,56,
A,A_E_20_Zakkyo__ROF,CP_RoofDeck,ROF,T_RoofDeck_Color.png;T_RoofDeck_Normal.png;T_RoofDeck_Roughness.png;T_RoofDeck_Metalness.png,SurfaceAppearance,6,
A,A_E_20_Zakkyo__SGH,CP_SignsH,SGH,signs_h.png,TextureID / SurfaceAppearance ColorMap (atlas),12,
A,A_E_20_Zakkyo__SGV,CP_SignsV,SGV,signs_v.png,TextureID / SurfaceAppearance ColorMap (atlas),14,
A,A_E_20_Zakkyo__SHOP_LIT,CP_SHOP_LIT,SHOP_LIT,F_SHOP_LIT.png (swatch only),"Material=Neon, Color=255,232,205 (CyberpunkConfig.NeonColors)",4,
A,A_E_20_Zakkyo__STL,CP_Steel,STL,T_Steel_Color.png;T_Steel_Normal.png;T_Steel_Roughness.png;T_Steel_Metalness.png,SurfaceAppearance,838,
A,A_E_20_Zakkyo__TEC,CP_TechPanel,TEC,T_TechPanel_Color.png;T_TechPanel_Normal.png;T_TechPanel_Roughness.png;T_TechPanel_Metalness.png,SurfaceAppearance,6,
A,A_E_20_Zakkyo__WIN_COL,CP_WIN_COL,WIN_COL,F_WIN_COL.png (swatch only),"Material=Neon, Color=140,195,255 (CyberpunkConfig.NeonColors)",34,
A,A_E_20_Zakkyo__WIN_WRM,CP_WIN_WRM,WIN_WRM,F_WIN_WRM.png (swatch only),"Material=Neon, Color=255,190,125 (CyberpunkConfig.NeonColors)",116,
A,A_E_21_Modern_P02_TANK__MEC,CP_Mechanical,MEC,T_Mechanical_Color.png;T_Mechanical_Normal.png;T_Mechanical_Roughness.png;T_Mechanical_Metalness.png,SurfaceAppearance,84,PROTO_TANK__MEC
A,A_E_21_Modern_P03_HVAC_S__MEC,CP_Mechanical,MEC,T_Mechanical_Color.png;T_Mechanical_Normal.png;T_Mechanical_Roughness.png;T_Mechanical_Metalness.png,SurfaceAppearance,32,PROTO_HVAC_S__MEC
A,A_E_21_Modern_P04_FANBOX__MEC,CP_Mechanical,MEC,T_Mechanical_Color.png;T_Mechanical_Normal.png;T_Mechanical_Roughness.png;T_Mechanical_Metalness.png,SurfaceAppearance,50,PROTO_FANBOX__MEC
A,A_E_21_Modern_P05_STACK__MEC,CP_Mechanical,MEC,T_Mechanical_Color.png;T_Mechanical_Normal.png;T_Mechanical_Roughness.png;T_Mechanical_Metalness.png,SurfaceAppearance,128,PROTO_STACK__MEC
A,A_E_21_Modern_P06_TANK__MEC,CP_Mechanical,MEC,T_Mechanical_Color.png;T_Mechanical_Normal.png;T_Mechanical_Roughness.png;T_Mechanical_Metalness.png,SurfaceAppearance,84,PROTO_TANK__MEC
A,A_E_21_Modern_P07_COOL__MEC,CP_Mechanical,MEC,T_Mechanical_Color.png;T_Mechanical_Normal.png;T_Mechanical_Roughness.png;T_Mechanical_Metalness.png,SurfaceAppearance,66,PROTO_COOL__MEC
A,A_E_21_Modern_P08_VENT__MEC,CP_Mechanical,MEC,T_Mechanical_Color.png;T_Mechanical_Normal.png;T_Mechanical_Roughness.png;T_Mechanical_Metalness.png,SurfaceAppearance,44,PROTO_VENT__MEC
A,A_E_21_Modern_P09_GEN__MEC,CP_Mechanical,MEC,T_Mechanical_Color.png;T_Mechanical_Normal.png;T_Mechanical_Roughness.png;T_Mechanical_Metalness.png,SurfaceAppearance,70,PROTO_GEN__MEC
A,A_E_21_Modern_P10_STACK__MEC,CP_Mechanical,MEC,T_Mechanical_Color.png;T_Mechanical_Normal.png;T_Mechanical_Roughness.png;T_Mechanical_Metalness.png,SurfaceAppearance,128,PROTO_STACK__MEC
A,A_E_21_Modern_P11_VENT__MEC,CP_Mechanical,MEC,T_Mechanical_Color.png;T_Mechanical_Normal.png;T_Mechanical_Roughness.png;T_Mechanical_Metalness.png,SurfaceAppearance,44,PROTO_VENT__MEC
A,A_E_21_Modern_P12_HVAC_S__MEC,CP_Mechanical,MEC,T_Mechanical_Color.png;T_Mechanical_Normal.png;T_Mechanical_Roughness.png;T_Mechanical_Metalness.png,SurfaceAppearance,32,PROTO_HVAC_S__MEC
A,A_E_21_Modern_V01_VEND_BODY__PNL,CP_PanelMetal,PNL,T_PanelMetal_Color.png;T_PanelMetal_Normal.png;T_PanelMetal_Roughness.png;T_PanelMetal_Metalness.png,SurfaceAppearance,10,PROTO_VEND_BODY__PNL
A,A_E_21_Modern_V01_VEND_FACE__SHOP_LIT,CP_SHOP_LIT,SHOP_LIT,F_SHOP_LIT.png (swatch only),"Material=Neon, Color=255,232,205 (CyberpunkConfig.NeonColors)",2,PROTO_VEND_FACE__SHOP_LIT
A,A_E_21_Modern__CON,CP_ConcreteDark,CON,T_ConcreteDark_Color.png;T_ConcreteDark_Normal.png;T_ConcreteDark_Roughness.png;T_ConcreteDark_Metalness.png,SurfaceAppearance,116,
A,A_E_21_Modern__GLS,CP_GlassCurtain,GLS,T_GlassCurtain_Color.png;T_GlassCurtain_Normal.png;T_GlassCurtain_Roughness.png;T_GlassCurtain_Metalness.png,SurfaceAppearance (Color/Normal/Roughness/Metalness),8,
A,A_E_21_Modern__MEC,CP_Mechanical,MEC,T_Mechanical_Color.png;T_Mechanical_Normal.png;T_Mechanical_Roughness.png;T_Mechanical_Metalness.png,SurfaceAppearance,200,
A,A_E_21_Modern__NEON_BLU,CP_NEON_BLU,NEON_BLU,F_NEON_BLU.png (swatch only),"Material=Neon, Color=30,95,255 (CyberpunkConfig.NeonColors)",20,
A,A_E_21_Modern__NEON_MAG,CP_NEON_MAG,NEON_MAG,F_NEON_MAG.png (swatch only),"Material=Neon, Color=255,25,175 (CyberpunkConfig.NeonColors)",20,
A,A_E_21_Modern__NEON_RED,CP_NEON_RED,NEON_RED,F_NEON_RED.png (swatch only),"Material=Neon, Color=255,32,45 (CyberpunkConfig.NeonColors)",226,
A,A_E_21_Modern__NEON_WHT,CP_NEON_WHT,NEON_WHT,F_NEON_WHT.png (swatch only),"Material=Neon, Color=215,228,255 (CyberpunkConfig.NeonColors)",84,
A,A_E_21_Modern__PNL,CP_PanelMetal,PNL,T_PanelMetal_Color.png;T_PanelMetal_Normal.png;T_PanelMetal_Roughness.png;T_PanelMetal_Metalness.png,SurfaceAppearance,66,
A,A_E_21_Modern__RIB,CP_GlassRibbon,RIB,T_GlassRibbon_Color.png;T_GlassRibbon_Normal.png;T_GlassRibbon_Roughness.png;T_GlassRibbon_Metalness.png,SurfaceAppearance,2,
A,A_E_21_Modern__ROF,CP_RoofDeck,ROF,T_RoofDeck_Color.png;T_RoofDeck_Normal.png;T_RoofDeck_Roughness.png;T_RoofDeck_Metalness.png,SurfaceAppearance,8,
A,A_E_21_Modern__SGH,CP_SignsH,SGH,signs_h.png,TextureID / SurfaceAppearance ColorMap (atlas),20,
A,A_E_21_Modern__SGV,CP_SignsV,SGV,signs_v.png,TextureID / SurfaceAppearance ColorMap (atlas),4,
A,A_E_21_Modern__STL,CP_Steel,STL,T_Steel_Color.png;T_Steel_Normal.png;T_Steel_Roughness.png;T_Steel_Metalness.png,SurfaceAppearance,2416,
A,A_E_21_Modern__TEC,CP_TechPanel,TEC,T_TechPanel_Color.png;T_TechPanel_Normal.png;T_TechPanel_Roughness.png;T_TechPanel_Metalness.png,SurfaceAppearance,8,
A,A_E_21_Modern__WIN_COL,CP_WIN_COL,WIN_COL,F_WIN_COL.png (swatch only),"Material=Neon, Color=140,195,255 (CyberpunkConfig.NeonColors)",56,
A,A_E_21_Modern__WIN_PNK,CP_WIN_PNK,WIN_PNK,F_WIN_PNK.png (swatch only),"Material=Neon, Color=255,120,200 (CyberpunkConfig.NeonColors)",2,
A,A_E_21_Modern__WIN_WRM,CP_WIN_WRM,WIN_WRM,F_WIN_WRM.png (swatch only),"Material=Neon, Color=255,190,125 (CyberpunkConfig.NeonColors)",218,
A,A_E_22_Mansion_P01_HVAC_S__MEC,CP_Mechanical,MEC,T_Mechanical_Color.png;T_Mechanical_Normal.png;T_Mechanical_Roughness.png;T_Mechanical_Metalness.png,SurfaceAppearance,32,PROTO_HVAC_S__MEC
A,A_E_22_Mansion_P02_COOL__MEC,CP_Mechanical,MEC,T_Mechanical_Color.png;T_Mechanical_Normal.png;T_Mechanical_Roughness.png;T_Mechanical_Metalness.png,SurfaceAppearance,66,PROTO_COOL__MEC
A,A_E_22_Mansion_P03_STACK__MEC,CP_Mechanical,MEC,T_Mechanical_Color.png;T_Mechanical_Normal.png;T_Mechanical_Roughness.png;T_Mechanical_Metalness.png,SurfaceAppearance,128,PROTO_STACK__MEC
A,A_E_22_Mansion_P04_DISH__MEC,CP_Mechanical,MEC,T_Mechanical_Color.png;T_Mechanical_Normal.png;T_Mechanical_Roughness.png;T_Mechanical_Metalness.png,SurfaceAppearance,22,PROTO_DISH__MEC
A,A_E_22_Mansion_P05_VENT__MEC,CP_Mechanical,MEC,T_Mechanical_Color.png;T_Mechanical_Normal.png;T_Mechanical_Roughness.png;T_Mechanical_Metalness.png,SurfaceAppearance,44,PROTO_VENT__MEC
A,A_E_22_Mansion_P06_HVAC_L__MEC,CP_Mechanical,MEC,T_Mechanical_Color.png;T_Mechanical_Normal.png;T_Mechanical_Roughness.png;T_Mechanical_Metalness.png,SurfaceAppearance,76,PROTO_HVAC_L__MEC
A,A_E_22_Mansion_P07_HVAC_S__MEC,CP_Mechanical,MEC,T_Mechanical_Color.png;T_Mechanical_Normal.png;T_Mechanical_Roughness.png;T_Mechanical_Metalness.png,SurfaceAppearance,32,PROTO_HVAC_S__MEC
A,A_E_22_Mansion_P08_TANK__MEC,CP_Mechanical,MEC,T_Mechanical_Color.png;T_Mechanical_Normal.png;T_Mechanical_Roughness.png;T_Mechanical_Metalness.png,SurfaceAppearance,84,PROTO_TANK__MEC
A,A_E_22_Mansion_P09_HVAC_L__MEC,CP_Mechanical,MEC,T_Mechanical_Color.png;T_Mechanical_Normal.png;T_Mechanical_Roughness.png;T_Mechanical_Metalness.png,SurfaceAppearance,76,PROTO_HVAC_L__MEC
A,A_E_22_Mansion_P10_DISH__MEC,CP_Mechanical,MEC,T_Mechanical_Color.png;T_Mechanical_Normal.png;T_Mechanical_Roughness.png;T_Mechanical_Metalness.png,SurfaceAppearance,22,PROTO_DISH__MEC
A,A_E_22_Mansion_P11_HVAC_S__MEC,CP_Mechanical,MEC,T_Mechanical_Color.png;T_Mechanical_Normal.png;T_Mechanical_Roughness.png;T_Mechanical_Metalness.png,SurfaceAppearance,32,PROTO_HVAC_S__MEC
A,A_E_22_Mansion_P12_HVAC_S__MEC,CP_Mechanical,MEC,T_Mechanical_Color.png;T_Mechanical_Normal.png;T_Mechanical_Roughness.png;T_Mechanical_Metalness.png,SurfaceAppearance,32,PROTO_HVAC_S__MEC
A,A_E_22_Mansion_P13_VENT__MEC,CP_Mechanical,MEC,T_Mechanical_Color.png;T_Mechanical_Normal.png;T_Mechanical_Roughness.png;T_Mechanical_Metalness.png,SurfaceAppearance,44,PROTO_VENT__MEC
A,A_E_22_Mansion_P14_HVAC_S__MEC,CP_Mechanical,MEC,T_Mechanical_Color.png;T_Mechanical_Normal.png;T_Mechanical_Roughness.png;T_Mechanical_Metalness.png,SurfaceAppearance,32,PROTO_HVAC_S__MEC
A,A_E_22_Mansion_P15_VENT__MEC,CP_Mechanical,MEC,T_Mechanical_Color.png;T_Mechanical_Normal.png;T_Mechanical_Roughness.png;T_Mechanical_Metalness.png,SurfaceAppearance,44,PROTO_VENT__MEC
A,A_E_22_Mansion_P16_COOL__MEC,CP_Mechanical,MEC,T_Mechanical_Color.png;T_Mechanical_Normal.png;T_Mechanical_Roughness.png;T_Mechanical_Metalness.png,SurfaceAppearance,66,PROTO_COOL__MEC
A,A_E_22_Mansion_P17_VENT__MEC,CP_Mechanical,MEC,T_Mechanical_Color.png;T_Mechanical_Normal.png;T_Mechanical_Roughness.png;T_Mechanical_Metalness.png,SurfaceAppearance,44,PROTO_VENT__MEC
A,A_E_22_Mansion__CON,CP_ConcreteDark,CON,T_ConcreteDark_Color.png;T_ConcreteDark_Normal.png;T_ConcreteDark_Roughness.png;T_ConcreteDark_Metalness.png,SurfaceAppearance,456,
A,A_E_22_Mansion__GLS,CP_GlassCurtain,GLS,T_GlassCurtain_Color.png;T_GlassCurtain_Normal.png;T_GlassCurtain_Roughness.png;T_GlassCurtain_Metalness.png,SurfaceAppearance (Color/Normal/Roughness/Metalness),16,
A,A_E_22_Mansion__MEC,CP_Mechanical,MEC,T_Mechanical_Color.png;T_Mechanical_Normal.png;T_Mechanical_Roughness.png;T_Mechanical_Metalness.png,SurfaceAppearance,124,
A,A_E_22_Mansion__NEON_BLU,CP_NEON_BLU,NEON_BLU,F_NEON_BLU.png (swatch only),"Material=Neon, Color=30,95,255 (CyberpunkConfig.NeonColors)",40,
A,A_E_22_Mansion__NEON_CYN,CP_NEON_CYN,NEON_CYN,F_NEON_CYN.png (swatch only),"Material=Neon, Color=0,230,255 (CyberpunkConfig.NeonColors)",96,
A,A_E_22_Mansion__NEON_VIO,CP_NEON_VIO,NEON_VIO,F_NEON_VIO.png (swatch only),"Material=Neon, Color=150,45,255 (CyberpunkConfig.NeonColors)",20,
A,A_E_22_Mansion__PNL,CP_PanelMetal,PNL,T_PanelMetal_Color.png;T_PanelMetal_Normal.png;T_PanelMetal_Roughness.png;T_PanelMetal_Metalness.png,SurfaceAppearance,54,
A,A_E_22_Mansion__ROF,CP_RoofDeck,ROF,T_RoofDeck_Color.png;T_RoofDeck_Normal.png;T_RoofDeck_Roughness.png;T_RoofDeck_Metalness.png,SurfaceAppearance,6,
A,A_E_22_Mansion__SGH,CP_SignsH,SGH,signs_h.png,TextureID / SurfaceAppearance ColorMap (atlas),12,
A,A_E_22_Mansion__SGV,CP_SignsV,SGV,signs_v.png,TextureID / SurfaceAppearance ColorMap (atlas),4,
A,A_E_22_Mansion__SHOP_LIT,CP_SHOP_LIT,SHOP_LIT,F_SHOP_LIT.png (swatch only),"Material=Neon, Color=255,232,205 (CyberpunkConfig.NeonColors)",4,
A,A_E_22_Mansion__STL,CP_Steel,STL,T_Steel_Color.png;T_Steel_Normal.png;T_Steel_Roughness.png;T_Steel_Metalness.png,SurfaceAppearance,576,
A,A_E_22_Mansion__TEC,CP_TechPanel,TEC,T_TechPanel_Color.png;T_TechPanel_Normal.png;T_TechPanel_Roughness.png;T_TechPanel_Metalness.png,SurfaceAppearance,168,
A,A_E_22_Mansion__WIN_COL,CP_WIN_COL,WIN_COL,F_WIN_COL.png (swatch only),"Material=Neon, Color=140,195,255 (CyberpunkConfig.NeonColors)",154,
A,A_E_22_Mansion__WIN_PNK,CP_WIN_PNK,WIN_PNK,F_WIN_PNK.png (swatch only),"Material=Neon, Color=255,120,200 (CyberpunkConfig.NeonColors)",2,
A,A_E_22_Mansion__WIN_VIO,CP_WIN_VIO,WIN_VIO,F_WIN_VIO.png (swatch only),"Material=Neon, Color=170,130,255 (CyberpunkConfig.NeonColors)",28,
A,A_E_23_Louver_P01_DISH__MEC,CP_Mechanical,MEC,T_Mechanical_Color.png;T_Mechanical_Normal.png;T_Mechanical_Roughness.png;T_Mechanical_Metalness.png,SurfaceAppearance,22,PROTO_DISH__MEC
A,A_E_23_Louver_P02_HVAC_S__MEC,CP_Mechanical,MEC,T_Mechanical_Color.png;T_Mechanical_Normal.png;T_Mechanical_Roughness.png;T_Mechanical_Metalness.png,SurfaceAppearance,32,PROTO_HVAC_S__MEC
A,A_E_23_Louver_P03_STACK__MEC,CP_Mechanical,MEC,T_Mechanical_Color.png;T_Mechanical_Normal.png;T_Mechanical_Roughness.png;T_Mechanical_Metalness.png,SurfaceAppearance,128,PROTO_STACK__MEC
A,A_E_23_Louver_P04_HVAC_L__MEC,CP_Mechanical,MEC,T_Mechanical_Color.png;T_Mechanical_Normal.png;T_Mechanical_Roughness.png;T_Mechanical_Metalness.png,SurfaceAppearance,76,PROTO_HVAC_L__MEC
A,A_E_23_Louver_P05_STACK__MEC,CP_Mechanical,MEC,T_Mechanical_Color.png;T_Mechanical_Normal.png;T_Mechanical_Roughness.png;T_Mechanical_Metalness.png,SurfaceAppearance,128,PROTO_STACK__MEC
A,A_E_23_Louver_P06_HVAC_S__MEC,CP_Mechanical,MEC,T_Mechanical_Color.png;T_Mechanical_Normal.png;T_Mechanical_Roughness.png;T_Mechanical_Metalness.png,SurfaceAppearance,32,PROTO_HVAC_S__MEC
A,A_E_23_Louver_P07_VENT__MEC,CP_Mechanical,MEC,T_Mechanical_Color.png;T_Mechanical_Normal.png;T_Mechanical_Roughness.png;T_Mechanical_Metalness.png,SurfaceAppearance,44,PROTO_VENT__MEC
A,A_E_23_Louver_P08_STACK__MEC,CP_Mechanical,MEC,T_Mechanical_Color.png;T_Mechanical_Normal.png;T_Mechanical_Roughness.png;T_Mechanical_Metalness.png,SurfaceAppearance,128,PROTO_STACK__MEC
A,A_E_23_Louver__CON,CP_ConcreteDark,CON,T_ConcreteDark_Color.png;T_ConcreteDark_Normal.png;T_ConcreteDark_Roughness.png;T_ConcreteDark_Metalness.png,SurfaceAppearance,116,
A,A_E_23_Louver__GLS,CP_GlassCurtain,GLS,T_GlassCurtain_Color.png;T_GlassCurtain_Normal.png;T_GlassCurtain_Roughness.png;T_GlassCurtain_Metalness.png,SurfaceAppearance (Color/Normal/Roughness/Metalness),10,
A,A_E_23_Louver__MEC,CP_Mechanical,MEC,T_Mechanical_Color.png;T_Mechanical_Normal.png;T_Mechanical_Roughness.png;T_Mechanical_Metalness.png,SurfaceAppearance,140,
A,A_E_23_Louver__NEON_AMB,CP_NEON_AMB,NEON_AMB,F_NEON_AMB.png (swatch only),"Material=Neon, Color=255,150,25 (CyberpunkConfig.NeonColors)",36,
A,A_E_23_Louver__NEON_BLU,CP_NEON_BLU,NEON_BLU,F_NEON_BLU.png (swatch only),"Material=Neon, Color=30,95,255 (CyberpunkConfig.NeonColors)",20,
A,A_E_23_Louver__NEON_CYN,CP_NEON_CYN,NEON_CYN,F_NEON_CYN.png (swatch only),"Material=Neon, Color=0,230,255 (CyberpunkConfig.NeonColors)",20,
A,A_E_23_Louver__NEON_MAG,CP_NEON_MAG,NEON_MAG,F_NEON_MAG.png (swatch only),"Material=Neon, Color=255,25,175 (CyberpunkConfig.NeonColors)",40,
A,A_E_23_Louver__NEON_RED,CP_NEON_RED,NEON_RED,F_NEON_RED.png (swatch only),"Material=Neon, Color=255,32,45 (CyberpunkConfig.NeonColors)",52,
A,A_E_23_Louver__NEON_WHT,CP_NEON_WHT,NEON_WHT,F_NEON_WHT.png (swatch only),"Material=Neon, Color=215,228,255 (CyberpunkConfig.NeonColors)",10,
A,A_E_23_Louver__PNL,CP_PanelMetal,PNL,T_PanelMetal_Color.png;T_PanelMetal_Normal.png;T_PanelMetal_Roughness.png;T_PanelMetal_Metalness.png,SurfaceAppearance,168,
A,A_E_23_Louver__ROF,CP_RoofDeck,ROF,T_RoofDeck_Color.png;T_RoofDeck_Normal.png;T_RoofDeck_Roughness.png;T_RoofDeck_Metalness.png,SurfaceAppearance,8,
A,A_E_23_Louver__SGH,CP_SignsH,SGH,signs_h.png,TextureID / SurfaceAppearance ColorMap (atlas),24,
A,A_E_23_Louver__SGV,CP_SignsV,SGV,signs_v.png,TextureID / SurfaceAppearance ColorMap (atlas),18,
A,A_E_23_Louver__SHOP_LIT,CP_SHOP_LIT,SHOP_LIT,F_SHOP_LIT.png (swatch only),"Material=Neon, Color=255,232,205 (CyberpunkConfig.NeonColors)",2,
A,A_E_23_Louver__STL,CP_Steel,STL,T_Steel_Color.png;T_Steel_Normal.png;T_Steel_Roughness.png;T_Steel_Metalness.png,SurfaceAppearance,1196,
A,A_E_23_Louver__TEC,CP_TechPanel,TEC,T_TechPanel_Color.png;T_TechPanel_Normal.png;T_TechPanel_Roughness.png;T_TechPanel_Metalness.png,SurfaceAppearance,8,
A,A_E_23_Louver__WIN_COL,CP_WIN_COL,WIN_COL,F_WIN_COL.png (swatch only),"Material=Neon, Color=140,195,255 (CyberpunkConfig.NeonColors)",166,
A,A_E_23_Louver__WIN_VIO,CP_WIN_VIO,WIN_VIO,F_WIN_VIO.png (swatch only),"Material=Neon, Color=170,130,255 (CyberpunkConfig.NeonColors)",38,
A,A_Gate_E0__GLS,CP_GlassCurtain,GLS,T_GlassCurtain_Color.png;T_GlassCurtain_Normal.png;T_GlassCurtain_Roughness.png;T_GlassCurtain_Metalness.png,SurfaceAppearance (Color/Normal/Roughness/Metalness),16,
A,A_Gate_E0__NEON_MAG,CP_NEON_MAG,NEON_MAG,F_NEON_MAG.png (swatch only),"Material=Neon, Color=255,25,175 (CyberpunkConfig.NeonColors)",50,
A,A_Gate_E0__NEON_VIO,CP_NEON_VIO,NEON_VIO,F_NEON_VIO.png (swatch only),"Material=Neon, Color=150,45,255 (CyberpunkConfig.NeonColors)",20,
A,A_Gate_E0__PNL,CP_PanelMetal,PNL,T_PanelMetal_Color.png;T_PanelMetal_Normal.png;T_PanelMetal_Roughness.png;T_PanelMetal_Metalness.png,SurfaceAppearance,2,
A,A_Gate_E0__STL,CP_Steel,STL,T_Steel_Color.png;T_Steel_Normal.png;T_Steel_Roughness.png;T_Steel_Metalness.png,SurfaceAppearance,212,
A,A_Gate_E0__WIN_VIO,CP_WIN_VIO,WIN_VIO,F_WIN_VIO.png (swatch only),"Material=Neon, Color=170,130,255 (CyberpunkConfig.NeonColors)",2,
A,A_Gate_N1__GLS,CP_GlassCurtain,GLS,T_GlassCurtain_Color.png;T_GlassCurtain_Normal.png;T_GlassCurtain_Roughness.png;T_GlassCurtain_Metalness.png,SurfaceAppearance (Color/Normal/Roughness/Metalness),16,
A,A_Gate_N1__NEON_CYN,CP_NEON_CYN,NEON_CYN,F_NEON_CYN.png (swatch only),"Material=Neon, Color=0,230,255 (CyberpunkConfig.NeonColors)",20,
A,A_Gate_N1__NEON_VIO,CP_NEON_VIO,NEON_VIO,F_NEON_VIO.png (swatch only),"Material=Neon, Color=150,45,255 (CyberpunkConfig.NeonColors)",50,
A,A_Gate_N1__PNL,CP_PanelMetal,PNL,T_PanelMetal_Color.png;T_PanelMetal_Normal.png;T_PanelMetal_Roughness.png;T_PanelMetal_Metalness.png,SurfaceAppearance,2,
A,A_Gate_N1__STL,CP_Steel,STL,T_Steel_Color.png;T_Steel_Normal.png;T_Steel_Roughness.png;T_Steel_Metalness.png,SurfaceAppearance,212,
A,A_Gate_N1__WIN_VIO,CP_WIN_VIO,WIN_VIO,F_WIN_VIO.png (swatch only),"Material=Neon, Color=170,130,255 (CyberpunkConfig.NeonColors)",2,
A,A_Gate_S2__GLS,CP_GlassCurtain,GLS,T_GlassCurtain_Color.png;T_GlassCurtain_Normal.png;T_GlassCurtain_Roughness.png;T_GlassCurtain_Metalness.png,SurfaceAppearance (Color/Normal/Roughness/Metalness),16,
A,A_Gate_S2__NEON_CYN,CP_NEON_CYN,NEON_CYN,F_NEON_CYN.png (swatch only),"Material=Neon, Color=0,230,255 (CyberpunkConfig.NeonColors)",50,
A,A_Gate_S2__NEON_VIO,CP_NEON_VIO,NEON_VIO,F_NEON_VIO.png (swatch only),"Material=Neon, Color=150,45,255 (CyberpunkConfig.NeonColors)",20,
A,A_Gate_S2__PNL,CP_PanelMetal,PNL,T_PanelMetal_Color.png;T_PanelMetal_Normal.png;T_PanelMetal_Roughness.png;T_PanelMetal_Metalness.png,SurfaceAppearance,2,
A,A_Gate_S2__STL,CP_Steel,STL,T_Steel_Color.png;T_Steel_Normal.png;T_Steel_Roughness.png;T_Steel_Metalness.png,SurfaceAppearance,212,
A,A_Gate_S2__WIN_VIO,CP_WIN_VIO,WIN_VIO,F_WIN_VIO.png (swatch only),"Material=Neon, Color=170,130,255 (CyberpunkConfig.NeonColors)",2,
A,A_Gate_W3__GLS,CP_GlassCurtain,GLS,T_GlassCurtain_Color.png;T_GlassCurtain_Normal.png;T_GlassCurtain_Roughness.png;T_GlassCurtain_Metalness.png,SurfaceAppearance (Color/Normal/Roughness/Metalness),16,
A,A_Gate_W3__NEON_BLU,CP_NEON_BLU,NEON_BLU,F_NEON_BLU.png (swatch only),"Material=Neon, Color=30,95,255 (CyberpunkConfig.NeonColors)",20,
A,A_Gate_W3__NEON_CYN,CP_NEON_CYN,NEON_CYN,F_NEON_CYN.png (swatch only),"Material=Neon, Color=0,230,255 (CyberpunkConfig.NeonColors)",50,
A,A_Gate_W3__PNL,CP_PanelMetal,PNL,T_PanelMetal_Color.png;T_PanelMetal_Normal.png;T_PanelMetal_Roughness.png;T_PanelMetal_Metalness.png,SurfaceAppearance,2,
A,A_Gate_W3__STL,CP_Steel,STL,T_Steel_Color.png;T_Steel_Normal.png;T_Steel_Roughness.png;T_Steel_Metalness.png,SurfaceAppearance,212,
A,A_Gate_W3__WIN_VIO,CP_WIN_VIO,WIN_VIO,F_WIN_VIO.png (swatch only),"Material=Neon, Color=170,130,255 (CyberpunkConfig.NeonColors)",2,
A,A_N_01_Louver_P02_COOL__MEC,CP_Mechanical,MEC,T_Mechanical_Color.png;T_Mechanical_Normal.png;T_Mechanical_Roughness.png;T_Mechanical_Metalness.png,SurfaceAppearance,66,PROTO_COOL__MEC
A,A_N_01_Louver_P03_DISH__MEC,CP_Mechanical,MEC,T_Mechanical_Color.png;T_Mechanical_Normal.png;T_Mechanical_Roughness.png;T_Mechanical_Metalness.png,SurfaceAppearance,22,PROTO_DISH__MEC
A,A_N_01_Louver_P04_HVAC_S__MEC,CP_Mechanical,MEC,T_Mechanical_Color.png;T_Mechanical_Normal.png;T_Mechanical_Roughness.png;T_Mechanical_Metalness.png,SurfaceAppearance,32,PROTO_HVAC_S__MEC
A,A_N_01_Louver_P05_HVAC_S__MEC,CP_Mechanical,MEC,T_Mechanical_Color.png;T_Mechanical_Normal.png;T_Mechanical_Roughness.png;T_Mechanical_Metalness.png,SurfaceAppearance,32,PROTO_HVAC_S__MEC
A,A_N_01_Louver_P06_HVAC_S__MEC,CP_Mechanical,MEC,T_Mechanical_Color.png;T_Mechanical_Normal.png;T_Mechanical_Roughness.png;T_Mechanical_Metalness.png,SurfaceAppearance,32,PROTO_HVAC_S__MEC
A,A_N_01_Louver_P07_VENT__MEC,CP_Mechanical,MEC,T_Mechanical_Color.png;T_Mechanical_Normal.png;T_Mechanical_Roughness.png;T_Mechanical_Metalness.png,SurfaceAppearance,44,PROTO_VENT__MEC
A,A_N_01_Louver_P08_FANBOX__MEC,CP_Mechanical,MEC,T_Mechanical_Color.png;T_Mechanical_Normal.png;T_Mechanical_Roughness.png;T_Mechanical_Metalness.png,SurfaceAppearance,50,PROTO_FANBOX__MEC
A,A_N_01_Louver_P09_HVAC_S__MEC,CP_Mechanical,MEC,T_Mechanical_Color.png;T_Mechanical_Normal.png;T_Mechanical_Roughness.png;T_Mechanical_Metalness.png,SurfaceAppearance,32,PROTO_HVAC_S__MEC
A,A_N_01_Louver_P10_VENT__MEC,CP_Mechanical,MEC,T_Mechanical_Color.png;T_Mechanical_Normal.png;T_Mechanical_Roughness.png;T_Mechanical_Metalness.png,SurfaceAppearance,44,PROTO_VENT__MEC
A,A_N_01_Louver_P11_STACK__MEC,CP_Mechanical,MEC,T_Mechanical_Color.png;T_Mechanical_Normal.png;T_Mechanical_Roughness.png;T_Mechanical_Metalness.png,SurfaceAppearance,128,PROTO_STACK__MEC
A,A_N_01_Louver_P12_HVAC_S__MEC,CP_Mechanical,MEC,T_Mechanical_Color.png;T_Mechanical_Normal.png;T_Mechanical_Roughness.png;T_Mechanical_Metalness.png,SurfaceAppearance,32,PROTO_HVAC_S__MEC
A,A_N_01_Louver_V01_VEND_BODY__PNL,CP_PanelMetal,PNL,T_PanelMetal_Color.png;T_PanelMetal_Normal.png;T_PanelMetal_Roughness.png;T_PanelMetal_Metalness.png,SurfaceAppearance,10,PROTO_VEND_BODY__PNL
A,A_N_01_Louver_V01_VEND_FACE__SHOP_LIT,CP_SHOP_LIT,SHOP_LIT,F_SHOP_LIT.png (swatch only),"Material=Neon, Color=255,232,205 (CyberpunkConfig.NeonColors)",2,PROTO_VEND_FACE__SHOP_LIT
A,A_N_01_Louver__CON,CP_ConcreteDark,CON,T_ConcreteDark_Color.png;T_ConcreteDark_Normal.png;T_ConcreteDark_Roughness.png;T_ConcreteDark_Metalness.png,SurfaceAppearance,140,
A,A_N_01_Louver__GLS,CP_GlassCurtain,GLS,T_GlassCurtain_Color.png;T_GlassCurtain_Normal.png;T_GlassCurtain_Roughness.png;T_GlassCurtain_Metalness.png,SurfaceAppearance (Color/Normal/Roughness/Metalness),10,
A,A_N_01_Louver__MEC,CP_Mechanical,MEC,T_Mechanical_Color.png;T_Mechanical_Normal.png;T_Mechanical_Roughness.png;T_Mechanical_Metalness.png,SurfaceAppearance,110,
A,A_N_01_Louver__NEON_MAG,CP_NEON_MAG,NEON_MAG,F_NEON_MAG.png (swatch only),"Material=Neon, Color=255,25,175 (CyberpunkConfig.NeonColors)",10,
A,A_N_01_Louver__NEON_RED,CP_NEON_RED,NEON_RED,F_NEON_RED.png (swatch only),"Material=Neon, Color=255,32,45 (CyberpunkConfig.NeonColors)",10,
A,A_N_01_Louver__NEON_WHT,CP_NEON_WHT,NEON_WHT,F_NEON_WHT.png (swatch only),"Material=Neon, Color=215,228,255 (CyberpunkConfig.NeonColors)",10,
A,A_N_01_Louver__PNL,CP_PanelMetal,PNL,T_PanelMetal_Color.png;T_PanelMetal_Normal.png;T_PanelMetal_Roughness.png;T_PanelMetal_Metalness.png,SurfaceAppearance,184,
A,A_N_01_Louver__ROF,CP_RoofDeck,ROF,T_RoofDeck_Color.png;T_RoofDeck_Normal.png;T_RoofDeck_Roughness.png;T_RoofDeck_Metalness.png,SurfaceAppearance,6,
A,A_N_01_Louver__SGH,CP_SignsH,SGH,signs_h.png,TextureID / SurfaceAppearance ColorMap (atlas),10,
A,A_N_01_Louver__SGV,CP_SignsV,SGV,signs_v.png,TextureID / SurfaceAppearance ColorMap (atlas),8,
A,A_N_01_Louver__SHOP_LIT,CP_SHOP_LIT,SHOP_LIT,F_SHOP_LIT.png (swatch only),"Material=Neon, Color=255,232,205 (CyberpunkConfig.NeonColors)",2,
A,A_N_01_Louver__STL,CP_Steel,STL,T_Steel_Color.png;T_Steel_Normal.png;T_Steel_Roughness.png;T_Steel_Metalness.png,SurfaceAppearance,448,
A,A_N_01_Louver__WIN_COL,CP_WIN_COL,WIN_COL,F_WIN_COL.png (swatch only),"Material=Neon, Color=140,195,255 (CyberpunkConfig.NeonColors)",138,
A,A_N_01_Louver__WIN_VIO,CP_WIN_VIO,WIN_VIO,F_WIN_VIO.png (swatch only),"Material=Neon, Color=170,130,255 (CyberpunkConfig.NeonColors)",24,
A,A_N_02_Mansion_P02_FANBOX__MEC,CP_Mechanical,MEC,T_Mechanical_Color.png;T_Mechanical_Normal.png;T_Mechanical_Roughness.png;T_Mechanical_Metalness.png,SurfaceAppearance,50,PROTO_FANBOX__MEC
A,A_N_02_Mansion_P03_HVAC_S__MEC,CP_Mechanical,MEC,T_Mechanical_Color.png;T_Mechanical_Normal.png;T_Mechanical_Roughness.png;T_Mechanical_Metalness.png,SurfaceAppearance,32,PROTO_HVAC_S__MEC
A,A_N_02_Mansion_P04_DISH__MEC,CP_Mechanical,MEC,T_Mechanical_Color.png;T_Mechanical_Normal.png;T_Mechanical_Roughness.png;T_Mechanical_Metalness.png,SurfaceAppearance,22,PROTO_DISH__MEC
A,A_N_02_Mansion_P05_VENT__MEC,CP_Mechanical,MEC,T_Mechanical_Color.png;T_Mechanical_Normal.png;T_Mechanical_Roughness.png;T_Mechanical_Metalness.png,SurfaceAppearance,44,PROTO_VENT__MEC
A,A_N_02_Mansion_P06_DISH__MEC,CP_Mechanical,MEC,T_Mechanical_Color.png;T_Mechanical_Normal.png;T_Mechanical_Roughness.png;T_Mechanical_Metalness.png,SurfaceAppearance,22,PROTO_DISH__MEC
A,A_N_02_Mansion_P07_HVAC_S__MEC,CP_Mechanical,MEC,T_Mechanical_Color.png;T_Mechanical_Normal.png;T_Mechanical_Roughness.png;T_Mechanical_Metalness.png,SurfaceAppearance,32,PROTO_HVAC_S__MEC
A,A_N_02_Mansion_P08_STACK__MEC,CP_Mechanical,MEC,T_Mechanical_Color.png;T_Mechanical_Normal.png;T_Mechanical_Roughness.png;T_Mechanical_Metalness.png,SurfaceAppearance,128,PROTO_STACK__MEC
A,A_N_02_Mansion_P09_STACK__MEC,CP_Mechanical,MEC,T_Mechanical_Color.png;T_Mechanical_Normal.png;T_Mechanical_Roughness.png;T_Mechanical_Metalness.png,SurfaceAppearance,128,PROTO_STACK__MEC
A,A_N_02_Mansion_P10_DISH__MEC,CP_Mechanical,MEC,T_Mechanical_Color.png;T_Mechanical_Normal.png;T_Mechanical_Roughness.png;T_Mechanical_Metalness.png,SurfaceAppearance,22,PROTO_DISH__MEC
A,A_N_02_Mansion_P11_STACK__MEC,CP_Mechanical,MEC,T_Mechanical_Color.png;T_Mechanical_Normal.png;T_Mechanical_Roughness.png;T_Mechanical_Metalness.png,SurfaceAppearance,128,PROTO_STACK__MEC
A,A_N_02_Mansion_P12_GEN__MEC,CP_Mechanical,MEC,T_Mechanical_Color.png;T_Mechanical_Normal.png;T_Mechanical_Roughness.png;T_Mechanical_Metalness.png,SurfaceAppearance,70,PROTO_GEN__MEC
A,A_N_02_Mansion_P13_COOL__MEC,CP_Mechanical,MEC,T_Mechanical_Color.png;T_Mechanical_Normal.png;T_Mechanical_Roughness.png;T_Mechanical_Metalness.png,SurfaceAppearance,66,PROTO_COOL__MEC
A,A_N_02_Mansion_P14_FANBOX__MEC,CP_Mechanical,MEC,T_Mechanical_Color.png;T_Mechanical_Normal.png;T_Mechanical_Roughness.png;T_Mechanical_Metalness.png,SurfaceAppearance,50,PROTO_FANBOX__MEC
A,A_N_02_Mansion_P15_DISH__MEC,CP_Mechanical,MEC,T_Mechanical_Color.png;T_Mechanical_Normal.png;T_Mechanical_Roughness.png;T_Mechanical_Metalness.png,SurfaceAppearance,22,PROTO_DISH__MEC
A,A_N_02_Mansion_P16_VENT__MEC,CP_Mechanical,MEC,T_Mechanical_Color.png;T_Mechanical_Normal.png;T_Mechanical_Roughness.png;T_Mechanical_Metalness.png,SurfaceAppearance,44,PROTO_VENT__MEC
A,A_N_02_Mansion_P17_DISH__MEC,CP_Mechanical,MEC,T_Mechanical_Color.png;T_Mechanical_Normal.png;T_Mechanical_Roughness.png;T_Mechanical_Metalness.png,SurfaceAppearance,22,PROTO_DISH__MEC
A,A_N_02_Mansion_P18_FANBOX__MEC,CP_Mechanical,MEC,T_Mechanical_Color.png;T_Mechanical_Normal.png;T_Mechanical_Roughness.png;T_Mechanical_Metalness.png,SurfaceAppearance,50,PROTO_FANBOX__MEC
A,A_N_02_Mansion_P19_VENT__MEC,CP_Mechanical,MEC,T_Mechanical_Color.png;T_Mechanical_Normal.png;T_Mechanical_Roughness.png;T_Mechanical_Metalness.png,SurfaceAppearance,44,PROTO_VENT__MEC
A,A_N_02_Mansion_P20_VENT__MEC,CP_Mechanical,MEC,T_Mechanical_Color.png;T_Mechanical_Normal.png;T_Mechanical_Roughness.png;T_Mechanical_Metalness.png,SurfaceAppearance,44,PROTO_VENT__MEC
A,A_N_02_Mansion_P21_DISH__MEC,CP_Mechanical,MEC,T_Mechanical_Color.png;T_Mechanical_Normal.png;T_Mechanical_Roughness.png;T_Mechanical_Metalness.png,SurfaceAppearance,22,PROTO_DISH__MEC
A,A_N_02_Mansion_V01_VEND_BODY__PNL,CP_PanelMetal,PNL,T_PanelMetal_Color.png;T_PanelMetal_Normal.png;T_PanelMetal_Roughness.png;T_PanelMetal_Metalness.png,SurfaceAppearance,10,PROTO_VEND_BODY__PNL
A,A_N_02_Mansion_V01_VEND_FACE__SHOP_LIT,CP_SHOP_LIT,SHOP_LIT,F_SHOP_LIT.png (swatch only),"Material=Neon, Color=255,232,205 (CyberpunkConfig.NeonColors)",2,PROTO_VEND_FACE__SHOP_LIT
A,A_N_02_Mansion__CON,CP_ConcreteDark,CON,T_ConcreteDark_Color.png;T_ConcreteDark_Normal.png;T_ConcreteDark_Roughness.png;T_ConcreteDark_Metalness.png,SurfaceAppearance,662,
A,A_N_02_Mansion__GLS,CP_GlassCurtain,GLS,T_GlassCurtain_Color.png;T_GlassCurtain_Normal.png;T_GlassCurtain_Roughness.png;T_GlassCurtain_Metalness.png,SurfaceAppearance (Color/Normal/Roughness/Metalness),14,
A,A_N_02_Mansion__MEC,CP_Mechanical,MEC,T_Mechanical_Color.png;T_Mechanical_Normal.png;T_Mechanical_Roughness.png;T_Mechanical_Metalness.png,SurfaceAppearance,332,
A,A_N_02_Mansion__NEON_CYN,CP_NEON_CYN,NEON_CYN,F_NEON_CYN.png (swatch only),"Material=Neon, Color=0,230,255 (CyberpunkConfig.NeonColors)",70,
A,A_N_02_Mansion__NEON_MAG,CP_NEON_MAG,NEON_MAG,F_NEON_MAG.png (swatch only),"Material=Neon, Color=255,25,175 (CyberpunkConfig.NeonColors)",140,
A,A_N_02_Mansion__NEON_RED,CP_NEON_RED,NEON_RED,F_NEON_RED.png (swatch only),"Material=Neon, Color=255,32,45 (CyberpunkConfig.NeonColors)",32,
A,A_N_02_Mansion__NEON_VIO,CP_NEON_VIO,NEON_VIO,F_NEON_VIO.png (swatch only),"Material=Neon, Color=150,45,255 (CyberpunkConfig.NeonColors)",10,
A,A_N_02_Mansion__NEON_WHT,CP_NEON_WHT,NEON_WHT,F_NEON_WHT.png (swatch only),"Material=Neon, Color=215,228,255 (CyberpunkConfig.NeonColors)",30,
A,A_N_02_Mansion__PNL,CP_PanelMetal,PNL,T_PanelMetal_Color.png;T_PanelMetal_Normal.png;T_PanelMetal_Roughness.png;T_PanelMetal_Metalness.png,SurfaceAppearance,48,
A,A_N_02_Mansion__ROF,CP_RoofDeck,ROF,T_RoofDeck_Color.png;T_RoofDeck_Normal.png;T_RoofDeck_Roughness.png;T_RoofDeck_Metalness.png,SurfaceAppearance,12,
A,A_N_02_Mansion__SGH,CP_SignsH,SGH,signs_h.png,TextureID / SurfaceAppearance ColorMap (atlas),14,
A,A_N_02_Mansion__SGV,CP_SignsV,SGV,signs_v.png,TextureID / SurfaceAppearance ColorMap (atlas),6,
A,A_N_02_Mansion__SHOP_LIT,CP_SHOP_LIT,SHOP_LIT,F_SHOP_LIT.png (swatch only),"Material=Neon, Color=255,232,205 (CyberpunkConfig.NeonColors)",2,
A,A_N_02_Mansion__STL,CP_Steel,STL,T_Steel_Color.png;T_Steel_Normal.png;T_Steel_Roughness.png;T_Steel_Metalness.png,SurfaceAppearance,1006,
A,A_N_02_Mansion__TEC,CP_TechPanel,TEC,T_TechPanel_Color.png;T_TechPanel_Normal.png;T_TechPanel_Roughness.png;T_TechPanel_Metalness.png,SurfaceAppearance,224,
A,A_N_02_Mansion__WIN_COL,CP_WIN_COL,WIN_COL,F_WIN_COL.png (swatch only),"Material=Neon, Color=140,195,255 (CyberpunkConfig.NeonColors)",2,
A,A_N_02_Mansion__WIN_PNK,CP_WIN_PNK,WIN_PNK,F_WIN_PNK.png (swatch only),"Material=Neon, Color=255,120,200 (CyberpunkConfig.NeonColors)",32,
A,A_N_02_Mansion__WIN_VIO,CP_WIN_VIO,WIN_VIO,F_WIN_VIO.png (swatch only),"Material=Neon, Color=170,130,255 (CyberpunkConfig.NeonColors)",138,
A,A_N_02_Mansion__WIN_WRM,CP_WIN_WRM,WIN_WRM,F_WIN_WRM.png (swatch only),"Material=Neon, Color=255,190,125 (CyberpunkConfig.NeonColors)",2,
A,A_N_03_Zakkyo_P02_VENT__MEC,CP_Mechanical,MEC,T_Mechanical_Color.png;T_Mechanical_Normal.png;T_Mechanical_Roughness.png;T_Mechanical_Metalness.png,SurfaceAppearance,44,PROTO_VENT__MEC
A,A_N_03_Zakkyo_P03_VENT__MEC,CP_Mechanical,MEC,T_Mechanical_Color.png;T_Mechanical_Normal.png;T_Mechanical_Roughness.png;T_Mechanical_Metalness.png,SurfaceAppearance,44,PROTO_VENT__MEC
A,A_N_03_Zakkyo_P04_HVAC_S__MEC,CP_Mechanical,MEC,T_Mechanical_Color.png;T_Mechanical_Normal.png;T_Mechanical_Roughness.png;T_Mechanical_Metalness.png,SurfaceAppearance,32,PROTO_HVAC_S__MEC
A,A_N_03_Zakkyo_P05_TANK__MEC,CP_Mechanical,MEC,T_Mechanical_Color.png;T_Mechanical_Normal.png;T_Mechanical_Roughness.png;T_Mechanical_Metalness.png,SurfaceAppearance,84,PROTO_TANK__MEC
A,A_N_03_Zakkyo_P06_VENT__MEC,CP_Mechanical,MEC,T_Mechanical_Color.png;T_Mechanical_Normal.png;T_Mechanical_Roughness.png;T_Mechanical_Metalness.png,SurfaceAppearance,44,PROTO_VENT__MEC
A,A_N_03_Zakkyo_P07_GEN__MEC,CP_Mechanical,MEC,T_Mechanical_Color.png;T_Mechanical_Normal.png;T_Mechanical_Roughness.png;T_Mechanical_Metalness.png,SurfaceAppearance,70,PROTO_GEN__MEC
A,A_N_03_Zakkyo_V01_VEND_BODY__PNL,CP_PanelMetal,PNL,T_PanelMetal_Color.png;T_PanelMetal_Normal.png;T_PanelMetal_Roughness.png;T_PanelMetal_Metalness.png,SurfaceAppearance,10,PROTO_VEND_BODY__PNL
A,A_N_03_Zakkyo_V01_VEND_FACE__SHOP_LIT,CP_SHOP_LIT,SHOP_LIT,F_SHOP_LIT.png (swatch only),"Material=Neon, Color=255,232,205 (CyberpunkConfig.NeonColors)",2,PROTO_VEND_FACE__SHOP_LIT
A,A_N_03_Zakkyo__CON,CP_ConcreteDark,CON,T_ConcreteDark_Color.png;T_ConcreteDark_Normal.png;T_ConcreteDark_Roughness.png;T_ConcreteDark_Metalness.png,SurfaceAppearance,100,
A,A_N_03_Zakkyo__GLS,CP_GlassCurtain,GLS,T_GlassCurtain_Color.png;T_GlassCurtain_Normal.png;T_GlassCurtain_Roughness.png;T_GlassCurtain_Metalness.png,SurfaceAppearance (Color/Normal/Roughness/Metalness),62,
A,A_N_03_Zakkyo__MEC,CP_Mechanical,MEC,T_Mechanical_Color.png;T_Mechanical_Normal.png;T_Mechanical_Roughness.png;T_Mechanical_Metalness.png,SurfaceAppearance,84,
A,A_N_03_Zakkyo__NEON_CYN,CP_NEON_CYN,NEON_CYN,F_NEON_CYN.png (swatch only),"Material=Neon, Color=0,230,255 (CyberpunkConfig.NeonColors)",20,
A,A_N_03_Zakkyo__NEON_MAG,CP_NEON_MAG,NEON_MAG,F_NEON_MAG.png (swatch only),"Material=Neon, Color=255,25,175 (CyberpunkConfig.NeonColors)",20,
A,A_N_03_Zakkyo__NEON_RED,CP_NEON_RED,NEON_RED,F_NEON_RED.png (swatch only),"Material=Neon, Color=255,32,45 (CyberpunkConfig.NeonColors)",44,
A,A_N_03_Zakkyo__PNL,CP_PanelMetal,PNL,T_PanelMetal_Color.png;T_PanelMetal_Normal.png;T_PanelMetal_Roughness.png;T_PanelMetal_Metalness.png,SurfaceAppearance,396,
A,A_N_03_Zakkyo__ROF,CP_RoofDeck,ROF,T_RoofDeck_Color.png;T_RoofDeck_Normal.png;T_RoofDeck_Roughness.png;T_RoofDeck_Metalness.png,SurfaceAppearance,10,
A,A_N_03_Zakkyo__SGH,CP_SignsH,SGH,signs_h.png,TextureID / SurfaceAppearance ColorMap (atlas),20,
A,A_N_03_Zakkyo__SGV,CP_SignsV,SGV,signs_v.png,TextureID / SurfaceAppearance ColorMap (atlas),20,
A,A_N_03_Zakkyo__SHOP_LIT,CP_SHOP_LIT,SHOP_LIT,F_SHOP_LIT.png (swatch only),"Material=Neon, Color=255,232,205 (CyberpunkConfig.NeonColors)",2,
A,A_N_03_Zakkyo__STL,CP_Steel,STL,T_Steel_Color.png;T_Steel_Normal.png;T_Steel_Roughness.png;T_Steel_Metalness.png,SurfaceAppearance,1288,
A,A_N_03_Zakkyo__TEC,CP_TechPanel,TEC,T_TechPanel_Color.png;T_TechPanel_Normal.png;T_TechPanel_Roughness.png;T_TechPanel_Metalness.png,SurfaceAppearance,8,
A,A_N_03_Zakkyo__WIN_VIO,CP_WIN_VIO,WIN_VIO,F_WIN_VIO.png (swatch only),"Material=Neon, Color=170,130,255 (CyberpunkConfig.NeonColors)",26,
A,A_N_03_Zakkyo__WIN_WRM,CP_WIN_WRM,WIN_WRM,F_WIN_WRM.png (swatch only),"Material=Neon, Color=255,190,125 (CyberpunkConfig.NeonColors)",150,
A,A_N_04_Low_P02_TANK__MEC,CP_Mechanical,MEC,T_Mechanical_Color.png;T_Mechanical_Normal.png;T_Mechanical_Roughness.png;T_Mechanical_Metalness.png,SurfaceAppearance,84,PROTO_TANK__MEC
A,A_N_04_Low_P03_TANK__MEC,CP_Mechanical,MEC,T_Mechanical_Color.png;T_Mechanical_Normal.png;T_Mechanical_Roughness.png;T_Mechanical_Metalness.png,SurfaceAppearance,84,PROTO_TANK__MEC
A,A_N_04_Low_P04_DISH__MEC,CP_Mechanical,MEC,T_Mechanical_Color.png;T_Mechanical_Normal.png;T_Mechanical_Roughness.png;T_Mechanical_Metalness.png,SurfaceAppearance,22,PROTO_DISH__MEC
A,A_N_04_Low_P05_VENT__MEC,CP_Mechanical,MEC,T_Mechanical_Color.png;T_Mechanical_Normal.png;T_Mechanical_Roughness.png;T_Mechanical_Metalness.png,SurfaceAppearance,44,PROTO_VENT__MEC
A,A_N_04_Low_P06_STACK__MEC,CP_Mechanical,MEC,T_Mechanical_Color.png;T_Mechanical_Normal.png;T_Mechanical_Roughness.png;T_Mechanical_Metalness.png,SurfaceAppearance,128,PROTO_STACK__MEC
A,A_N_04_Low_P07_HVAC_S__MEC,CP_Mechanical,MEC,T_Mechanical_Color.png;T_Mechanical_Normal.png;T_Mechanical_Roughness.png;T_Mechanical_Metalness.png,SurfaceAppearance,32,PROTO_HVAC_S__MEC
A,A_N_04_Low_P08_HVAC_S__MEC,CP_Mechanical,MEC,T_Mechanical_Color.png;T_Mechanical_Normal.png;T_Mechanical_Roughness.png;T_Mechanical_Metalness.png,SurfaceAppearance,32,PROTO_HVAC_S__MEC
A,A_N_04_Low_P09_STACK__MEC,CP_Mechanical,MEC,T_Mechanical_Color.png;T_Mechanical_Normal.png;T_Mechanical_Roughness.png;T_Mechanical_Metalness.png,SurfaceAppearance,128,PROTO_STACK__MEC
A,A_N_04_Low_V01_VEND_BODY__PNL,CP_PanelMetal,PNL,T_PanelMetal_Color.png;T_PanelMetal_Normal.png;T_PanelMetal_Roughness.png;T_PanelMetal_Metalness.png,SurfaceAppearance,10,PROTO_VEND_BODY__PNL
A,A_N_04_Low_V01_VEND_FACE__SHOP_LIT,CP_SHOP_LIT,SHOP_LIT,F_SHOP_LIT.png (swatch only),"Material=Neon, Color=255,232,205 (CyberpunkConfig.NeonColors)",2,PROTO_VEND_FACE__SHOP_LIT
A,A_N_04_Low__CON,CP_ConcreteDark,CON,T_ConcreteDark_Color.png;T_ConcreteDark_Normal.png;T_ConcreteDark_Roughness.png;T_ConcreteDark_Metalness.png,SurfaceAppearance,114,
A,A_N_04_Low__GLS,CP_GlassCurtain,GLS,T_GlassCurtain_Color.png;T_GlassCurtain_Normal.png;T_GlassCurtain_Roughness.png;T_GlassCurtain_Metalness.png,SurfaceAppearance (Color/Normal/Roughness/Metalness),2,
A,A_N_04_Low__MEC,CP_Mechanical,MEC,T_Mechanical_Color.png;T_Mechanical_Normal.png;T_Mechanical_Roughness.png;T_Mechanical_Metalness.png,SurfaceAppearance,20,
A,A_N_04_Low__NEON_BLU,CP_NEON_BLU,NEON_BLU,F_NEON_BLU.png (swatch only),"Material=Neon, Color=30,95,255 (CyberpunkConfig.NeonColors)",10,
A,A_N_04_Low__NEON_CYN,CP_NEON_CYN,NEON_CYN,F_NEON_CYN.png (swatch only),"Material=Neon, Color=0,230,255 (CyberpunkConfig.NeonColors)",30,
A,A_N_04_Low__NEON_WHT,CP_NEON_WHT,NEON_WHT,F_NEON_WHT.png (swatch only),"Material=Neon, Color=215,228,255 (CyberpunkConfig.NeonColors)",36,
A,A_N_04_Low__PNL,CP_PanelMetal,PNL,T_PanelMetal_Color.png;T_PanelMetal_Normal.png;T_PanelMetal_Roughness.png;T_PanelMetal_Metalness.png,SurfaceAppearance,34,
A,A_N_04_Low__RIB,CP_GlassRibbon,RIB,T_GlassRibbon_Color.png;T_GlassRibbon_Normal.png;T_GlassRibbon_Roughness.png;T_GlassRibbon_Metalness.png,SurfaceAppearance,2,
A,A_N_04_Low__ROF,CP_RoofDeck,ROF,T_RoofDeck_Color.png;T_RoofDeck_Normal.png;T_RoofDeck_Roughness.png;T_RoofDeck_Metalness.png,SurfaceAppearance,4,
A,A_N_04_Low__SGH,CP_SignsH,SGH,signs_h.png,TextureID / SurfaceAppearance ColorMap (atlas),4,
A,A_N_04_Low__SGV,CP_SignsV,SGV,signs_v.png,TextureID / SurfaceAppearance ColorMap (atlas),6,
A,A_N_04_Low__SHOP_LIT,CP_SHOP_LIT,SHOP_LIT,F_SHOP_LIT.png (swatch only),"Material=Neon, Color=255,232,205 (CyberpunkConfig.NeonColors)",2,
A,A_N_04_Low__STL,CP_Steel,STL,T_Steel_Color.png;T_Steel_Normal.png;T_Steel_Roughness.png;T_Steel_Metalness.png,SurfaceAppearance,432,
A,A_N_04_Low__WIN_PNK,CP_WIN_PNK,WIN_PNK,F_WIN_PNK.png (swatch only),"Material=Neon, Color=255,120,200 (CyberpunkConfig.NeonColors)",4,
A,A_N_04_Low__WIN_WRM,CP_WIN_WRM,WIN_WRM,F_WIN_WRM.png (swatch only),"Material=Neon, Color=255,190,125 (CyberpunkConfig.NeonColors)",18,
A,A_N_05_Zakkyo_P02_DISH__MEC,CP_Mechanical,MEC,T_Mechanical_Color.png;T_Mechanical_Normal.png;T_Mechanical_Roughness.png;T_Mechanical_Metalness.png,SurfaceAppearance,22,PROTO_DISH__MEC
A,A_N_05_Zakkyo_P03_HVAC_L__MEC,CP_Mechanical,MEC,T_Mechanical_Color.png;T_Mechanical_Normal.png;T_Mechanical_Roughness.png;T_Mechanical_Metalness.png,SurfaceAppearance,76,PROTO_HVAC_L__MEC
A,A_N_05_Zakkyo_P04_HVAC_S__MEC,CP_Mechanical,MEC,T_Mechanical_Color.png;T_Mechanical_Normal.png;T_Mechanical_Roughness.png;T_Mechanical_Metalness.png,SurfaceAppearance,32,PROTO_HVAC_S__MEC
A,A_N_05_Zakkyo_P05_DISH__MEC,CP_Mechanical,MEC,T_Mechanical_Color.png;T_Mechanical_Normal.png;T_Mechanical_Roughness.png;T_Mechanical_Metalness.png,SurfaceAppearance,22,PROTO_DISH__MEC
A,A_N_05_Zakkyo_P06_HVAC_S__MEC,CP_Mechanical,MEC,T_Mechanical_Color.png;T_Mechanical_Normal.png;T_Mechanical_Roughness.png;T_Mechanical_Metalness.png,SurfaceAppearance,32,PROTO_HVAC_S__MEC
A,A_N_05_Zakkyo_P07_HVAC_L__MEC,CP_Mechanical,MEC,T_Mechanical_Color.png;T_Mechanical_Normal.png;T_Mechanical_Roughness.png;T_Mechanical_Metalness.png,SurfaceAppearance,76,PROTO_HVAC_L__MEC
A,A_N_05_Zakkyo_P08_VENT__MEC,CP_Mechanical,MEC,T_Mechanical_Color.png;T_Mechanical_Normal.png;T_Mechanical_Roughness.png;T_Mechanical_Metalness.png,SurfaceAppearance,44,PROTO_VENT__MEC
A,A_N_05_Zakkyo_P09_DISH__MEC,CP_Mechanical,MEC,T_Mechanical_Color.png;T_Mechanical_Normal.png;T_Mechanical_Roughness.png;T_Mechanical_Metalness.png,SurfaceAppearance,22,PROTO_DISH__MEC
A,A_N_05_Zakkyo_P10_STACK__MEC,CP_Mechanical,MEC,T_Mechanical_Color.png;T_Mechanical_Normal.png;T_Mechanical_Roughness.png;T_Mechanical_Metalness.png,SurfaceAppearance,128,PROTO_STACK__MEC
A,A_N_05_Zakkyo_P11_STACK__MEC,CP_Mechanical,MEC,T_Mechanical_Color.png;T_Mechanical_Normal.png;T_Mechanical_Roughness.png;T_Mechanical_Metalness.png,SurfaceAppearance,128,PROTO_STACK__MEC
A,A_N_05_Zakkyo_P12_VENT__MEC,CP_Mechanical,MEC,T_Mechanical_Color.png;T_Mechanical_Normal.png;T_Mechanical_Roughness.png;T_Mechanical_Metalness.png,SurfaceAppearance,44,PROTO_VENT__MEC
A,A_N_05_Zakkyo_P13_VENT__MEC,CP_Mechanical,MEC,T_Mechanical_Color.png;T_Mechanical_Normal.png;T_Mechanical_Roughness.png;T_Mechanical_Metalness.png,SurfaceAppearance,44,PROTO_VENT__MEC
A,A_N_05_Zakkyo_P14_VENT__MEC,CP_Mechanical,MEC,T_Mechanical_Color.png;T_Mechanical_Normal.png;T_Mechanical_Roughness.png;T_Mechanical_Metalness.png,SurfaceAppearance,44,PROTO_VENT__MEC
A,A_N_05_Zakkyo_P15_HVAC_S__MEC,CP_Mechanical,MEC,T_Mechanical_Color.png;T_Mechanical_Normal.png;T_Mechanical_Roughness.png;T_Mechanical_Metalness.png,SurfaceAppearance,32,PROTO_HVAC_S__MEC
A,A_N_05_Zakkyo_P16_STACK__MEC,CP_Mechanical,MEC,T_Mechanical_Color.png;T_Mechanical_Normal.png;T_Mechanical_Roughness.png;T_Mechanical_Metalness.png,SurfaceAppearance,128,PROTO_STACK__MEC
A,A_N_05_Zakkyo_P17_HVAC_S__MEC,CP_Mechanical,MEC,T_Mechanical_Color.png;T_Mechanical_Normal.png;T_Mechanical_Roughness.png;T_Mechanical_Metalness.png,SurfaceAppearance,32,PROTO_HVAC_S__MEC
A,A_N_05_Zakkyo_P18_HVAC_S__MEC,CP_Mechanical,MEC,T_Mechanical_Color.png;T_Mechanical_Normal.png;T_Mechanical_Roughness.png;T_Mechanical_Metalness.png,SurfaceAppearance,32,PROTO_HVAC_S__MEC
A,A_N_05_Zakkyo_P19_STACK__MEC,CP_Mechanical,MEC,T_Mechanical_Color.png;T_Mechanical_Normal.png;T_Mechanical_Roughness.png;T_Mechanical_Metalness.png,SurfaceAppearance,128,PROTO_STACK__MEC
A,A_N_05_Zakkyo_P20_FANBOX__MEC,CP_Mechanical,MEC,T_Mechanical_Color.png;T_Mechanical_Normal.png;T_Mechanical_Roughness.png;T_Mechanical_Metalness.png,SurfaceAppearance,50,PROTO_FANBOX__MEC
A,A_N_05_Zakkyo_V01_VEND_BODY__PNL,CP_PanelMetal,PNL,T_PanelMetal_Color.png;T_PanelMetal_Normal.png;T_PanelMetal_Roughness.png;T_PanelMetal_Metalness.png,SurfaceAppearance,10,PROTO_VEND_BODY__PNL
A,A_N_05_Zakkyo_V01_VEND_FACE__SHOP_LIT,CP_SHOP_LIT,SHOP_LIT,F_SHOP_LIT.png (swatch only),"Material=Neon, Color=255,232,205 (CyberpunkConfig.NeonColors)",2,PROTO_VEND_FACE__SHOP_LIT
A,A_N_05_Zakkyo__CON,CP_ConcreteDark,CON,T_ConcreteDark_Color.png;T_ConcreteDark_Normal.png;T_ConcreteDark_Roughness.png;T_ConcreteDark_Metalness.png,SurfaceAppearance,108,
A,A_N_05_Zakkyo__GLS,CP_GlassCurtain,GLS,T_GlassCurtain_Color.png;T_GlassCurtain_Normal.png;T_GlassCurtain_Roughness.png;T_GlassCurtain_Metalness.png,SurfaceAppearance (Color/Normal/Roughness/Metalness),4,
A,A_N_05_Zakkyo__MEC,CP_Mechanical,MEC,T_Mechanical_Color.png;T_Mechanical_Normal.png;T_Mechanical_Roughness.png;T_Mechanical_Metalness.png,SurfaceAppearance,204,
A,A_N_05_Zakkyo__NEON_AMB,CP_NEON_AMB,NEON_AMB,F_NEON_AMB.png (swatch only),"Material=Neon, Color=255,150,25 (CyberpunkConfig.NeonColors)",24,
A,A_N_05_Zakkyo__NEON_MAG,CP_NEON_MAG,NEON_MAG,F_NEON_MAG.png (swatch only),"Material=Neon, Color=255,25,175 (CyberpunkConfig.NeonColors)",136,
A,A_N_05_Zakkyo__NEON_RED,CP_NEON_RED,NEON_RED,F_NEON_RED.png (swatch only),"Material=Neon, Color=255,32,45 (CyberpunkConfig.NeonColors)",20,
A,A_N_05_Zakkyo__NEON_VIO,CP_NEON_VIO,NEON_VIO,F_NEON_VIO.png (swatch only),"Material=Neon, Color=150,45,255 (CyberpunkConfig.NeonColors)",40,
A,A_N_05_Zakkyo__PNL,CP_PanelMetal,PNL,T_PanelMetal_Color.png;T_PanelMetal_Normal.png;T_PanelMetal_Roughness.png;T_PanelMetal_Metalness.png,SurfaceAppearance,118,
A,A_N_05_Zakkyo__RIB,CP_GlassRibbon,RIB,T_GlassRibbon_Color.png;T_GlassRibbon_Normal.png;T_GlassRibbon_Roughness.png;T_GlassRibbon_Metalness.png,SurfaceAppearance,12,
A,A_N_05_Zakkyo__ROF,CP_RoofDeck,ROF,T_RoofDeck_Color.png;T_RoofDeck_Normal.png;T_RoofDeck_Roughness.png;T_RoofDeck_Metalness.png,SurfaceAppearance,6,
A,A_N_05_Zakkyo__SGH,CP_SignsH,SGH,signs_h.png,TextureID / SurfaceAppearance ColorMap (atlas),14,
A,A_N_05_Zakkyo__SGV,CP_SignsV,SGV,signs_v.png,TextureID / SurfaceAppearance ColorMap (atlas),16,
A,A_N_05_Zakkyo__SHOP_LIT,CP_SHOP_LIT,SHOP_LIT,F_SHOP_LIT.png (swatch only),"Material=Neon, Color=255,232,205 (CyberpunkConfig.NeonColors)",2,
A,A_N_05_Zakkyo__STL,CP_Steel,STL,T_Steel_Color.png;T_Steel_Normal.png;T_Steel_Roughness.png;T_Steel_Metalness.png,SurfaceAppearance,1014,
A,A_N_05_Zakkyo__WIN_COL,CP_WIN_COL,WIN_COL,F_WIN_COL.png (swatch only),"Material=Neon, Color=140,195,255 (CyberpunkConfig.NeonColors)",2,
A,A_N_05_Zakkyo__WIN_VIO,CP_WIN_VIO,WIN_VIO,F_WIN_VIO.png (swatch only),"Material=Neon, Color=170,130,255 (CyberpunkConfig.NeonColors)",32,
A,A_N_05_Zakkyo__WIN_WRM,CP_WIN_WRM,WIN_WRM,F_WIN_WRM.png (swatch only),"Material=Neon, Color=255,190,125 (CyberpunkConfig.NeonColors)",140,
A,A_N_06_Modern_P01_HVAC_S__MEC,CP_Mechanical,MEC,T_Mechanical_Color.png;T_Mechanical_Normal.png;T_Mechanical_Roughness.png;T_Mechanical_Metalness.png,SurfaceAppearance,32,PROTO_HVAC_S__MEC
A,A_N_06_Modern_P02_HVAC_S__MEC,CP_Mechanical,MEC,T_Mechanical_Color.png;T_Mechanical_Normal.png;T_Mechanical_Roughness.png;T_Mechanical_Metalness.png,SurfaceAppearance,32,PROTO_HVAC_S__MEC
A,A_N_06_Modern_P03_HVAC_S__MEC,CP_Mechanical,MEC,T_Mechanical_Color.png;T_Mechanical_Normal.png;T_Mechanical_Roughness.png;T_Mechanical_Metalness.png,SurfaceAppearance,32,PROTO_HVAC_S__MEC
A,A_N_06_Modern_P04_HVAC_S__MEC,CP_Mechanical,MEC,T_Mechanical_Color.png;T_Mechanical_Normal.png;T_Mechanical_Roughness.png;T_Mechanical_Metalness.png,SurfaceAppearance,32,PROTO_HVAC_S__MEC
A,A_N_06_Modern_P05_HVAC_S__MEC,CP_Mechanical,MEC,T_Mechanical_Color.png;T_Mechanical_Normal.png;T_Mechanical_Roughness.png;T_Mechanical_Metalness.png,SurfaceAppearance,32,PROTO_HVAC_S__MEC
A,A_N_06_Modern_P06_VENT__MEC,CP_Mechanical,MEC,T_Mechanical_Color.png;T_Mechanical_Normal.png;T_Mechanical_Roughness.png;T_Mechanical_Metalness.png,SurfaceAppearance,44,PROTO_VENT__MEC
A,A_N_06_Modern_P07_VENT__MEC,CP_Mechanical,MEC,T_Mechanical_Color.png;T_Mechanical_Normal.png;T_Mechanical_Roughness.png;T_Mechanical_Metalness.png,SurfaceAppearance,44,PROTO_VENT__MEC
A,A_N_06_Modern_P08_FANBOX__MEC,CP_Mechanical,MEC,T_Mechanical_Color.png;T_Mechanical_Normal.png;T_Mechanical_Roughness.png;T_Mechanical_Metalness.png,SurfaceAppearance,50,PROTO_FANBOX__MEC
A,A_N_06_Modern_P09_HVAC_S__MEC,CP_Mechanical,MEC,T_Mechanical_Color.png;T_Mechanical_Normal.png;T_Mechanical_Roughness.png;T_Mechanical_Metalness.png,SurfaceAppearance,32,PROTO_HVAC_S__MEC
A,A_N_06_Modern_P10_HVAC_L__MEC,CP_Mechanical,MEC,T_Mechanical_Color.png;T_Mechanical_Normal.png;T_Mechanical_Roughness.png;T_Mechanical_Metalness.png,SurfaceAppearance,76,PROTO_HVAC_L__MEC
A,A_N_06_Modern_P11_COOL__MEC,CP_Mechanical,MEC,T_Mechanical_Color.png;T_Mechanical_Normal.png;T_Mechanical_Roughness.png;T_Mechanical_Metalness.png,SurfaceAppearance,66,PROTO_COOL__MEC
A,A_N_06_Modern_P12_HVAC_S__MEC,CP_Mechanical,MEC,T_Mechanical_Color.png;T_Mechanical_Normal.png;T_Mechanical_Roughness.png;T_Mechanical_Metalness.png,SurfaceAppearance,32,PROTO_HVAC_S__MEC
A,A_N_06_Modern__CON,CP_ConcreteDark,CON,T_ConcreteDark_Color.png;T_ConcreteDark_Normal.png;T_ConcreteDark_Roughness.png;T_ConcreteDark_Metalness.png,SurfaceAppearance,182,
A,A_N_06_Modern__GLS,CP_GlassCurtain,GLS,T_GlassCurtain_Color.png;T_GlassCurtain_Normal.png;T_GlassCurtain_Roughness.png;T_GlassCurtain_Metalness.png,SurfaceAppearance (Color/Normal/Roughness/Metalness),6,
A,A_N_06_Modern__MEC,CP_Mechanical,MEC,T_Mechanical_Color.png;T_Mechanical_Normal.png;T_Mechanical_Roughness.png;T_Mechanical_Metalness.png,SurfaceAppearance,80,
A,A_N_06_Modern__NEON_AMB,CP_NEON_AMB,NEON_AMB,F_NEON_AMB.png (swatch only),"Material=Neon, Color=255,150,25 (CyberpunkConfig.NeonColors)",20,
A,A_N_06_Modern__NEON_MAG,CP_NEON_MAG,NEON_MAG,F_NEON_MAG.png (swatch only),"Material=Neon, Color=255,25,175 (CyberpunkConfig.NeonColors)",20,
A,A_N_06_Modern__NEON_RED,CP_NEON_RED,NEON_RED,F_NEON_RED.png (swatch only),"Material=Neon, Color=255,32,45 (CyberpunkConfig.NeonColors)",110,
A,A_N_06_Modern__NEON_WHT,CP_NEON_WHT,NEON_WHT,F_NEON_WHT.png (swatch only),"Material=Neon, Color=215,228,255 (CyberpunkConfig.NeonColors)",48,
A,A_N_06_Modern__PNL,CP_PanelMetal,PNL,T_PanelMetal_Color.png;T_PanelMetal_Normal.png;T_PanelMetal_Roughness.png;T_PanelMetal_Metalness.png,SurfaceAppearance,178,
A,A_N_06_Modern__ROF,CP_RoofDeck,ROF,T_RoofDeck_Color.png;T_RoofDeck_Normal.png;T_RoofDeck_Roughness.png;T_RoofDeck_Metalness.png,SurfaceAppearance,6,
A,A_N_06_Modern__SGH,CP_SignsH,SGH,signs_h.png,TextureID / SurfaceAppearance ColorMap (atlas),10,
A,A_N_06_Modern__SGV,CP_SignsV,SGV,signs_v.png,TextureID / SurfaceAppearance ColorMap (atlas),4,
A,A_N_06_Modern__SHOP_LIT,CP_SHOP_LIT,SHOP_LIT,F_SHOP_LIT.png (swatch only),"Material=Neon, Color=255,232,205 (CyberpunkConfig.NeonColors)",4,
A,A_N_06_Modern__STL,CP_Steel,STL,T_Steel_Color.png;T_Steel_Normal.png;T_Steel_Roughness.png;T_Steel_Metalness.png,SurfaceAppearance,864,
A,A_N_06_Modern__WIN_COL,CP_WIN_COL,WIN_COL,F_WIN_COL.png (swatch only),"Material=Neon, Color=140,195,255 (CyberpunkConfig.NeonColors)",4,
A,A_N_06_Modern__WIN_VIO,CP_WIN_VIO,WIN_VIO,F_WIN_VIO.png (swatch only),"Material=Neon, Color=170,130,255 (CyberpunkConfig.NeonColors)",194,
A,A_N_07_Pencil_P01_STACK__MEC,CP_Mechanical,MEC,T_Mechanical_Color.png;T_Mechanical_Normal.png;T_Mechanical_Roughness.png;T_Mechanical_Metalness.png,SurfaceAppearance,128,PROTO_STACK__MEC
A,A_N_07_Pencil_P02_VENT__MEC,CP_Mechanical,MEC,T_Mechanical_Color.png;T_Mechanical_Normal.png;T_Mechanical_Roughness.png;T_Mechanical_Metalness.png,SurfaceAppearance,44,PROTO_VENT__MEC
A,A_N_07_Pencil_P03_HVAC_L__MEC,CP_Mechanical,MEC,T_Mechanical_Color.png;T_Mechanical_Normal.png;T_Mechanical_Roughness.png;T_Mechanical_Metalness.png,SurfaceAppearance,76,PROTO_HVAC_L__MEC
A,A_N_07_Pencil__CON,CP_ConcreteDark,CON,T_ConcreteDark_Color.png;T_ConcreteDark_Normal.png;T_ConcreteDark_Roughness.png;T_ConcreteDark_Metalness.png,SurfaceAppearance,72,
A,A_N_07_Pencil__MEC,CP_Mechanical,MEC,T_Mechanical_Color.png;T_Mechanical_Normal.png;T_Mechanical_Roughness.png;T_Mechanical_Metalness.png,SurfaceAppearance,30,
A,A_N_07_Pencil__NEON_CYN,CP_NEON_CYN,NEON_CYN,F_NEON_CYN.png (swatch only),"Material=Neon, Color=0,230,255 (CyberpunkConfig.NeonColors)",60,
A,A_N_07_Pencil__NEON_MAG,CP_NEON_MAG,NEON_MAG,F_NEON_MAG.png (swatch only),"Material=Neon, Color=255,25,175 (CyberpunkConfig.NeonColors)",10,
A,A_N_07_Pencil__NEON_RED,CP_NEON_RED,NEON_RED,F_NEON_RED.png (swatch only),"Material=Neon, Color=255,32,45 (CyberpunkConfig.NeonColors)",32,
A,A_N_07_Pencil__PNL,CP_PanelMetal,PNL,T_PanelMetal_Color.png;T_PanelMetal_Normal.png;T_PanelMetal_Roughness.png;T_PanelMetal_Metalness.png,SurfaceAppearance,26,
A,A_N_07_Pencil__RIB,CP_GlassRibbon,RIB,T_GlassRibbon_Color.png;T_GlassRibbon_Normal.png;T_GlassRibbon_Roughness.png;T_GlassRibbon_Metalness.png,SurfaceAppearance,14,
A,A_N_07_Pencil__ROF,CP_RoofDeck,ROF,T_RoofDeck_Color.png;T_RoofDeck_Normal.png;T_RoofDeck_Roughness.png;T_RoofDeck_Metalness.png,SurfaceAppearance,6,
A,A_N_07_Pencil__SGH,CP_SignsH,SGH,signs_h.png,TextureID / SurfaceAppearance ColorMap (atlas),2,
A,A_N_07_Pencil__SGV,CP_SignsV,SGV,signs_v.png,TextureID / SurfaceAppearance ColorMap (atlas),6,
A,A_N_07_Pencil__STL,CP_Steel,STL,T_Steel_Color.png;T_Steel_Normal.png;T_Steel_Roughness.png;T_Steel_Metalness.png,SurfaceAppearance,648,
A,A_N_07_Pencil__WIN_VIO,CP_WIN_VIO,WIN_VIO,F_WIN_VIO.png (swatch only),"Material=Neon, Color=170,130,255 (CyberpunkConfig.NeonColors)",158,
A,A_N_07_Pencil__WIN_WRM,CP_WIN_WRM,WIN_WRM,F_WIN_WRM.png (swatch only),"Material=Neon, Color=255,190,125 (CyberpunkConfig.NeonColors)",30,
A,A_N_08_Zakkyo_P01_HVAC_S__MEC,CP_Mechanical,MEC,T_Mechanical_Color.png;T_Mechanical_Normal.png;T_Mechanical_Roughness.png;T_Mechanical_Metalness.png,SurfaceAppearance,32,PROTO_HVAC_S__MEC
A,A_N_08_Zakkyo_P02_HVAC_S__MEC,CP_Mechanical,MEC,T_Mechanical_Color.png;T_Mechanical_Normal.png;T_Mechanical_Roughness.png;T_Mechanical_Metalness.png,SurfaceAppearance,32,PROTO_HVAC_S__MEC
A,A_N_08_Zakkyo_P03_GEN__MEC,CP_Mechanical,MEC,T_Mechanical_Color.png;T_Mechanical_Normal.png;T_Mechanical_Roughness.png;T_Mechanical_Metalness.png,SurfaceAppearance,70,PROTO_GEN__MEC
A,A_N_08_Zakkyo_P04_HVAC_S__MEC,CP_Mechanical,MEC,T_Mechanical_Color.png;T_Mechanical_Normal.png;T_Mechanical_Roughness.png;T_Mechanical_Metalness.png,SurfaceAppearance,32,PROTO_HVAC_S__MEC
A,A_N_08_Zakkyo_P05_STACK__MEC,CP_Mechanical,MEC,T_Mechanical_Color.png;T_Mechanical_Normal.png;T_Mechanical_Roughness.png;T_Mechanical_Metalness.png,SurfaceAppearance,128,PROTO_STACK__MEC
A,A_N_08_Zakkyo_P06_HVAC_S__MEC,CP_Mechanical,MEC,T_Mechanical_Color.png;T_Mechanical_Normal.png;T_Mechanical_Roughness.png;T_Mechanical_Metalness.png,SurfaceAppearance,32,PROTO_HVAC_S__MEC
A,A_N_08_Zakkyo_P07_VENT__MEC,CP_Mechanical,MEC,T_Mechanical_Color.png;T_Mechanical_Normal.png;T_Mechanical_Roughness.png;T_Mechanical_Metalness.png,SurfaceAppearance,44,PROTO_VENT__MEC
A,A_N_08_Zakkyo_P08_FANBOX__MEC,CP_Mechanical,MEC,T_Mechanical_Color.png;T_Mechanical_Normal.png;T_Mechanical_Roughness.png;T_Mechanical_Metalness.png,SurfaceAppearance,50,PROTO_FANBOX__MEC
A,A_N_08_Zakkyo_P09_VENT__MEC,CP_Mechanical,MEC,T_Mechanical_Color.png;T_Mechanical_Normal.png;T_Mechanical_Roughness.png;T_Mechanical_Metalness.png,SurfaceAppearance,44,PROTO_VENT__MEC
A,A_N_08_Zakkyo_P10_FANBOX__MEC,CP_Mechanical,MEC,T_Mechanical_Color.png;T_Mechanical_Normal.png;T_Mechanical_Roughness.png;T_Mechanical_Metalness.png,SurfaceAppearance,50,PROTO_FANBOX__MEC
A,A_N_08_Zakkyo_P11_VENT__MEC,CP_Mechanical,MEC,T_Mechanical_Color.png;T_Mechanical_Normal.png;T_Mechanical_Roughness.png;T_Mechanical_Metalness.png,SurfaceAppearance,44,PROTO_VENT__MEC
A,A_N_08_Zakkyo_P12_STACK__MEC,CP_Mechanical,MEC,T_Mechanical_Color.png;T_Mechanical_Normal.png;T_Mechanical_Roughness.png;T_Mechanical_Metalness.png,SurfaceAppearance,128,PROTO_STACK__MEC
A,A_N_08_Zakkyo_P13_VENT__MEC,CP_Mechanical,MEC,T_Mechanical_Color.png;T_Mechanical_Normal.png;T_Mechanical_Roughness.png;T_Mechanical_Metalness.png,SurfaceAppearance,44,PROTO_VENT__MEC
A,A_N_08_Zakkyo_P14_HVAC_S__MEC,CP_Mechanical,MEC,T_Mechanical_Color.png;T_Mechanical_Normal.png;T_Mechanical_Roughness.png;T_Mechanical_Metalness.png,SurfaceAppearance,32,PROTO_HVAC_S__MEC
A,A_N_08_Zakkyo_P15_VENT__MEC,CP_Mechanical,MEC,T_Mechanical_Color.png;T_Mechanical_Normal.png;T_Mechanical_Roughness.png;T_Mechanical_Metalness.png,SurfaceAppearance,44,PROTO_VENT__MEC
A,A_N_08_Zakkyo_P16_VENT__MEC,CP_Mechanical,MEC,T_Mechanical_Color.png;T_Mechanical_Normal.png;T_Mechanical_Roughness.png;T_Mechanical_Metalness.png,SurfaceAppearance,44,PROTO_VENT__MEC
A,A_N_08_Zakkyo__CON,CP_ConcreteDark,CON,T_ConcreteDark_Color.png;T_ConcreteDark_Normal.png;T_ConcreteDark_Roughness.png;T_ConcreteDark_Metalness.png,SurfaceAppearance,80,
A,A_N_08_Zakkyo__GLS,CP_GlassCurtain,GLS,T_GlassCurtain_Color.png;T_GlassCurtain_Normal.png;T_GlassCurtain_Roughness.png;T_GlassCurtain_Metalness.png,SurfaceAppearance (Color/Normal/Roughness/Metalness),40,
A,A_N_08_Zakkyo__MEC,CP_Mechanical,MEC,T_Mechanical_Color.png;T_Mechanical_Normal.png;T_Mechanical_Roughness.png;T_Mechanical_Metalness.png,SurfaceAppearance,70,
A,A_N_08_Zakkyo__NEON_MAG,CP_NEON_MAG,NEON_MAG,F_NEON_MAG.png (swatch only),"Material=Neon, Color=255,25,175 (CyberpunkConfig.NeonColors)",20,
A,A_N_08_Zakkyo__NEON_RED,CP_NEON_RED,NEON_RED,F_NEON_RED.png (swatch only),"Material=Neon, Color=255,32,45 (CyberpunkConfig.NeonColors)",32,
A,A_N_08_Zakkyo__NEON_VIO,CP_NEON_VIO,NEON_VIO,F_NEON_VIO.png (swatch only),"Material=Neon, Color=150,45,255 (CyberpunkConfig.NeonColors)",46,
A,A_N_08_Zakkyo__PNL,CP_PanelMetal,PNL,T_PanelMetal_Color.png;T_PanelMetal_Normal.png;T_PanelMetal_Roughness.png;T_PanelMetal_Metalness.png,SurfaceAppearance,266,
A,A_N_08_Zakkyo__RIB,CP_GlassRibbon,RIB,T_GlassRibbon_Color.png;T_GlassRibbon_Normal.png;T_GlassRibbon_Roughness.png;T_GlassRibbon_Metalness.png,SurfaceAppearance,2,
A,A_N_08_Zakkyo__ROF,CP_RoofDeck,ROF,T_RoofDeck_Color.png;T_RoofDeck_Normal.png;T_RoofDeck_Roughness.png;T_RoofDeck_Metalness.png,SurfaceAppearance,4,
A,A_N_08_Zakkyo__SGH,CP_SignsH,SGH,signs_h.png,TextureID / SurfaceAppearance ColorMap (atlas),10,
A,A_N_08_Zakkyo__SGV,CP_SignsV,SGV,signs_v.png,TextureID / SurfaceAppearance ColorMap (atlas),10,
A,A_N_08_Zakkyo__SHOP_LIT,CP_SHOP_LIT,SHOP_LIT,F_SHOP_LIT.png (swatch only),"Material=Neon, Color=255,232,205 (CyberpunkConfig.NeonColors)",2,
A,A_N_08_Zakkyo__STL,CP_Steel,STL,T_Steel_Color.png;T_Steel_Normal.png;T_Steel_Roughness.png;T_Steel_Metalness.png,SurfaceAppearance,628,
A,A_N_08_Zakkyo__WIN_COL,CP_WIN_COL,WIN_COL,F_WIN_COL.png (swatch only),"Material=Neon, Color=140,195,255 (CyberpunkConfig.NeonColors)",116,
A,A_N_08_Zakkyo__WIN_PNK,CP_WIN_PNK,WIN_PNK,F_WIN_PNK.png (swatch only),"Material=Neon, Color=255,120,200 (CyberpunkConfig.NeonColors)",2,
A,A_N_09_Low_P01_VENT__MEC,CP_Mechanical,MEC,T_Mechanical_Color.png;T_Mechanical_Normal.png;T_Mechanical_Roughness.png;T_Mechanical_Metalness.png,SurfaceAppearance,44,PROTO_VENT__MEC
A,A_N_09_Low_P02_HVAC_S__MEC,CP_Mechanical,MEC,T_Mechanical_Color.png;T_Mechanical_Normal.png;T_Mechanical_Roughness.png;T_Mechanical_Metalness.png,SurfaceAppearance,32,PROTO_HVAC_S__MEC
A,A_N_09_Low_P03_VENT__MEC,CP_Mechanical,MEC,T_Mechanical_Color.png;T_Mechanical_Normal.png;T_Mechanical_Roughness.png;T_Mechanical_Metalness.png,SurfaceAppearance,44,PROTO_VENT__MEC
A,A_N_09_Low_P04_COOL__MEC,CP_Mechanical,MEC,T_Mechanical_Color.png;T_Mechanical_Normal.png;T_Mechanical_Roughness.png;T_Mechanical_Metalness.png,SurfaceAppearance,66,PROTO_COOL__MEC
A,A_N_09_Low_P05_HVAC_S__MEC,CP_Mechanical,MEC,T_Mechanical_Color.png;T_Mechanical_Normal.png;T_Mechanical_Roughness.png;T_Mechanical_Metalness.png,SurfaceAppearance,32,PROTO_HVAC_S__MEC
A,A_N_09_Low_P06_VENT__MEC,CP_Mechanical,MEC,T_Mechanical_Color.png;T_Mechanical_Normal.png;T_Mechanical_Roughness.png;T_Mechanical_Metalness.png,SurfaceAppearance,44,PROTO_VENT__MEC
A,A_N_09_Low_P07_STACK__MEC,CP_Mechanical,MEC,T_Mechanical_Color.png;T_Mechanical_Normal.png;T_Mechanical_Roughness.png;T_Mechanical_Metalness.png,SurfaceAppearance,128,PROTO_STACK__MEC
A,A_N_09_Low_P08_FANBOX__MEC,CP_Mechanical,MEC,T_Mechanical_Color.png;T_Mechanical_Normal.png;T_Mechanical_Roughness.png;T_Mechanical_Metalness.png,SurfaceAppearance,50,PROTO_FANBOX__MEC
A,A_N_09_Low_P09_VENT__MEC,CP_Mechanical,MEC,T_Mechanical_Color.png;T_Mechanical_Normal.png;T_Mechanical_Roughness.png;T_Mechanical_Metalness.png,SurfaceAppearance,44,PROTO_VENT__MEC
A,A_N_09_Low_P10_FANBOX__MEC,CP_Mechanical,MEC,T_Mechanical_Color.png;T_Mechanical_Normal.png;T_Mechanical_Roughness.png;T_Mechanical_Metalness.png,SurfaceAppearance,50,PROTO_FANBOX__MEC
A,A_N_09_Low_P11_VENT__MEC,CP_Mechanical,MEC,T_Mechanical_Color.png;T_Mechanical_Normal.png;T_Mechanical_Roughness.png;T_Mechanical_Metalness.png,SurfaceAppearance,44,PROTO_VENT__MEC
A,A_N_09_Low_P12_FANBOX__MEC,CP_Mechanical,MEC,T_Mechanical_Color.png;T_Mechanical_Normal.png;T_Mechanical_Roughness.png;T_Mechanical_Metalness.png,SurfaceAppearance,50,PROTO_FANBOX__MEC
A,A_N_09_Low__CON,CP_ConcreteDark,CON,T_ConcreteDark_Color.png;T_ConcreteDark_Normal.png;T_ConcreteDark_Roughness.png;T_ConcreteDark_Metalness.png,SurfaceAppearance,128,
A,A_N_09_Low__GLS,CP_GlassCurtain,GLS,T_GlassCurtain_Color.png;T_GlassCurtain_Normal.png;T_GlassCurtain_Roughness.png;T_GlassCurtain_Metalness.png,SurfaceAppearance (Color/Normal/Roughness/Metalness),4,
A,A_N_09_Low__MEC,CP_Mechanical,MEC,T_Mechanical_Color.png;T_Mechanical_Normal.png;T_Mechanical_Roughness.png;T_Mechanical_Metalness.png,SurfaceAppearance,130,
A,A_N_09_Low__NEON_BLU,CP_NEON_BLU,NEON_BLU,F_NEON_BLU.png (swatch only),"Material=Neon, Color=30,95,255 (CyberpunkConfig.NeonColors)",90,
A,A_N_09_Low__NEON_CYN,CP_NEON_CYN,NEON_CYN,F_NEON_CYN.png (swatch only),"Material=Neon, Color=0,230,255 (CyberpunkConfig.NeonColors)",20,
A,A_N_09_Low__NEON_MAG,CP_NEON_MAG,NEON_MAG,F_NEON_MAG.png (swatch only),"Material=Neon, Color=255,25,175 (CyberpunkConfig.NeonColors)",10,
A,A_N_09_Low__NEON_WHT,CP_NEON_WHT,NEON_WHT,F_NEON_WHT.png (swatch only),"Material=Neon, Color=215,228,255 (CyberpunkConfig.NeonColors)",46,
A,A_N_09_Low__PNL,CP_PanelMetal,PNL,T_PanelMetal_Color.png;T_PanelMetal_Normal.png;T_PanelMetal_Roughness.png;T_PanelMetal_Metalness.png,SurfaceAppearance,50,
A,A_N_09_Low__ROF,CP_RoofDeck,ROF,T_RoofDeck_Color.png;T_RoofDeck_Normal.png;T_RoofDeck_Roughness.png;T_RoofDeck_Metalness.png,SurfaceAppearance,4,
A,A_N_09_Low__SGH,CP_SignsH,SGH,signs_h.png,TextureID / SurfaceAppearance ColorMap (atlas),12,
A,A_N_09_Low__SGV,CP_SignsV,SGV,signs_v.png,TextureID / SurfaceAppearance ColorMap (atlas),8,
A,A_N_09_Low__SHOP_LIT,CP_SHOP_LIT,SHOP_LIT,F_SHOP_LIT.png (swatch only),"Material=Neon, Color=255,232,205 (CyberpunkConfig.NeonColors)",4,
A,A_N_09_Low__STL,CP_Steel,STL,T_Steel_Color.png;T_Steel_Normal.png;T_Steel_Roughness.png;T_Steel_Metalness.png,SurfaceAppearance,610,
A,A_N_09_Low__TEC,CP_TechPanel,TEC,T_TechPanel_Color.png;T_TechPanel_Normal.png;T_TechPanel_Roughness.png;T_TechPanel_Metalness.png,SurfaceAppearance,2,
A,A_N_09_Low__WIN_WRM,CP_WIN_WRM,WIN_WRM,F_WIN_WRM.png (swatch only),"Material=Neon, Color=255,190,125 (CyberpunkConfig.NeonColors)",72,
A,A_N_10_Pencil_P01_FANBOX__MEC,CP_Mechanical,MEC,T_Mechanical_Color.png;T_Mechanical_Normal.png;T_Mechanical_Roughness.png;T_Mechanical_Metalness.png,SurfaceAppearance,50,PROTO_FANBOX__MEC
A,A_N_10_Pencil_P02_VENT__MEC,CP_Mechanical,MEC,T_Mechanical_Color.png;T_Mechanical_Normal.png;T_Mechanical_Roughness.png;T_Mechanical_Metalness.png,SurfaceAppearance,44,PROTO_VENT__MEC
A,A_N_10_Pencil_P03_HVAC_S__MEC,CP_Mechanical,MEC,T_Mechanical_Color.png;T_Mechanical_Normal.png;T_Mechanical_Roughness.png;T_Mechanical_Metalness.png,SurfaceAppearance,32,PROTO_HVAC_S__MEC
A,A_N_10_Pencil__CON,CP_ConcreteDark,CON,T_ConcreteDark_Color.png;T_ConcreteDark_Normal.png;T_ConcreteDark_Roughness.png;T_ConcreteDark_Metalness.png,SurfaceAppearance,72,
A,A_N_10_Pencil__GLS,CP_GlassCurtain,GLS,T_GlassCurtain_Color.png;T_GlassCurtain_Normal.png;T_GlassCurtain_Roughness.png;T_GlassCurtain_Metalness.png,SurfaceAppearance (Color/Normal/Roughness/Metalness),2,
A,A_N_10_Pencil__MEC,CP_Mechanical,MEC,T_Mechanical_Color.png;T_Mechanical_Normal.png;T_Mechanical_Roughness.png;T_Mechanical_Metalness.png,SurfaceAppearance,90,
A,A_N_10_Pencil__NEON_CYN,CP_NEON_CYN,NEON_CYN,F_NEON_CYN.png (swatch only),"Material=Neon, Color=0,230,255 (CyberpunkConfig.NeonColors)",20,
A,A_N_10_Pencil__NEON_VIO,CP_NEON_VIO,NEON_VIO,F_NEON_VIO.png (swatch only),"Material=Neon, Color=150,45,255 (CyberpunkConfig.NeonColors)",90,
A,A_N_10_Pencil__PNL,CP_PanelMetal,PNL,T_PanelMetal_Color.png;T_PanelMetal_Normal.png;T_PanelMetal_Roughness.png;T_PanelMetal_Metalness.png,SurfaceAppearance,26,
A,A_N_10_Pencil__RIB,CP_GlassRibbon,RIB,T_GlassRibbon_Color.png;T_GlassRibbon_Normal.png;T_GlassRibbon_Roughness.png;T_GlassRibbon_Metalness.png,SurfaceAppearance,12,
A,A_N_10_Pencil__ROF,CP_RoofDeck,ROF,T_RoofDeck_Color.png;T_RoofDeck_Normal.png;T_RoofDeck_Roughness.png;T_RoofDeck_Metalness.png,SurfaceAppearance,6,
A,A_N_10_Pencil__SGH,CP_SignsH,SGH,signs_h.png,TextureID / SurfaceAppearance ColorMap (atlas),2,
A,A_N_10_Pencil__SGV,CP_SignsV,SGV,signs_v.png,TextureID / SurfaceAppearance ColorMap (atlas),2,
A,A_N_10_Pencil__STL,CP_Steel,STL,T_Steel_Color.png;T_Steel_Normal.png;T_Steel_Roughness.png;T_Steel_Metalness.png,SurfaceAppearance,762,
A,A_N_10_Pencil__WIN_COL,CP_WIN_COL,WIN_COL,F_WIN_COL.png (swatch only),"Material=Neon, Color=140,195,255 (CyberpunkConfig.NeonColors)",38,
A,A_N_10_Pencil__WIN_WRM,CP_WIN_WRM,WIN_WRM,F_WIN_WRM.png (swatch only),"Material=Neon, Color=255,190,125 (CyberpunkConfig.NeonColors)",146,
A,A_N_11_Pencil_P02_HVAC_S__MEC,CP_Mechanical,MEC,T_Mechanical_Color.png;T_Mechanical_Normal.png;T_Mechanical_Roughness.png;T_Mechanical_Metalness.png,SurfaceAppearance,32,PROTO_HVAC_S__MEC
A,A_N_11_Pencil_P03_HVAC_S__MEC,CP_Mechanical,MEC,T_Mechanical_Color.png;T_Mechanical_Normal.png;T_Mechanical_Roughness.png;T_Mechanical_Metalness.png,SurfaceAppearance,32,PROTO_HVAC_S__MEC
A,A_N_11_Pencil_P04_STACK__MEC,CP_Mechanical,MEC,T_Mechanical_Color.png;T_Mechanical_Normal.png;T_Mechanical_Roughness.png;T_Mechanical_Metalness.png,SurfaceAppearance,128,PROTO_STACK__MEC
A,A_N_11_Pencil_P05_HVAC_L__MEC,CP_Mechanical,MEC,T_Mechanical_Color.png;T_Mechanical_Normal.png;T_Mechanical_Roughness.png;T_Mechanical_Metalness.png,SurfaceAppearance,76,PROTO_HVAC_L__MEC
A,A_N_11_Pencil_V01_VEND_BODY__PNL,CP_PanelMetal,PNL,T_PanelMetal_Color.png;T_PanelMetal_Normal.png;T_PanelMetal_Roughness.png;T_PanelMetal_Metalness.png,SurfaceAppearance,10,PROTO_VEND_BODY__PNL
A,A_N_11_Pencil_V01_VEND_FACE__SHOP_LIT,CP_SHOP_LIT,SHOP_LIT,F_SHOP_LIT.png (swatch only),"Material=Neon, Color=255,232,205 (CyberpunkConfig.NeonColors)",2,PROTO_VEND_FACE__SHOP_LIT
A,A_N_11_Pencil__CON,CP_ConcreteDark,CON,T_ConcreteDark_Color.png;T_ConcreteDark_Normal.png;T_ConcreteDark_Roughness.png;T_ConcreteDark_Metalness.png,SurfaceAppearance,72,
A,A_N_11_Pencil__GLS,CP_GlassCurtain,GLS,T_GlassCurtain_Color.png;T_GlassCurtain_Normal.png;T_GlassCurtain_Roughness.png;T_GlassCurtain_Metalness.png,SurfaceAppearance (Color/Normal/Roughness/Metalness),6,
A,A_N_11_Pencil__MEC,CP_Mechanical,MEC,T_Mechanical_Color.png;T_Mechanical_Normal.png;T_Mechanical_Roughness.png;T_Mechanical_Metalness.png,SurfaceAppearance,30,
A,A_N_11_Pencil__NEON_MAG,CP_NEON_MAG,NEON_MAG,F_NEON_MAG.png (swatch only),"Material=Neon, Color=255,25,175 (CyberpunkConfig.NeonColors)",30,
A,A_N_11_Pencil__NEON_VIO,CP_NEON_VIO,NEON_VIO,F_NEON_VIO.png (swatch only),"Material=Neon, Color=150,45,255 (CyberpunkConfig.NeonColors)",60,
A,A_N_11_Pencil__PNL,CP_PanelMetal,PNL,T_PanelMetal_Color.png;T_PanelMetal_Normal.png;T_PanelMetal_Roughness.png;T_PanelMetal_Metalness.png,SurfaceAppearance,26,
A,A_N_11_Pencil__RIB,CP_GlassRibbon,RIB,T_GlassRibbon_Color.png;T_GlassRibbon_Normal.png;T_GlassRibbon_Roughness.png;T_GlassRibbon_Metalness.png,SurfaceAppearance,2,
A,A_N_11_Pencil__ROF,CP_RoofDeck,ROF,T_RoofDeck_Color.png;T_RoofDeck_Normal.png;T_RoofDeck_Roughness.png;T_RoofDeck_Metalness.png,SurfaceAppearance,6,
A,A_N_11_Pencil__SGH,CP_SignsH,SGH,signs_h.png,TextureID / SurfaceAppearance ColorMap (atlas),2,
A,A_N_11_Pencil__STL,CP_Steel,STL,T_Steel_Color.png;T_Steel_Normal.png;T_Steel_Roughness.png;T_Steel_Metalness.png,SurfaceAppearance,646,
A,A_N_11_Pencil__WIN_COL,CP_WIN_COL,WIN_COL,F_WIN_COL.png (swatch only),"Material=Neon, Color=140,195,255 (CyberpunkConfig.NeonColors)",2,
A,A_N_11_Pencil__WIN_PNK,CP_WIN_PNK,WIN_PNK,F_WIN_PNK.png (swatch only),"Material=Neon, Color=255,120,200 (CyberpunkConfig.NeonColors)",22,
A,A_N_11_Pencil__WIN_WRM,CP_WIN_WRM,WIN_WRM,F_WIN_WRM.png (swatch only),"Material=Neon, Color=255,190,125 (CyberpunkConfig.NeonColors)",166,
A,A_N_12_Arcade_P02_HVAC_S__MEC,CP_Mechanical,MEC,T_Mechanical_Color.png;T_Mechanical_Normal.png;T_Mechanical_Roughness.png;T_Mechanical_Metalness.png,SurfaceAppearance,32,PROTO_HVAC_S__MEC
A,A_N_12_Arcade_P03_HVAC_S__MEC,CP_Mechanical,MEC,T_Mechanical_Color.png;T_Mechanical_Normal.png;T_Mechanical_Roughness.png;T_Mechanical_Metalness.png,SurfaceAppearance,32,PROTO_HVAC_S__MEC
A,A_N_12_Arcade_P04_HVAC_L__MEC,CP_Mechanical,MEC,T_Mechanical_Color.png;T_Mechanical_Normal.png;T_Mechanical_Roughness.png;T_Mechanical_Metalness.png,SurfaceAppearance,76,PROTO_HVAC_L__MEC
A,A_N_12_Arcade_P05_FANBOX__MEC,CP_Mechanical,MEC,T_Mechanical_Color.png;T_Mechanical_Normal.png;T_Mechanical_Roughness.png;T_Mechanical_Metalness.png,SurfaceAppearance,50,PROTO_FANBOX__MEC
A,A_N_12_Arcade_P06_VENT__MEC,CP_Mechanical,MEC,T_Mechanical_Color.png;T_Mechanical_Normal.png;T_Mechanical_Roughness.png;T_Mechanical_Metalness.png,SurfaceAppearance,44,PROTO_VENT__MEC
A,A_N_12_Arcade_P07_HVAC_L__MEC,CP_Mechanical,MEC,T_Mechanical_Color.png;T_Mechanical_Normal.png;T_Mechanical_Roughness.png;T_Mechanical_Metalness.png,SurfaceAppearance,76,PROTO_HVAC_L__MEC
A,A_N_12_Arcade_P08_FANBOX__MEC,CP_Mechanical,MEC,T_Mechanical_Color.png;T_Mechanical_Normal.png;T_Mechanical_Roughness.png;T_Mechanical_Metalness.png,SurfaceAppearance,50,PROTO_FANBOX__MEC
A,A_N_12_Arcade_P09_VENT__MEC,CP_Mechanical,MEC,T_Mechanical_Color.png;T_Mechanical_Normal.png;T_Mechanical_Roughness.png;T_Mechanical_Metalness.png,SurfaceAppearance,44,PROTO_VENT__MEC
A,A_N_12_Arcade_V01_VEND_BODY__PNL,CP_PanelMetal,PNL,T_PanelMetal_Color.png;T_PanelMetal_Normal.png;T_PanelMetal_Roughness.png;T_PanelMetal_Metalness.png,SurfaceAppearance,10,PROTO_VEND_BODY__PNL
A,A_N_12_Arcade_V01_VEND_FACE__SHOP_LIT,CP_SHOP_LIT,SHOP_LIT,F_SHOP_LIT.png (swatch only),"Material=Neon, Color=255,232,205 (CyberpunkConfig.NeonColors)",2,PROTO_VEND_FACE__SHOP_LIT
A,A_N_12_Arcade__CON,CP_ConcreteDark,CON,T_ConcreteDark_Color.png;T_ConcreteDark_Normal.png;T_ConcreteDark_Roughness.png;T_ConcreteDark_Metalness.png,SurfaceAppearance,136,
A,A_N_12_Arcade__MEC,CP_Mechanical,MEC,T_Mechanical_Color.png;T_Mechanical_Normal.png;T_Mechanical_Roughness.png;T_Mechanical_Metalness.png,SurfaceAppearance,90,
A,A_N_12_Arcade__NEON_AMB,CP_NEON_AMB,NEON_AMB,F_NEON_AMB.png (swatch only),"Material=Neon, Color=255,150,25 (CyberpunkConfig.NeonColors)",36,
A,A_N_12_Arcade__NEON_CYN,CP_NEON_CYN,NEON_CYN,F_NEON_CYN.png (swatch only),"Material=Neon, Color=0,230,255 (CyberpunkConfig.NeonColors)",280,
A,A_N_12_Arcade__NEON_MAG,CP_NEON_MAG,NEON_MAG,F_NEON_MAG.png (swatch only),"Material=Neon, Color=255,25,175 (CyberpunkConfig.NeonColors)",400,
A,A_N_12_Arcade__NEON_RED,CP_NEON_RED,NEON_RED,F_NEON_RED.png (swatch only),"Material=Neon, Color=255,32,45 (CyberpunkConfig.NeonColors)",28,
A,A_N_12_Arcade__NEON_VIO,CP_NEON_VIO,NEON_VIO,F_NEON_VIO.png (swatch only),"Material=Neon, Color=150,45,255 (CyberpunkConfig.NeonColors)",20,
A,A_N_12_Arcade__PNL,CP_PanelMetal,PNL,T_PanelMetal_Color.png;T_PanelMetal_Normal.png;T_PanelMetal_Roughness.png;T_PanelMetal_Metalness.png,SurfaceAppearance,74,
A,A_N_12_Arcade__RIB,CP_GlassRibbon,RIB,T_GlassRibbon_Color.png;T_GlassRibbon_Normal.png;T_GlassRibbon_Roughness.png;T_GlassRibbon_Metalness.png,SurfaceAppearance,2,
A,A_N_12_Arcade__ROF,CP_RoofDeck,ROF,T_RoofDeck_Color.png;T_RoofDeck_Normal.png;T_RoofDeck_Roughness.png;T_RoofDeck_Metalness.png,SurfaceAppearance,4,
A,A_N_12_Arcade__SGH,CP_SignsH,SGH,signs_h.png,TextureID / SurfaceAppearance ColorMap (atlas),10,
A,A_N_12_Arcade__SGV,CP_SignsV,SGV,signs_v.png,TextureID / SurfaceAppearance ColorMap (atlas),4,
A,A_N_12_Arcade__SHOP_LIT,CP_SHOP_LIT,SHOP_LIT,F_SHOP_LIT.png (swatch only),"Material=Neon, Color=255,232,205 (CyberpunkConfig.NeonColors)",4,
A,A_N_12_Arcade__STL,CP_Steel,STL,T_Steel_Color.png;T_Steel_Normal.png;T_Steel_Roughness.png;T_Steel_Metalness.png,SurfaceAppearance,354,
A,A_N_12_Arcade__TEC,CP_TechPanel,TEC,T_TechPanel_Color.png;T_TechPanel_Normal.png;T_TechPanel_Roughness.png;T_TechPanel_Metalness.png,SurfaceAppearance,8,
A,A_N_12_Arcade__WIN_COL,CP_WIN_COL,WIN_COL,F_WIN_COL.png (swatch only),"Material=Neon, Color=140,195,255 (CyberpunkConfig.NeonColors)",2,
A,A_N_12_Arcade__WIN_WRM,CP_WIN_WRM,WIN_WRM,F_WIN_WRM.png (swatch only),"Material=Neon, Color=255,190,125 (CyberpunkConfig.NeonColors)",176,
A,A_N_13_Low_P01_HVAC_S__MEC,CP_Mechanical,MEC,T_Mechanical_Color.png;T_Mechanical_Normal.png;T_Mechanical_Roughness.png;T_Mechanical_Metalness.png,SurfaceAppearance,32,PROTO_HVAC_S__MEC
A,A_N_13_Low_P02_COOL__MEC,CP_Mechanical,MEC,T_Mechanical_Color.png;T_Mechanical_Normal.png;T_Mechanical_Roughness.png;T_Mechanical_Metalness.png,SurfaceAppearance,66,PROTO_COOL__MEC
A,A_N_13_Low_P03_VENT__MEC,CP_Mechanical,MEC,T_Mechanical_Color.png;T_Mechanical_Normal.png;T_Mechanical_Roughness.png;T_Mechanical_Metalness.png,SurfaceAppearance,44,PROTO_VENT__MEC
A,A_N_13_Low_P04_HVAC_S__MEC,CP_Mechanical,MEC,T_Mechanical_Color.png;T_Mechanical_Normal.png;T_Mechanical_Roughness.png;T_Mechanical_Metalness.png,SurfaceAppearance,32,PROTO_HVAC_S__MEC
A,A_N_13_Low_P05_COOL__MEC,CP_Mechanical,MEC,T_Mechanical_Color.png;T_Mechanical_Normal.png;T_Mechanical_Roughness.png;T_Mechanical_Metalness.png,SurfaceAppearance,66,PROTO_COOL__MEC
A,A_N_13_Low_P06_GEN__MEC,CP_Mechanical,MEC,T_Mechanical_Color.png;T_Mechanical_Normal.png;T_Mechanical_Roughness.png;T_Mechanical_Metalness.png,SurfaceAppearance,70,PROTO_GEN__MEC
A,A_N_13_Low_P07_VENT__MEC,CP_Mechanical,MEC,T_Mechanical_Color.png;T_Mechanical_Normal.png;T_Mechanical_Roughness.png;T_Mechanical_Metalness.png,SurfaceAppearance,44,PROTO_VENT__MEC
A,A_N_13_Low__CON,CP_ConcreteDark,CON,T_ConcreteDark_Color.png;T_ConcreteDark_Normal.png;T_ConcreteDark_Roughness.png;T_ConcreteDark_Metalness.png,SurfaceAppearance,120,
A,A_N_13_Low__GLS,CP_GlassCurtain,GLS,T_GlassCurtain_Color.png;T_GlassCurtain_Normal.png;T_GlassCurtain_Roughness.png;T_GlassCurtain_Metalness.png,SurfaceAppearance (Color/Normal/Roughness/Metalness),4,
A,A_N_13_Low__NEON_AMB,CP_NEON_AMB,NEON_AMB,F_NEON_AMB.png (swatch only),"Material=Neon, Color=255,150,25 (CyberpunkConfig.NeonColors)",12,
A,A_N_13_Low__NEON_CYN,CP_NEON_CYN,NEON_CYN,F_NEON_CYN.png (swatch only),"Material=Neon, Color=0,230,255 (CyberpunkConfig.NeonColors)",20,
A,A_N_13_Low__NEON_MAG,CP_NEON_MAG,NEON_MAG,F_NEON_MAG.png (swatch only),"Material=Neon, Color=255,25,175 (CyberpunkConfig.NeonColors)",10,
A,A_N_13_Low__NEON_RED,CP_NEON_RED,NEON_RED,F_NEON_RED.png (swatch only),"Material=Neon, Color=255,32,45 (CyberpunkConfig.NeonColors)",20,
A,A_N_13_Low__NEON_VIO,CP_NEON_VIO,NEON_VIO,F_NEON_VIO.png (swatch only),"Material=Neon, Color=150,45,255 (CyberpunkConfig.NeonColors)",10,
A,A_N_13_Low__NEON_WHT,CP_NEON_WHT,NEON_WHT,F_NEON_WHT.png (swatch only),"Material=Neon, Color=215,228,255 (CyberpunkConfig.NeonColors)",36,
A,A_N_13_Low__PNL,CP_PanelMetal,PNL,T_PanelMetal_Color.png;T_PanelMetal_Normal.png;T_PanelMetal_Roughness.png;T_PanelMetal_Metalness.png,SurfaceAppearance,34,
A,A_N_13_Low__ROF,CP_RoofDeck,ROF,T_RoofDeck_Color.png;T_RoofDeck_Normal.png;T_RoofDeck_Roughness.png;T_RoofDeck_Metalness.png,SurfaceAppearance,4,
A,A_N_13_Low__SGH,CP_SignsH,SGH,signs_h.png,TextureID / SurfaceAppearance ColorMap (atlas),8,
A,A_N_13_Low__SGV,CP_SignsV,SGV,signs_v.png,TextureID / SurfaceAppearance ColorMap (atlas),6,
A,A_N_13_Low__SHOP_LIT,CP_SHOP_LIT,SHOP_LIT,F_SHOP_LIT.png (swatch only),"Material=Neon, Color=255,232,205 (CyberpunkConfig.NeonColors)",2,
A,A_N_13_Low__STL,CP_Steel,STL,T_Steel_Color.png;T_Steel_Normal.png;T_Steel_Roughness.png;T_Steel_Metalness.png,SurfaceAppearance,444,
A,A_N_13_Low__TEC,CP_TechPanel,TEC,T_TechPanel_Color.png;T_TechPanel_Normal.png;T_TechPanel_Roughness.png;T_TechPanel_Metalness.png,SurfaceAppearance,2,
A,A_N_13_Low__WIN_COL,CP_WIN_COL,WIN_COL,F_WIN_COL.png (swatch only),"Material=Neon, Color=140,195,255 (CyberpunkConfig.NeonColors)",2,
A,A_N_13_Low__WIN_VIO,CP_WIN_VIO,WIN_VIO,F_WIN_VIO.png (swatch only),"Material=Neon, Color=170,130,255 (CyberpunkConfig.NeonColors)",58,
A,A_N_14_Zakkyo_P01_STACK__MEC,CP_Mechanical,MEC,T_Mechanical_Color.png;T_Mechanical_Normal.png;T_Mechanical_Roughness.png;T_Mechanical_Metalness.png,SurfaceAppearance,128,PROTO_STACK__MEC
A,A_N_14_Zakkyo_P02_STACK__MEC,CP_Mechanical,MEC,T_Mechanical_Color.png;T_Mechanical_Normal.png;T_Mechanical_Roughness.png;T_Mechanical_Metalness.png,SurfaceAppearance,128,PROTO_STACK__MEC
A,A_N_14_Zakkyo_P03_COOL__MEC,CP_Mechanical,MEC,T_Mechanical_Color.png;T_Mechanical_Normal.png;T_Mechanical_Roughness.png;T_Mechanical_Metalness.png,SurfaceAppearance,66,PROTO_COOL__MEC
A,A_N_14_Zakkyo_P04_VENT__MEC,CP_Mechanical,MEC,T_Mechanical_Color.png;T_Mechanical_Normal.png;T_Mechanical_Roughness.png;T_Mechanical_Metalness.png,SurfaceAppearance,44,PROTO_VENT__MEC
A,A_N_14_Zakkyo_P05_DISH__MEC,CP_Mechanical,MEC,T_Mechanical_Color.png;T_Mechanical_Normal.png;T_Mechanical_Roughness.png;T_Mechanical_Metalness.png,SurfaceAppearance,22,PROTO_DISH__MEC
A,A_N_14_Zakkyo_P06_HVAC_S__MEC,CP_Mechanical,MEC,T_Mechanical_Color.png;T_Mechanical_Normal.png;T_Mechanical_Roughness.png;T_Mechanical_Metalness.png,SurfaceAppearance,32,PROTO_HVAC_S__MEC
A,A_N_14_Zakkyo_P07_COOL__MEC,CP_Mechanical,MEC,T_Mechanical_Color.png;T_Mechanical_Normal.png;T_Mechanical_Roughness.png;T_Mechanical_Metalness.png,SurfaceAppearance,66,PROTO_COOL__MEC
A,A_N_14_Zakkyo_P08_HVAC_S__MEC,CP_Mechanical,MEC,T_Mechanical_Color.png;T_Mechanical_Normal.png;T_Mechanical_Roughness.png;T_Mechanical_Metalness.png,SurfaceAppearance,32,PROTO_HVAC_S__MEC
A,A_N_14_Zakkyo_P09_VENT__MEC,CP_Mechanical,MEC,T_Mechanical_Color.png;T_Mechanical_Normal.png;T_Mechanical_Roughness.png;T_Mechanical_Metalness.png,SurfaceAppearance,44,PROTO_VENT__MEC
A,A_N_14_Zakkyo__CON,CP_ConcreteDark,CON,T_ConcreteDark_Color.png;T_ConcreteDark_Normal.png;T_ConcreteDark_Roughness.png;T_ConcreteDark_Metalness.png,SurfaceAppearance,140,
A,A_N_14_Zakkyo__GLS,CP_GlassCurtain,GLS,T_GlassCurtain_Color.png;T_GlassCurtain_Normal.png;T_GlassCurtain_Roughness.png;T_GlassCurtain_Metalness.png,SurfaceAppearance (Color/Normal/Roughness/Metalness),12,
A,A_N_14_Zakkyo__MEC,CP_Mechanical,MEC,T_Mechanical_Color.png;T_Mechanical_Normal.png;T_Mechanical_Roughness.png;T_Mechanical_Metalness.png,SurfaceAppearance,120,
A,A_N_14_Zakkyo__NEON_MAG,CP_NEON_MAG,NEON_MAG,F_NEON_MAG.png (swatch only),"Material=Neon, Color=255,25,175 (CyberpunkConfig.NeonColors)",20,
A,A_N_14_Zakkyo__NEON_VIO,CP_NEON_VIO,NEON_VIO,F_NEON_VIO.png (swatch only),"Material=Neon, Color=150,45,255 (CyberpunkConfig.NeonColors)",10,
A,A_N_14_Zakkyo__PNL,CP_PanelMetal,PNL,T_PanelMetal_Color.png;T_PanelMetal_Normal.png;T_PanelMetal_Roughness.png;T_PanelMetal_Metalness.png,SurfaceAppearance,64,
A,A_N_14_Zakkyo__ROF,CP_RoofDeck,ROF,T_RoofDeck_Color.png;T_RoofDeck_Normal.png;T_RoofDeck_Roughness.png;T_RoofDeck_Metalness.png,SurfaceAppearance,6,
A,A_N_14_Zakkyo__SGH,CP_SignsH,SGH,signs_h.png,TextureID / SurfaceAppearance ColorMap (atlas),18,
A,A_N_14_Zakkyo__SGV,CP_SignsV,SGV,signs_v.png,TextureID / SurfaceAppearance ColorMap (atlas),10,
A,A_N_14_Zakkyo__STL,CP_Steel,STL,T_Steel_Color.png;T_Steel_Normal.png;T_Steel_Roughness.png;T_Steel_Metalness.png,SurfaceAppearance,974,
A,A_N_14_Zakkyo__TEC,CP_TechPanel,TEC,T_TechPanel_Color.png;T_TechPanel_Normal.png;T_TechPanel_Roughness.png;T_TechPanel_Metalness.png,SurfaceAppearance,6,
A,A_N_14_Zakkyo__WIN_COL,CP_WIN_COL,WIN_COL,F_WIN_COL.png (swatch only),"Material=Neon, Color=140,195,255 (CyberpunkConfig.NeonColors)",134,
A,A_N_14_Zakkyo__WIN_PNK,CP_WIN_PNK,WIN_PNK,F_WIN_PNK.png (swatch only),"Material=Neon, Color=255,120,200 (CyberpunkConfig.NeonColors)",2,
A,A_N_14_Zakkyo__WIN_VIO,CP_WIN_VIO,WIN_VIO,F_WIN_VIO.png (swatch only),"Material=Neon, Color=170,130,255 (CyberpunkConfig.NeonColors)",2,
A,A_N_14_Zakkyo__WIN_WRM,CP_WIN_WRM,WIN_WRM,F_WIN_WRM.png (swatch only),"Material=Neon, Color=255,190,125 (CyberpunkConfig.NeonColors)",22,
A,A_N_15_Pencil_P02_STACK__MEC,CP_Mechanical,MEC,T_Mechanical_Color.png;T_Mechanical_Normal.png;T_Mechanical_Roughness.png;T_Mechanical_Metalness.png,SurfaceAppearance,128,PROTO_STACK__MEC
A,A_N_15_Pencil_P03_VENT__MEC,CP_Mechanical,MEC,T_Mechanical_Color.png;T_Mechanical_Normal.png;T_Mechanical_Roughness.png;T_Mechanical_Metalness.png,SurfaceAppearance,44,PROTO_VENT__MEC
A,A_N_15_Pencil_P04_VENT__MEC,CP_Mechanical,MEC,T_Mechanical_Color.png;T_Mechanical_Normal.png;T_Mechanical_Roughness.png;T_Mechanical_Metalness.png,SurfaceAppearance,44,PROTO_VENT__MEC
A,A_N_15_Pencil_P05_HVAC_S__MEC,CP_Mechanical,MEC,T_Mechanical_Color.png;T_Mechanical_Normal.png;T_Mechanical_Roughness.png;T_Mechanical_Metalness.png,SurfaceAppearance,32,PROTO_HVAC_S__MEC
A,A_N_15_Pencil_V01_VEND_BODY__PNL,CP_PanelMetal,PNL,T_PanelMetal_Color.png;T_PanelMetal_Normal.png;T_PanelMetal_Roughness.png;T_PanelMetal_Metalness.png,SurfaceAppearance,10,PROTO_VEND_BODY__PNL
A,A_N_15_Pencil_V01_VEND_FACE__SHOP_LIT,CP_SHOP_LIT,SHOP_LIT,F_SHOP_LIT.png (swatch only),"Material=Neon, Color=255,232,205 (CyberpunkConfig.NeonColors)",2,PROTO_VEND_FACE__SHOP_LIT
A,A_N_15_Pencil__CON,CP_ConcreteDark,CON,T_ConcreteDark_Color.png;T_ConcreteDark_Normal.png;T_ConcreteDark_Roughness.png;T_ConcreteDark_Metalness.png,SurfaceAppearance,72,
A,A_N_15_Pencil__MEC,CP_Mechanical,MEC,T_Mechanical_Color.png;T_Mechanical_Normal.png;T_Mechanical_Roughness.png;T_Mechanical_Metalness.png,SurfaceAppearance,20,
A,A_N_15_Pencil__NEON_BLU,CP_NEON_BLU,NEON_BLU,F_NEON_BLU.png (swatch only),"Material=Neon, Color=30,95,255 (CyberpunkConfig.NeonColors)",60,
A,A_N_15_Pencil__NEON_CYN,CP_NEON_CYN,NEON_CYN,F_NEON_CYN.png (swatch only),"Material=Neon, Color=0,230,255 (CyberpunkConfig.NeonColors)",50,
A,A_N_15_Pencil__PNL,CP_PanelMetal,PNL,T_PanelMetal_Color.png;T_PanelMetal_Normal.png;T_PanelMetal_Roughness.png;T_PanelMetal_Metalness.png,SurfaceAppearance,26,
A,A_N_15_Pencil__RIB,CP_GlassRibbon,RIB,T_GlassRibbon_Color.png;T_GlassRibbon_Normal.png;T_GlassRibbon_Roughness.png;T_GlassRibbon_Metalness.png,SurfaceAppearance,2,
A,A_N_15_Pencil__ROF,CP_RoofDeck,ROF,T_RoofDeck_Color.png;T_RoofDeck_Normal.png;T_RoofDeck_Roughness.png;T_RoofDeck_Metalness.png,SurfaceAppearance,6,
A,A_N_15_Pencil__SGH,CP_SignsH,SGH,signs_h.png,TextureID / SurfaceAppearance ColorMap (atlas),2,
A,A_N_15_Pencil__SGV,CP_SignsV,SGV,signs_v.png,TextureID / SurfaceAppearance ColorMap (atlas),6,
A,A_N_15_Pencil__STL,CP_Steel,STL,T_Steel_Color.png;T_Steel_Normal.png;T_Steel_Roughness.png;T_Steel_Metalness.png,SurfaceAppearance,772,
A,A_N_15_Pencil__TEC,CP_TechPanel,TEC,T_TechPanel_Color.png;T_TechPanel_Normal.png;T_TechPanel_Roughness.png;T_TechPanel_Metalness.png,SurfaceAppearance,12,
A,A_N_15_Pencil__WIN_VIO,CP_WIN_VIO,WIN_VIO,F_WIN_VIO.png (swatch only),"Material=Neon, Color=170,130,255 (CyberpunkConfig.NeonColors)",2,
A,A_N_15_Pencil__WIN_WRM,CP_WIN_WRM,WIN_WRM,F_WIN_WRM.png (swatch only),"Material=Neon, Color=255,190,125 (CyberpunkConfig.NeonColors)",94,
A,A_N_16_Zakkyo_P01_DISH__MEC,CP_Mechanical,MEC,T_Mechanical_Color.png;T_Mechanical_Normal.png;T_Mechanical_Roughness.png;T_Mechanical_Metalness.png,SurfaceAppearance,22,PROTO_DISH__MEC
A,A_N_16_Zakkyo_P02_DISH__MEC,CP_Mechanical,MEC,T_Mechanical_Color.png;T_Mechanical_Normal.png;T_Mechanical_Roughness.png;T_Mechanical_Metalness.png,SurfaceAppearance,22,PROTO_DISH__MEC
A,A_N_16_Zakkyo_P03_COOL__MEC,CP_Mechanical,MEC,T_Mechanical_Color.png;T_Mechanical_Normal.png;T_Mechanical_Roughness.png;T_Mechanical_Metalness.png,SurfaceAppearance,66,PROTO_COOL__MEC
A,A_N_16_Zakkyo_P04_VENT__MEC,CP_Mechanical,MEC,T_Mechanical_Color.png;T_Mechanical_Normal.png;T_Mechanical_Roughness.png;T_Mechanical_Metalness.png,SurfaceAppearance,44,PROTO_VENT__MEC
A,A_N_16_Zakkyo_P05_VENT__MEC,CP_Mechanical,MEC,T_Mechanical_Color.png;T_Mechanical_Normal.png;T_Mechanical_Roughness.png;T_Mechanical_Metalness.png,SurfaceAppearance,44,PROTO_VENT__MEC
A,A_N_16_Zakkyo_P06_HVAC_S__MEC,CP_Mechanical,MEC,T_Mechanical_Color.png;T_Mechanical_Normal.png;T_Mechanical_Roughness.png;T_Mechanical_Metalness.png,SurfaceAppearance,32,PROTO_HVAC_S__MEC
A,A_N_16_Zakkyo__CON,CP_ConcreteDark,CON,T_ConcreteDark_Color.png;T_ConcreteDark_Normal.png;T_ConcreteDark_Roughness.png;T_ConcreteDark_Metalness.png,SurfaceAppearance,72,
A,A_N_16_Zakkyo__MEC,CP_Mechanical,MEC,T_Mechanical_Color.png;T_Mechanical_Normal.png;T_Mechanical_Roughness.png;T_Mechanical_Metalness.png,SurfaceAppearance,50,
A,A_N_16_Zakkyo__NEON_MAG,CP_NEON_MAG,NEON_MAG,F_NEON_MAG.png (swatch only),"Material=Neon, Color=255,25,175 (CyberpunkConfig.NeonColors)",10,
A,A_N_16_Zakkyo__NEON_VIO,CP_NEON_VIO,NEON_VIO,F_NEON_VIO.png (swatch only),"Material=Neon, Color=150,45,255 (CyberpunkConfig.NeonColors)",60,
A,A_N_16_Zakkyo__PNL,CP_PanelMetal,PNL,T_PanelMetal_Color.png;T_PanelMetal_Normal.png;T_PanelMetal_Roughness.png;T_PanelMetal_Metalness.png,SurfaceAppearance,26,
A,A_N_16_Zakkyo__RIB,CP_GlassRibbon,RIB,T_GlassRibbon_Color.png;T_GlassRibbon_Normal.png;T_GlassRibbon_Roughness.png;T_GlassRibbon_Metalness.png,SurfaceAppearance,14,
A,A_N_16_Zakkyo__ROF,CP_RoofDeck,ROF,T_RoofDeck_Color.png;T_RoofDeck_Normal.png;T_RoofDeck_Roughness.png;T_RoofDeck_Metalness.png,SurfaceAppearance,6,
A,A_N_16_Zakkyo__SGH,CP_SignsH,SGH,signs_h.png,TextureID / SurfaceAppearance ColorMap (atlas),2,
A,A_N_16_Zakkyo__SGV,CP_SignsV,SGV,signs_v.png,TextureID / SurfaceAppearance ColorMap (atlas),4,
A,A_N_16_Zakkyo__SHOP_LIT,CP_SHOP_LIT,SHOP_LIT,F_SHOP_LIT.png (swatch only),"Material=Neon, Color=255,232,205 (CyberpunkConfig.NeonColors)",2,
A,A_N_16_Zakkyo__STL,CP_Steel,STL,T_Steel_Color.png;T_Steel_Normal.png;T_Steel_Roughness.png;T_Steel_Metalness.png,SurfaceAppearance,1272,
A,A_N_16_Zakkyo__WIN_COL,CP_WIN_COL,WIN_COL,F_WIN_COL.png (swatch only),"Material=Neon, Color=140,195,255 (CyberpunkConfig.NeonColors)",112,
A,A_N_16_Zakkyo__WIN_VIO,CP_WIN_VIO,WIN_VIO,F_WIN_VIO.png (swatch only),"Material=Neon, Color=170,130,255 (CyberpunkConfig.NeonColors)",20,
A,A_N_17_LMStacked_P01_HVAC_S__MEC,CP_Mechanical,MEC,T_Mechanical_Color.png;T_Mechanical_Normal.png;T_Mechanical_Roughness.png;T_Mechanical_Metalness.png,SurfaceAppearance,32,PROTO_HVAC_S__MEC
A,A_N_17_LMStacked_P02_TANK__MEC,CP_Mechanical,MEC,T_Mechanical_Color.png;T_Mechanical_Normal.png;T_Mechanical_Roughness.png;T_Mechanical_Metalness.png,SurfaceAppearance,84,PROTO_TANK__MEC
A,A_N_17_LMStacked_P03_VENT__MEC,CP_Mechanical,MEC,T_Mechanical_Color.png;T_Mechanical_Normal.png;T_Mechanical_Roughness.png;T_Mechanical_Metalness.png,SurfaceAppearance,44,PROTO_VENT__MEC
A,A_N_17_LMStacked_P04_VENT__MEC,CP_Mechanical,MEC,T_Mechanical_Color.png;T_Mechanical_Normal.png;T_Mechanical_Roughness.png;T_Mechanical_Metalness.png,SurfaceAppearance,44,PROTO_VENT__MEC
A,A_N_17_LMStacked_P05_DISH__MEC,CP_Mechanical,MEC,T_Mechanical_Color.png;T_Mechanical_Normal.png;T_Mechanical_Roughness.png;T_Mechanical_Metalness.png,SurfaceAppearance,22,PROTO_DISH__MEC
A,A_N_17_LMStacked__CON,CP_ConcreteDark,CON,T_ConcreteDark_Color.png;T_ConcreteDark_Normal.png;T_ConcreteDark_Roughness.png;T_ConcreteDark_Metalness.png,SurfaceAppearance,98,
A,A_N_17_LMStacked__GLS,CP_GlassCurtain,GLS,T_GlassCurtain_Color.png;T_GlassCurtain_Normal.png;T_GlassCurtain_Roughness.png;T_GlassCurtain_Metalness.png,SurfaceAppearance (Color/Normal/Roughness/Metalness),14,
A,A_N_17_LMStacked__MEC,CP_Mechanical,MEC,T_Mechanical_Color.png;T_Mechanical_Normal.png;T_Mechanical_Roughness.png;T_Mechanical_Metalness.png,SurfaceAppearance,118,
A,A_N_17_LMStacked__NEON_BLU,CP_NEON_BLU,NEON_BLU,F_NEON_BLU.png (swatch only),"Material=Neon, Color=30,95,255 (CyberpunkConfig.NeonColors)",20,
A,A_N_17_LMStacked__NEON_CYN,CP_NEON_CYN,NEON_CYN,F_NEON_CYN.png (swatch only),"Material=Neon, Color=0,230,255 (CyberpunkConfig.NeonColors)",250,
A,A_N_17_LMStacked__NEON_MAG,CP_NEON_MAG,NEON_MAG,F_NEON_MAG.png (swatch only),"Material=Neon, Color=255,25,175 (CyberpunkConfig.NeonColors)",210,
A,A_N_17_LMStacked__NEON_RED,CP_NEON_RED,NEON_RED,F_NEON_RED.png (swatch only),"Material=Neon, Color=255,32,45 (CyberpunkConfig.NeonColors)",24,
A,A_N_17_LMStacked__NEON_WHT,CP_NEON_WHT,NEON_WHT,F_NEON_WHT.png (swatch only),"Material=Neon, Color=215,228,255 (CyberpunkConfig.NeonColors)",118,
A,A_N_17_LMStacked__PNL,CP_PanelMetal,PNL,T_PanelMetal_Color.png;T_PanelMetal_Normal.png;T_PanelMetal_Roughness.png;T_PanelMetal_Metalness.png,SurfaceAppearance,196,
A,A_N_17_LMStacked__RIB,CP_GlassRibbon,RIB,T_GlassRibbon_Color.png;T_GlassRibbon_Normal.png;T_GlassRibbon_Roughness.png;T_GlassRibbon_Metalness.png,SurfaceAppearance,6,
A,A_N_17_LMStacked__ROF,CP_RoofDeck,ROF,T_RoofDeck_Color.png;T_RoofDeck_Normal.png;T_RoofDeck_Roughness.png;T_RoofDeck_Metalness.png,SurfaceAppearance,14,
A,A_N_17_LMStacked__SGH,CP_SignsH,SGH,signs_h.png,TextureID / SurfaceAppearance ColorMap (atlas),12,
A,A_N_17_LMStacked__SGV,CP_SignsV,SGV,signs_v.png,TextureID / SurfaceAppearance ColorMap (atlas),4,
A,A_N_17_LMStacked__SHOP_LIT,CP_SHOP_LIT,SHOP_LIT,F_SHOP_LIT.png (swatch only),"Material=Neon, Color=255,232,205 (CyberpunkConfig.NeonColors)",4,
A,A_N_17_LMStacked__STL,CP_Steel,STL,T_Steel_Color.png;T_Steel_Normal.png;T_Steel_Roughness.png;T_Steel_Metalness.png,SurfaceAppearance,3330,
A,A_N_17_LMStacked__WIN_COL,CP_WIN_COL,WIN_COL,F_WIN_COL.png (swatch only),"Material=Neon, Color=140,195,255 (CyberpunkConfig.NeonColors)",392,
A,A_N_17_LMStacked__WIN_PNK,CP_WIN_PNK,WIN_PNK,F_WIN_PNK.png (swatch only),"Material=Neon, Color=255,120,200 (CyberpunkConfig.NeonColors)",60,
A,A_N_18_Zakkyo_P01_STACK__MEC,CP_Mechanical,MEC,T_Mechanical_Color.png;T_Mechanical_Normal.png;T_Mechanical_Roughness.png;T_Mechanical_Metalness.png,SurfaceAppearance,128,PROTO_STACK__MEC
A,A_N_18_Zakkyo_P02_VENT__MEC,CP_Mechanical,MEC,T_Mechanical_Color.png;T_Mechanical_Normal.png;T_Mechanical_Roughness.png;T_Mechanical_Metalness.png,SurfaceAppearance,44,PROTO_VENT__MEC
A,A_N_18_Zakkyo_P03_HVAC_S__MEC,CP_Mechanical,MEC,T_Mechanical_Color.png;T_Mechanical_Normal.png;T_Mechanical_Roughness.png;T_Mechanical_Metalness.png,SurfaceAppearance,32,PROTO_HVAC_S__MEC
A,A_N_18_Zakkyo_P04_DISH__MEC,CP_Mechanical,MEC,T_Mechanical_Color.png;T_Mechanical_Normal.png;T_Mechanical_Roughness.png;T_Mechanical_Metalness.png,SurfaceAppearance,22,PROTO_DISH__MEC
A,A_N_18_Zakkyo__CON,CP_ConcreteDark,CON,T_ConcreteDark_Color.png;T_ConcreteDark_Normal.png;T_ConcreteDark_Roughness.png;T_ConcreteDark_Metalness.png,SurfaceAppearance,80,
A,A_N_18_Zakkyo__GLS,CP_GlassCurtain,GLS,T_GlassCurtain_Color.png;T_GlassCurtain_Normal.png;T_GlassCurtain_Roughness.png;T_GlassCurtain_Metalness.png,SurfaceAppearance (Color/Normal/Roughness/Metalness),14,
A,A_N_18_Zakkyo__MEC,CP_Mechanical,MEC,T_Mechanical_Color.png;T_Mechanical_Normal.png;T_Mechanical_Roughness.png;T_Mechanical_Metalness.png,SurfaceAppearance,140,
A,A_N_18_Zakkyo__NEON_AMB,CP_NEON_AMB,NEON_AMB,F_NEON_AMB.png (swatch only),"Material=Neon, Color=255,150,25 (CyberpunkConfig.NeonColors)",24,
A,A_N_18_Zakkyo__NEON_BLU,CP_NEON_BLU,NEON_BLU,F_NEON_BLU.png (swatch only),"Material=Neon, Color=30,95,255 (CyberpunkConfig.NeonColors)",70,
A,A_N_18_Zakkyo__NEON_CYN,CP_NEON_CYN,NEON_CYN,F_NEON_CYN.png (swatch only),"Material=Neon, Color=0,230,255 (CyberpunkConfig.NeonColors)",90,
A,A_N_18_Zakkyo__NEON_RED,CP_NEON_RED,NEON_RED,F_NEON_RED.png (swatch only),"Material=Neon, Color=255,32,45 (CyberpunkConfig.NeonColors)",8,
A,A_N_18_Zakkyo__PNL,CP_PanelMetal,PNL,T_PanelMetal_Color.png;T_PanelMetal_Normal.png;T_PanelMetal_Roughness.png;T_PanelMetal_Metalness.png,SurfaceAppearance,42,
A,A_N_18_Zakkyo__ROF,CP_RoofDeck,ROF,T_RoofDeck_Color.png;T_RoofDeck_Normal.png;T_RoofDeck_Roughness.png;T_RoofDeck_Metalness.png,SurfaceAppearance,6,
A,A_N_18_Zakkyo__SGH,CP_SignsH,SGH,signs_h.png,TextureID / SurfaceAppearance ColorMap (atlas),6,
A,A_N_18_Zakkyo__SGV,CP_SignsV,SGV,signs_v.png,TextureID / SurfaceAppearance ColorMap (atlas),6,
A,A_N_18_Zakkyo__STL,CP_Steel,STL,T_Steel_Color.png;T_Steel_Normal.png;T_Steel_Roughness.png;T_Steel_Metalness.png,SurfaceAppearance,544,
A,A_N_18_Zakkyo__WIN_COL,CP_WIN_COL,WIN_COL,F_WIN_COL.png (swatch only),"Material=Neon, Color=140,195,255 (CyberpunkConfig.NeonColors)",4,
A,A_N_18_Zakkyo__WIN_WRM,CP_WIN_WRM,WIN_WRM,F_WIN_WRM.png (swatch only),"Material=Neon, Color=255,190,125 (CyberpunkConfig.NeonColors)",196,
A,A_N_19_Zakkyo_P01_HVAC_S__MEC,CP_Mechanical,MEC,T_Mechanical_Color.png;T_Mechanical_Normal.png;T_Mechanical_Roughness.png;T_Mechanical_Metalness.png,SurfaceAppearance,32,PROTO_HVAC_S__MEC
A,A_N_19_Zakkyo_P02_VENT__MEC,CP_Mechanical,MEC,T_Mechanical_Color.png;T_Mechanical_Normal.png;T_Mechanical_Roughness.png;T_Mechanical_Metalness.png,SurfaceAppearance,44,PROTO_VENT__MEC
A,A_N_19_Zakkyo_P03_STACK__MEC,CP_Mechanical,MEC,T_Mechanical_Color.png;T_Mechanical_Normal.png;T_Mechanical_Roughness.png;T_Mechanical_Metalness.png,SurfaceAppearance,128,PROTO_STACK__MEC
A,A_N_19_Zakkyo_P04_STACK__MEC,CP_Mechanical,MEC,T_Mechanical_Color.png;T_Mechanical_Normal.png;T_Mechanical_Roughness.png;T_Mechanical_Metalness.png,SurfaceAppearance,128,PROTO_STACK__MEC
A,A_N_19_Zakkyo_P05_STACK__MEC,CP_Mechanical,MEC,T_Mechanical_Color.png;T_Mechanical_Normal.png;T_Mechanical_Roughness.png;T_Mechanical_Metalness.png,SurfaceAppearance,128,PROTO_STACK__MEC
A,A_N_19_Zakkyo_P06_VENT__MEC,CP_Mechanical,MEC,T_Mechanical_Color.png;T_Mechanical_Normal.png;T_Mechanical_Roughness.png;T_Mechanical_Metalness.png,SurfaceAppearance,44,PROTO_VENT__MEC
A,A_N_19_Zakkyo_P07_VENT__MEC,CP_Mechanical,MEC,T_Mechanical_Color.png;T_Mechanical_Normal.png;T_Mechanical_Roughness.png;T_Mechanical_Metalness.png,SurfaceAppearance,44,PROTO_VENT__MEC
A,A_N_19_Zakkyo_P08_VENT__MEC,CP_Mechanical,MEC,T_Mechanical_Color.png;T_Mechanical_Normal.png;T_Mechanical_Roughness.png;T_Mechanical_Metalness.png,SurfaceAppearance,44,PROTO_VENT__MEC
A,A_N_19_Zakkyo_P09_HVAC_S__MEC,CP_Mechanical,MEC,T_Mechanical_Color.png;T_Mechanical_Normal.png;T_Mechanical_Roughness.png;T_Mechanical_Metalness.png,SurfaceAppearance,32,PROTO_HVAC_S__MEC
A,A_N_19_Zakkyo_P10_HVAC_S__MEC,CP_Mechanical,MEC,T_Mechanical_Color.png;T_Mechanical_Normal.png;T_Mechanical_Roughness.png;T_Mechanical_Metalness.png,SurfaceAppearance,32,PROTO_HVAC_S__MEC
A,A_N_19_Zakkyo_P11_GEN__MEC,CP_Mechanical,MEC,T_Mechanical_Color.png;T_Mechanical_Normal.png;T_Mechanical_Roughness.png;T_Mechanical_Metalness.png,SurfaceAppearance,70,PROTO_GEN__MEC
A,A_N_19_Zakkyo_P12_VENT__MEC,CP_Mechanical,MEC,T_Mechanical_Color.png;T_Mechanical_Normal.png;T_Mechanical_Roughness.png;T_Mechanical_Metalness.png,SurfaceAppearance,44,PROTO_VENT__MEC
A,A_N_19_Zakkyo_P13_VENT__MEC,CP_Mechanical,MEC,T_Mechanical_Color.png;T_Mechanical_Normal.png;T_Mechanical_Roughness.png;T_Mechanical_Metalness.png,SurfaceAppearance,44,PROTO_VENT__MEC
A,A_N_19_Zakkyo_P14_VENT__MEC,CP_Mechanical,MEC,T_Mechanical_Color.png;T_Mechanical_Normal.png;T_Mechanical_Roughness.png;T_Mechanical_Metalness.png,SurfaceAppearance,44,PROTO_VENT__MEC
A,A_N_19_Zakkyo__CON,CP_ConcreteDark,CON,T_ConcreteDark_Color.png;T_ConcreteDark_Normal.png;T_ConcreteDark_Roughness.png;T_ConcreteDark_Metalness.png,SurfaceAppearance,136,
A,A_N_19_Zakkyo__GLS,CP_GlassCurtain,GLS,T_GlassCurtain_Color.png;T_GlassCurtain_Normal.png;T_GlassCurtain_Roughness.png;T_GlassCurtain_Metalness.png,SurfaceAppearance (Color/Normal/Roughness/Metalness),36,
A,A_N_19_Zakkyo__MEC,CP_Mechanical,MEC,T_Mechanical_Color.png;T_Mechanical_Normal.png;T_Mechanical_Roughness.png;T_Mechanical_Metalness.png,SurfaceAppearance,120,
A,A_N_19_Zakkyo__NEON_BLU,CP_NEON_BLU,NEON_BLU,F_NEON_BLU.png (swatch only),"Material=Neon, Color=30,95,255 (CyberpunkConfig.NeonColors)",50,
A,A_N_19_Zakkyo__NEON_CYN,CP_NEON_CYN,NEON_CYN,F_NEON_CYN.png (swatch only),"Material=Neon, Color=0,230,255 (CyberpunkConfig.NeonColors)",40,
A,A_N_19_Zakkyo__NEON_WHT,CP_NEON_WHT,NEON_WHT,F_NEON_WHT.png (swatch only),"Material=Neon, Color=215,228,255 (CyberpunkConfig.NeonColors)",90,
A,A_N_19_Zakkyo__PNL,CP_PanelMetal,PNL,T_PanelMetal_Color.png;T_PanelMetal_Normal.png;T_PanelMetal_Roughness.png;T_PanelMetal_Metalness.png,SurfaceAppearance,224,
A,A_N_19_Zakkyo__RIB,CP_GlassRibbon,RIB,T_GlassRibbon_Color.png;T_GlassRibbon_Normal.png;T_GlassRibbon_Roughness.png;T_GlassRibbon_Metalness.png,SurfaceAppearance,2,
A,A_N_19_Zakkyo__ROF,CP_RoofDeck,ROF,T_RoofDeck_Color.png;T_RoofDeck_Normal.png;T_RoofDeck_Roughness.png;T_RoofDeck_Metalness.png,SurfaceAppearance,14,
A,A_N_19_Zakkyo__SGH,CP_SignsH,SGH,signs_h.png,TextureID / SurfaceAppearance ColorMap (atlas),10,
A,A_N_19_Zakkyo__SGV,CP_SignsV,SGV,signs_v.png,TextureID / SurfaceAppearance ColorMap (atlas),14,
A,A_N_19_Zakkyo__SHOP_LIT,CP_SHOP_LIT,SHOP_LIT,F_SHOP_LIT.png (swatch only),"Material=Neon, Color=255,232,205 (CyberpunkConfig.NeonColors)",2,
A,A_N_19_Zakkyo__STL,CP_Steel,STL,T_Steel_Color.png;T_Steel_Normal.png;T_Steel_Roughness.png;T_Steel_Metalness.png,SurfaceAppearance,748,
A,A_N_19_Zakkyo__WIN_VIO,CP_WIN_VIO,WIN_VIO,F_WIN_VIO.png (swatch only),"Material=Neon, Color=170,130,255 (CyberpunkConfig.NeonColors)",76,
A,A_N_19_Zakkyo__WIN_WRM,CP_WIN_WRM,WIN_WRM,F_WIN_WRM.png (swatch only),"Material=Neon, Color=255,190,125 (CyberpunkConfig.NeonColors)",22,
A,A_N_20_Mansion_P01_DISH__MEC,CP_Mechanical,MEC,T_Mechanical_Color.png;T_Mechanical_Normal.png;T_Mechanical_Roughness.png;T_Mechanical_Metalness.png,SurfaceAppearance,22,PROTO_DISH__MEC
A,A_N_20_Mansion_P02_TANK__MEC,CP_Mechanical,MEC,T_Mechanical_Color.png;T_Mechanical_Normal.png;T_Mechanical_Roughness.png;T_Mechanical_Metalness.png,SurfaceAppearance,84,PROTO_TANK__MEC
A,A_N_20_Mansion_P03_HVAC_S__MEC,CP_Mechanical,MEC,T_Mechanical_Color.png;T_Mechanical_Normal.png;T_Mechanical_Roughness.png;T_Mechanical_Metalness.png,SurfaceAppearance,32,PROTO_HVAC_S__MEC
A,A_N_20_Mansion_P04_DISH__MEC,CP_Mechanical,MEC,T_Mechanical_Color.png;T_Mechanical_Normal.png;T_Mechanical_Roughness.png;T_Mechanical_Metalness.png,SurfaceAppearance,22,PROTO_DISH__MEC
A,A_N_20_Mansion_P05_VENT__MEC,CP_Mechanical,MEC,T_Mechanical_Color.png;T_Mechanical_Normal.png;T_Mechanical_Roughness.png;T_Mechanical_Metalness.png,SurfaceAppearance,44,PROTO_VENT__MEC
A,A_N_20_Mansion_P06_DISH__MEC,CP_Mechanical,MEC,T_Mechanical_Color.png;T_Mechanical_Normal.png;T_Mechanical_Roughness.png;T_Mechanical_Metalness.png,SurfaceAppearance,22,PROTO_DISH__MEC
A,A_N_20_Mansion_P07_STACK__MEC,CP_Mechanical,MEC,T_Mechanical_Color.png;T_Mechanical_Normal.png;T_Mechanical_Roughness.png;T_Mechanical_Metalness.png,SurfaceAppearance,128,PROTO_STACK__MEC
A,A_N_20_Mansion_P08_HVAC_S__MEC,CP_Mechanical,MEC,T_Mechanical_Color.png;T_Mechanical_Normal.png;T_Mechanical_Roughness.png;T_Mechanical_Metalness.png,SurfaceAppearance,32,PROTO_HVAC_S__MEC
A,A_N_20_Mansion_P09_VENT__MEC,CP_Mechanical,MEC,T_Mechanical_Color.png;T_Mechanical_Normal.png;T_Mechanical_Roughness.png;T_Mechanical_Metalness.png,SurfaceAppearance,44,PROTO_VENT__MEC
A,A_N_20_Mansion_P10_HVAC_S__MEC,CP_Mechanical,MEC,T_Mechanical_Color.png;T_Mechanical_Normal.png;T_Mechanical_Roughness.png;T_Mechanical_Metalness.png,SurfaceAppearance,32,PROTO_HVAC_S__MEC
A,A_N_20_Mansion_P11_COOL__MEC,CP_Mechanical,MEC,T_Mechanical_Color.png;T_Mechanical_Normal.png;T_Mechanical_Roughness.png;T_Mechanical_Metalness.png,SurfaceAppearance,66,PROTO_COOL__MEC
A,A_N_20_Mansion_P12_HVAC_S__MEC,CP_Mechanical,MEC,T_Mechanical_Color.png;T_Mechanical_Normal.png;T_Mechanical_Roughness.png;T_Mechanical_Metalness.png,SurfaceAppearance,32,PROTO_HVAC_S__MEC
A,A_N_20_Mansion__CON,CP_ConcreteDark,CON,T_ConcreteDark_Color.png;T_ConcreteDark_Normal.png;T_ConcreteDark_Roughness.png;T_ConcreteDark_Metalness.png,SurfaceAppearance,406,
A,A_N_20_Mansion__GLS,CP_GlassCurtain,GLS,T_GlassCurtain_Color.png;T_GlassCurtain_Normal.png;T_GlassCurtain_Roughness.png;T_GlassCurtain_Metalness.png,SurfaceAppearance (Color/Normal/Roughness/Metalness),6,
A,A_N_20_Mansion__MEC,CP_Mechanical,MEC,T_Mechanical_Color.png;T_Mechanical_Normal.png;T_Mechanical_Roughness.png;T_Mechanical_Metalness.png,SurfaceAppearance,220,
A,A_N_20_Mansion__NEON_BLU,CP_NEON_BLU,NEON_BLU,F_NEON_BLU.png (swatch only),"Material=Neon, Color=30,95,255 (CyberpunkConfig.NeonColors)",110,
A,A_N_20_Mansion__NEON_CYN,CP_NEON_CYN,NEON_CYN,F_NEON_CYN.png (swatch only),"Material=Neon, Color=0,230,255 (CyberpunkConfig.NeonColors)",60,
A,A_N_20_Mansion__NEON_RED,CP_NEON_RED,NEON_RED,F_NEON_RED.png (swatch only),"Material=Neon, Color=255,32,45 (CyberpunkConfig.NeonColors)",42,
A,A_N_20_Mansion__NEON_WHT,CP_NEON_WHT,NEON_WHT,F_NEON_WHT.png (swatch only),"Material=Neon, Color=215,228,255 (CyberpunkConfig.NeonColors)",90,
A,A_N_20_Mansion__PNL,CP_PanelMetal,PNL,T_PanelMetal_Color.png;T_PanelMetal_Normal.png;T_PanelMetal_Roughness.png;T_PanelMetal_Metalness.png,SurfaceAppearance,48,
A,A_N_20_Mansion__ROF,CP_RoofDeck,ROF,T_RoofDeck_Color.png;T_RoofDeck_Normal.png;T_RoofDeck_Roughness.png;T_RoofDeck_Metalness.png,SurfaceAppearance,10,
A,A_N_20_Mansion__SGH,CP_SignsH,SGH,signs_h.png,TextureID / SurfaceAppearance ColorMap (atlas),28,
A,A_N_20_Mansion__SGV,CP_SignsV,SGV,signs_v.png,TextureID / SurfaceAppearance ColorMap (atlas),14,
A,A_N_20_Mansion__STL,CP_Steel,STL,T_Steel_Color.png;T_Steel_Normal.png;T_Steel_Roughness.png;T_Steel_Metalness.png,SurfaceAppearance,896,
A,A_N_20_Mansion__TEC,CP_TechPanel,TEC,T_TechPanel_Color.png;T_TechPanel_Normal.png;T_TechPanel_Roughness.png;T_TechPanel_Metalness.png,SurfaceAppearance,88,
A,A_N_20_Mansion__WIN_VIO,CP_WIN_VIO,WIN_VIO,F_WIN_VIO.png (swatch only),"Material=Neon, Color=170,130,255 (CyberpunkConfig.NeonColors)",180,
A,A_N_20_Mansion__WIN_WRM,CP_WIN_WRM,WIN_WRM,F_WIN_WRM.png (swatch only),"Material=Neon, Color=255,190,125 (CyberpunkConfig.NeonColors)",4,
A,A_N_21_Pencil_P02_HVAC_L__MEC,CP_Mechanical,MEC,T_Mechanical_Color.png;T_Mechanical_Normal.png;T_Mechanical_Roughness.png;T_Mechanical_Metalness.png,SurfaceAppearance,76,PROTO_HVAC_L__MEC
A,A_N_21_Pencil_P03_TANK__MEC,CP_Mechanical,MEC,T_Mechanical_Color.png;T_Mechanical_Normal.png;T_Mechanical_Roughness.png;T_Mechanical_Metalness.png,SurfaceAppearance,84,PROTO_TANK__MEC
A,A_N_21_Pencil_P04_HVAC_S__MEC,CP_Mechanical,MEC,T_Mechanical_Color.png;T_Mechanical_Normal.png;T_Mechanical_Roughness.png;T_Mechanical_Metalness.png,SurfaceAppearance,32,PROTO_HVAC_S__MEC
A,A_N_21_Pencil_V01_VEND_BODY__PNL,CP_PanelMetal,PNL,T_PanelMetal_Color.png;T_PanelMetal_Normal.png;T_PanelMetal_Roughness.png;T_PanelMetal_Metalness.png,SurfaceAppearance,10,PROTO_VEND_BODY__PNL
A,A_N_21_Pencil_V01_VEND_FACE__SHOP_LIT,CP_SHOP_LIT,SHOP_LIT,F_SHOP_LIT.png (swatch only),"Material=Neon, Color=255,232,205 (CyberpunkConfig.NeonColors)",2,PROTO_VEND_FACE__SHOP_LIT
A,A_N_21_Pencil__CON,CP_ConcreteDark,CON,T_ConcreteDark_Color.png;T_ConcreteDark_Normal.png;T_ConcreteDark_Roughness.png;T_ConcreteDark_Metalness.png,SurfaceAppearance,72,
A,A_N_21_Pencil__GLS,CP_GlassCurtain,GLS,T_GlassCurtain_Color.png;T_GlassCurtain_Normal.png;T_GlassCurtain_Roughness.png;T_GlassCurtain_Metalness.png,SurfaceAppearance (Color/Normal/Roughness/Metalness),14,
A,A_N_21_Pencil__MEC,CP_Mechanical,MEC,T_Mechanical_Color.png;T_Mechanical_Normal.png;T_Mechanical_Roughness.png;T_Mechanical_Metalness.png,SurfaceAppearance,110,
A,A_N_21_Pencil__NEON_MAG,CP_NEON_MAG,NEON_MAG,F_NEON_MAG.png (swatch only),"Material=Neon, Color=255,25,175 (CyberpunkConfig.NeonColors)",50,
A,A_N_21_Pencil__NEON_WHT,CP_NEON_WHT,NEON_WHT,F_NEON_WHT.png (swatch only),"Material=Neon, Color=215,228,255 (CyberpunkConfig.NeonColors)",10,
A,A_N_21_Pencil__PNL,CP_PanelMetal,PNL,T_PanelMetal_Color.png;T_PanelMetal_Normal.png;T_PanelMetal_Roughness.png;T_PanelMetal_Metalness.png,SurfaceAppearance,26,
A,A_N_21_Pencil__ROF,CP_RoofDeck,ROF,T_RoofDeck_Color.png;T_RoofDeck_Normal.png;T_RoofDeck_Roughness.png;T_RoofDeck_Metalness.png,SurfaceAppearance,6,
A,A_N_21_Pencil__STL,CP_Steel,STL,T_Steel_Color.png;T_Steel_Normal.png;T_Steel_Roughness.png;T_Steel_Metalness.png,SurfaceAppearance,270,
A,A_N_21_Pencil__WIN_PNK,CP_WIN_PNK,WIN_PNK,F_WIN_PNK.png (swatch only),"Material=Neon, Color=255,120,200 (CyberpunkConfig.NeonColors)",2,
A,A_N_21_Pencil__WIN_VIO,CP_WIN_VIO,WIN_VIO,F_WIN_VIO.png (swatch only),"Material=Neon, Color=170,130,255 (CyberpunkConfig.NeonColors)",100,
A,A_N_22_Modern_P01_HVAC_S__MEC,CP_Mechanical,MEC,T_Mechanical_Color.png;T_Mechanical_Normal.png;T_Mechanical_Roughness.png;T_Mechanical_Metalness.png,SurfaceAppearance,32,PROTO_HVAC_S__MEC
A,A_N_22_Modern_P02_TANK__MEC,CP_Mechanical,MEC,T_Mechanical_Color.png;T_Mechanical_Normal.png;T_Mechanical_Roughness.png;T_Mechanical_Metalness.png,SurfaceAppearance,84,PROTO_TANK__MEC
A,A_N_22_Modern_P03_COOL__MEC,CP_Mechanical,MEC,T_Mechanical_Color.png;T_Mechanical_Normal.png;T_Mechanical_Roughness.png;T_Mechanical_Metalness.png,SurfaceAppearance,66,PROTO_COOL__MEC
A,A_N_22_Modern_P04_HVAC_S__MEC,CP_Mechanical,MEC,T_Mechanical_Color.png;T_Mechanical_Normal.png;T_Mechanical_Roughness.png;T_Mechanical_Metalness.png,SurfaceAppearance,32,PROTO_HVAC_S__MEC
A,A_N_22_Modern_P05_STACK__MEC,CP_Mechanical,MEC,T_Mechanical_Color.png;T_Mechanical_Normal.png;T_Mechanical_Roughness.png;T_Mechanical_Metalness.png,SurfaceAppearance,128,PROTO_STACK__MEC
A,A_N_22_Modern_P06_HVAC_L__MEC,CP_Mechanical,MEC,T_Mechanical_Color.png;T_Mechanical_Normal.png;T_Mechanical_Roughness.png;T_Mechanical_Metalness.png,SurfaceAppearance,76,PROTO_HVAC_L__MEC
A,A_N_22_Modern_P07_DISH__MEC,CP_Mechanical,MEC,T_Mechanical_Color.png;T_Mechanical_Normal.png;T_Mechanical_Roughness.png;T_Mechanical_Metalness.png,SurfaceAppearance,22,PROTO_DISH__MEC
A,A_N_22_Modern_P08_STACK__MEC,CP_Mechanical,MEC,T_Mechanical_Color.png;T_Mechanical_Normal.png;T_Mechanical_Roughness.png;T_Mechanical_Metalness.png,SurfaceAppearance,128,PROTO_STACK__MEC
A,A_N_22_Modern_P09_HVAC_S__MEC,CP_Mechanical,MEC,T_Mechanical_Color.png;T_Mechanical_Normal.png;T_Mechanical_Roughness.png;T_Mechanical_Metalness.png,SurfaceAppearance,32,PROTO_HVAC_S__MEC
A,A_N_22_Modern__CON,CP_ConcreteDark,CON,T_ConcreteDark_Color.png;T_ConcreteDark_Normal.png;T_ConcreteDark_Roughness.png;T_ConcreteDark_Metalness.png,SurfaceAppearance,88,
A,A_N_22_Modern__GLS,CP_GlassCurtain,GLS,T_GlassCurtain_Color.png;T_GlassCurtain_Normal.png;T_GlassCurtain_Roughness.png;T_GlassCurtain_Metalness.png,SurfaceAppearance (Color/Normal/Roughness/Metalness),4,
A,A_N_22_Modern__MEC,CP_Mechanical,MEC,T_Mechanical_Color.png;T_Mechanical_Normal.png;T_Mechanical_Roughness.png;T_Mechanical_Metalness.png,SurfaceAppearance,30,
A,A_N_22_Modern__NEON_AMB,CP_NEON_AMB,NEON_AMB,F_NEON_AMB.png (swatch only),"Material=Neon, Color=255,150,25 (CyberpunkConfig.NeonColors)",12,
A,A_N_22_Modern__NEON_BLU,CP_NEON_BLU,NEON_BLU,F_NEON_BLU.png (swatch only),"Material=Neon, Color=30,95,255 (CyberpunkConfig.NeonColors)",10,
A,A_N_22_Modern__NEON_CYN,CP_NEON_CYN,NEON_CYN,F_NEON_CYN.png (swatch only),"Material=Neon, Color=0,230,255 (CyberpunkConfig.NeonColors)",10,
A,A_N_22_Modern__NEON_RED,CP_NEON_RED,NEON_RED,F_NEON_RED.png (swatch only),"Material=Neon, Color=255,32,45 (CyberpunkConfig.NeonColors)",20,
A,A_N_22_Modern__NEON_VIO,CP_NEON_VIO,NEON_VIO,F_NEON_VIO.png (swatch only),"Material=Neon, Color=150,45,255 (CyberpunkConfig.NeonColors)",20,
A,A_N_22_Modern__PNL,CP_PanelMetal,PNL,T_PanelMetal_Color.png;T_PanelMetal_Normal.png;T_PanelMetal_Roughness.png;T_PanelMetal_Metalness.png,SurfaceAppearance,128,
A,A_N_22_Modern__ROF,CP_RoofDeck,ROF,T_RoofDeck_Color.png;T_RoofDeck_Normal.png;T_RoofDeck_Roughness.png;T_RoofDeck_Metalness.png,SurfaceAppearance,4,
A,A_N_22_Modern__SGH,CP_SignsH,SGH,signs_h.png,TextureID / SurfaceAppearance ColorMap (atlas),8,
A,A_N_22_Modern__SGV,CP_SignsV,SGV,signs_v.png,TextureID / SurfaceAppearance ColorMap (atlas),6,
A,A_N_22_Modern__SHOP_LIT,CP_SHOP_LIT,SHOP_LIT,F_SHOP_LIT.png (swatch only),"Material=Neon, Color=255,232,205 (CyberpunkConfig.NeonColors)",4,
A,A_N_22_Modern__STL,CP_Steel,STL,T_Steel_Color.png;T_Steel_Normal.png;T_Steel_Roughness.png;T_Steel_Metalness.png,SurfaceAppearance,994,
A,A_N_22_Modern__WIN_PNK,CP_WIN_PNK,WIN_PNK,F_WIN_PNK.png (swatch only),"Material=Neon, Color=255,120,200 (CyberpunkConfig.NeonColors)",2,
A,A_N_22_Modern__WIN_VIO,CP_WIN_VIO,WIN_VIO,F_WIN_VIO.png (swatch only),"Material=Neon, Color=170,130,255 (CyberpunkConfig.NeonColors)",16,
A,A_N_22_Modern__WIN_WRM,CP_WIN_WRM,WIN_WRM,F_WIN_WRM.png (swatch only),"Material=Neon, Color=255,190,125 (CyberpunkConfig.NeonColors)",120,
A,A_N_23_Zakkyo_P01_TANK__MEC,CP_Mechanical,MEC,T_Mechanical_Color.png;T_Mechanical_Normal.png;T_Mechanical_Roughness.png;T_Mechanical_Metalness.png,SurfaceAppearance,84,PROTO_TANK__MEC
A,A_N_23_Zakkyo_P02_DISH__MEC,CP_Mechanical,MEC,T_Mechanical_Color.png;T_Mechanical_Normal.png;T_Mechanical_Roughness.png;T_Mechanical_Metalness.png,SurfaceAppearance,22,PROTO_DISH__MEC
A,A_N_23_Zakkyo_P03_VENT__MEC,CP_Mechanical,MEC,T_Mechanical_Color.png;T_Mechanical_Normal.png;T_Mechanical_Roughness.png;T_Mechanical_Metalness.png,SurfaceAppearance,44,PROTO_VENT__MEC
A,A_N_23_Zakkyo_P04_VENT__MEC,CP_Mechanical,MEC,T_Mechanical_Color.png;T_Mechanical_Normal.png;T_Mechanical_Roughness.png;T_Mechanical_Metalness.png,SurfaceAppearance,44,PROTO_VENT__MEC
A,A_N_23_Zakkyo_P05_HVAC_S__MEC,CP_Mechanical,MEC,T_Mechanical_Color.png;T_Mechanical_Normal.png;T_Mechanical_Roughness.png;T_Mechanical_Metalness.png,SurfaceAppearance,32,PROTO_HVAC_S__MEC
A,A_N_23_Zakkyo__CON,CP_ConcreteDark,CON,T_ConcreteDark_Color.png;T_ConcreteDark_Normal.png;T_ConcreteDark_Roughness.png;T_ConcreteDark_Metalness.png,SurfaceAppearance,72,
A,A_N_23_Zakkyo__MEC,CP_Mechanical,MEC,T_Mechanical_Color.png;T_Mechanical_Normal.png;T_Mechanical_Roughness.png;T_Mechanical_Metalness.png,SurfaceAppearance,40,
A,A_N_23_Zakkyo__NEON_MAG,CP_NEON_MAG,NEON_MAG,F_NEON_MAG.png (swatch only),"Material=Neon, Color=255,25,175 (CyberpunkConfig.NeonColors)",10,
A,A_N_23_Zakkyo__NEON_VIO,CP_NEON_VIO,NEON_VIO,F_NEON_VIO.png (swatch only),"Material=Neon, Color=150,45,255 (CyberpunkConfig.NeonColors)",10,
A,A_N_23_Zakkyo__NEON_WHT,CP_NEON_WHT,NEON_WHT,F_NEON_WHT.png (swatch only),"Material=Neon, Color=215,228,255 (CyberpunkConfig.NeonColors)",10,
A,A_N_23_Zakkyo__PNL,CP_PanelMetal,PNL,T_PanelMetal_Color.png;T_PanelMetal_Normal.png;T_PanelMetal_Roughness.png;T_PanelMetal_Metalness.png,SurfaceAppearance,26,
A,A_N_23_Zakkyo__RIB,CP_GlassRibbon,RIB,T_GlassRibbon_Color.png;T_GlassRibbon_Normal.png;T_GlassRibbon_Roughness.png;T_GlassRibbon_Metalness.png,SurfaceAppearance,8,
A,A_N_23_Zakkyo__ROF,CP_RoofDeck,ROF,T_RoofDeck_Color.png;T_RoofDeck_Normal.png;T_RoofDeck_Roughness.png;T_RoofDeck_Metalness.png,SurfaceAppearance,6,
A,A_N_23_Zakkyo__SGH,CP_SignsH,SGH,signs_h.png,TextureID / SurfaceAppearance ColorMap (atlas),2,
A,A_N_23_Zakkyo__SGV,CP_SignsV,SGV,signs_v.png,TextureID / SurfaceAppearance ColorMap (atlas),6,
A,A_N_23_Zakkyo__SHOP_LIT,CP_SHOP_LIT,SHOP_LIT,F_SHOP_LIT.png (swatch only),"Material=Neon, Color=255,232,205 (CyberpunkConfig.NeonColors)",2,
A,A_N_23_Zakkyo__STL,CP_Steel,STL,T_Steel_Color.png;T_Steel_Normal.png;T_Steel_Roughness.png;T_Steel_Metalness.png,SurfaceAppearance,1582,
A,A_N_23_Zakkyo__WIN_PNK,CP_WIN_PNK,WIN_PNK,F_WIN_PNK.png (swatch only),"Material=Neon, Color=255,120,200 (CyberpunkConfig.NeonColors)",110,
A,A_N_24_Zakkyo_P01_STACK__MEC,CP_Mechanical,MEC,T_Mechanical_Color.png;T_Mechanical_Normal.png;T_Mechanical_Roughness.png;T_Mechanical_Metalness.png,SurfaceAppearance,128,PROTO_STACK__MEC
A,A_N_24_Zakkyo_P02_STACK__MEC,CP_Mechanical,MEC,T_Mechanical_Color.png;T_Mechanical_Normal.png;T_Mechanical_Roughness.png;T_Mechanical_Metalness.png,SurfaceAppearance,128,PROTO_STACK__MEC
A,A_N_24_Zakkyo_P03_HVAC_L__MEC,CP_Mechanical,MEC,T_Mechanical_Color.png;T_Mechanical_Normal.png;T_Mechanical_Roughness.png;T_Mechanical_Metalness.png,SurfaceAppearance,76,PROTO_HVAC_L__MEC
A,A_N_24_Zakkyo_P04_STACK__MEC,CP_Mechanical,MEC,T_Mechanical_Color.png;T_Mechanical_Normal.png;T_Mechanical_Roughness.png;T_Mechanical_Metalness.png,SurfaceAppearance,128,PROTO_STACK__MEC
A,A_N_24_Zakkyo_P05_VENT__MEC,CP_Mechanical,MEC,T_Mechanical_Color.png;T_Mechanical_Normal.png;T_Mechanical_Roughness.png;T_Mechanical_Metalness.png,SurfaceAppearance,44,PROTO_VENT__MEC
A,A_N_24_Zakkyo_P06_COOL__MEC,CP_Mechanical,MEC,T_Mechanical_Color.png;T_Mechanical_Normal.png;T_Mechanical_Roughness.png;T_Mechanical_Metalness.png,SurfaceAppearance,66,PROTO_COOL__MEC
A,A_N_24_Zakkyo_P07_VENT__MEC,CP_Mechanical,MEC,T_Mechanical_Color.png;T_Mechanical_Normal.png;T_Mechanical_Roughness.png;T_Mechanical_Metalness.png,SurfaceAppearance,44,PROTO_VENT__MEC
A,A_N_24_Zakkyo_P08_HVAC_S__MEC,CP_Mechanical,MEC,T_Mechanical_Color.png;T_Mechanical_Normal.png;T_Mechanical_Roughness.png;T_Mechanical_Metalness.png,SurfaceAppearance,32,PROTO_HVAC_S__MEC
A,A_N_24_Zakkyo_P09_HVAC_S__MEC,CP_Mechanical,MEC,T_Mechanical_Color.png;T_Mechanical_Normal.png;T_Mechanical_Roughness.png;T_Mechanical_Metalness.png,SurfaceAppearance,32,PROTO_HVAC_S__MEC
A,A_N_24_Zakkyo_P10_DISH__MEC,CP_Mechanical,MEC,T_Mechanical_Color.png;T_Mechanical_Normal.png;T_Mechanical_Roughness.png;T_Mechanical_Metalness.png,SurfaceAppearance,22,PROTO_DISH__MEC
A,A_N_24_Zakkyo_P11_STACK__MEC,CP_Mechanical,MEC,T_Mechanical_Color.png;T_Mechanical_Normal.png;T_Mechanical_Roughness.png;T_Mechanical_Metalness.png,SurfaceAppearance,128,PROTO_STACK__MEC
A,A_N_24_Zakkyo_P12_VENT__MEC,CP_Mechanical,MEC,T_Mechanical_Color.png;T_Mechanical_Normal.png;T_Mechanical_Roughness.png;T_Mechanical_Metalness.png,SurfaceAppearance,44,PROTO_VENT__MEC
A,A_N_24_Zakkyo_P13_HVAC_S__MEC,CP_Mechanical,MEC,T_Mechanical_Color.png;T_Mechanical_Normal.png;T_Mechanical_Roughness.png;T_Mechanical_Metalness.png,SurfaceAppearance,32,PROTO_HVAC_S__MEC
A,A_N_24_Zakkyo_P14_STACK__MEC,CP_Mechanical,MEC,T_Mechanical_Color.png;T_Mechanical_Normal.png;T_Mechanical_Roughness.png;T_Mechanical_Metalness.png,SurfaceAppearance,128,PROTO_STACK__MEC
A,A_N_24_Zakkyo_P15_HVAC_S__MEC,CP_Mechanical,MEC,T_Mechanical_Color.png;T_Mechanical_Normal.png;T_Mechanical_Roughness.png;T_Mechanical_Metalness.png,SurfaceAppearance,32,PROTO_HVAC_S__MEC
A,A_N_24_Zakkyo_P16_FANBOX__MEC,CP_Mechanical,MEC,T_Mechanical_Color.png;T_Mechanical_Normal.png;T_Mechanical_Roughness.png;T_Mechanical_Metalness.png,SurfaceAppearance,50,PROTO_FANBOX__MEC
A,A_N_24_Zakkyo_P17_VENT__MEC,CP_Mechanical,MEC,T_Mechanical_Color.png;T_Mechanical_Normal.png;T_Mechanical_Roughness.png;T_Mechanical_Metalness.png,SurfaceAppearance,44,PROTO_VENT__MEC
A,A_N_24_Zakkyo_P18_HVAC_S__MEC,CP_Mechanical,MEC,T_Mechanical_Color.png;T_Mechanical_Normal.png;T_Mechanical_Roughness.png;T_Mechanical_Metalness.png,SurfaceAppearance,32,PROTO_HVAC_S__MEC
A,A_N_24_Zakkyo__CON,CP_ConcreteDark,CON,T_ConcreteDark_Color.png;T_ConcreteDark_Normal.png;T_ConcreteDark_Roughness.png;T_ConcreteDark_Metalness.png,SurfaceAppearance,108,
A,A_N_24_Zakkyo__GLS,CP_GlassCurtain,GLS,T_GlassCurtain_Color.png;T_GlassCurtain_Normal.png;T_GlassCurtain_Roughness.png;T_GlassCurtain_Metalness.png,SurfaceAppearance (Color/Normal/Roughness/Metalness),2,
A,A_N_24_Zakkyo__MEC,CP_Mechanical,MEC,T_Mechanical_Color.png;T_Mechanical_Normal.png;T_Mechanical_Roughness.png;T_Mechanical_Metalness.png,SurfaceAppearance,140,
A,A_N_24_Zakkyo__NEON_AMB,CP_NEON_AMB,NEON_AMB,F_NEON_AMB.png (swatch only),"Material=Neon, Color=255,150,25 (CyberpunkConfig.NeonColors)",24,
A,A_N_24_Zakkyo__NEON_CYN,CP_NEON_CYN,NEON_CYN,F_NEON_CYN.png (swatch only),"Material=Neon, Color=0,230,255 (CyberpunkConfig.NeonColors)",56,
A,A_N_24_Zakkyo__NEON_MAG,CP_NEON_MAG,NEON_MAG,F_NEON_MAG.png (swatch only),"Material=Neon, Color=255,25,175 (CyberpunkConfig.NeonColors)",300,
A,A_N_24_Zakkyo__NEON_RED,CP_NEON_RED,NEON_RED,F_NEON_RED.png (swatch only),"Material=Neon, Color=255,32,45 (CyberpunkConfig.NeonColors)",8,
A,A_N_24_Zakkyo__NEON_WHT,CP_NEON_WHT,NEON_WHT,F_NEON_WHT.png (swatch only),"Material=Neon, Color=215,228,255 (CyberpunkConfig.NeonColors)",20,
A,A_N_24_Zakkyo__PNL,CP_PanelMetal,PNL,T_PanelMetal_Color.png;T_PanelMetal_Normal.png;T_PanelMetal_Roughness.png;T_PanelMetal_Metalness.png,SurfaceAppearance,70,
A,A_N_24_Zakkyo__RIB,CP_GlassRibbon,RIB,T_GlassRibbon_Color.png;T_GlassRibbon_Normal.png;T_GlassRibbon_Roughness.png;T_GlassRibbon_Metalness.png,SurfaceAppearance,6,
A,A_N_24_Zakkyo__ROF,CP_RoofDeck,ROF,T_RoofDeck_Color.png;T_RoofDeck_Normal.png;T_RoofDeck_Roughness.png;T_RoofDeck_Metalness.png,SurfaceAppearance,10,
A,A_N_24_Zakkyo__SGH,CP_SignsH,SGH,signs_h.png,TextureID / SurfaceAppearance ColorMap (atlas),10,
A,A_N_24_Zakkyo__SGV,CP_SignsV,SGV,signs_v.png,TextureID / SurfaceAppearance ColorMap (atlas),12,
A,A_N_24_Zakkyo__STL,CP_Steel,STL,T_Steel_Color.png;T_Steel_Normal.png;T_Steel_Roughness.png;T_Steel_Metalness.png,SurfaceAppearance,886,
A,A_N_24_Zakkyo__TEC,CP_TechPanel,TEC,T_TechPanel_Color.png;T_TechPanel_Normal.png;T_TechPanel_Roughness.png;T_TechPanel_Metalness.png,SurfaceAppearance,8,
A,A_N_24_Zakkyo__WIN_VIO,CP_WIN_VIO,WIN_VIO,F_WIN_VIO.png (swatch only),"Material=Neon, Color=170,130,255 (CyberpunkConfig.NeonColors)",6,
A,A_N_24_Zakkyo__WIN_WRM,CP_WIN_WRM,WIN_WRM,F_WIN_WRM.png (swatch only),"Material=Neon, Color=255,190,125 (CyberpunkConfig.NeonColors)",136,
A,A_N_25_Mansion_P02_STACK__MEC,CP_Mechanical,MEC,T_Mechanical_Color.png;T_Mechanical_Normal.png;T_Mechanical_Roughness.png;T_Mechanical_Metalness.png,SurfaceAppearance,128,PROTO_STACK__MEC
A,A_N_25_Mansion_P03_FANBOX__MEC,CP_Mechanical,MEC,T_Mechanical_Color.png;T_Mechanical_Normal.png;T_Mechanical_Roughness.png;T_Mechanical_Metalness.png,SurfaceAppearance,50,PROTO_FANBOX__MEC
A,A_N_25_Mansion_P04_COOL__MEC,CP_Mechanical,MEC,T_Mechanical_Color.png;T_Mechanical_Normal.png;T_Mechanical_Roughness.png;T_Mechanical_Metalness.png,SurfaceAppearance,66,PROTO_COOL__MEC
A,A_N_25_Mansion_P05_HVAC_L__MEC,CP_Mechanical,MEC,T_Mechanical_Color.png;T_Mechanical_Normal.png;T_Mechanical_Roughness.png;T_Mechanical_Metalness.png,SurfaceAppearance,76,PROTO_HVAC_L__MEC
A,A_N_25_Mansion_P06_VENT__MEC,CP_Mechanical,MEC,T_Mechanical_Color.png;T_Mechanical_Normal.png;T_Mechanical_Roughness.png;T_Mechanical_Metalness.png,SurfaceAppearance,44,PROTO_VENT__MEC
A,A_N_25_Mansion_P07_VENT__MEC,CP_Mechanical,MEC,T_Mechanical_Color.png;T_Mechanical_Normal.png;T_Mechanical_Roughness.png;T_Mechanical_Metalness.png,SurfaceAppearance,44,PROTO_VENT__MEC
A,A_N_25_Mansion_P08_TANK__MEC,CP_Mechanical,MEC,T_Mechanical_Color.png;T_Mechanical_Normal.png;T_Mechanical_Roughness.png;T_Mechanical_Metalness.png,SurfaceAppearance,84,PROTO_TANK__MEC
A,A_N_25_Mansion_P09_HVAC_L__MEC,CP_Mechanical,MEC,T_Mechanical_Color.png;T_Mechanical_Normal.png;T_Mechanical_Roughness.png;T_Mechanical_Metalness.png,SurfaceAppearance,76,PROTO_HVAC_L__MEC
A,A_N_25_Mansion_P10_VENT__MEC,CP_Mechanical,MEC,T_Mechanical_Color.png;T_Mechanical_Normal.png;T_Mechanical_Roughness.png;T_Mechanical_Metalness.png,SurfaceAppearance,44,PROTO_VENT__MEC
A,A_N_25_Mansion_P11_VENT__MEC,CP_Mechanical,MEC,T_Mechanical_Color.png;T_Mechanical_Normal.png;T_Mechanical_Roughness.png;T_Mechanical_Metalness.png,SurfaceAppearance,44,PROTO_VENT__MEC
A,A_N_25_Mansion_P12_COOL__MEC,CP_Mechanical,MEC,T_Mechanical_Color.png;T_Mechanical_Normal.png;T_Mechanical_Roughness.png;T_Mechanical_Metalness.png,SurfaceAppearance,66,PROTO_COOL__MEC
A,A_N_25_Mansion_P13_VENT__MEC,CP_Mechanical,MEC,T_Mechanical_Color.png;T_Mechanical_Normal.png;T_Mechanical_Roughness.png;T_Mechanical_Metalness.png,SurfaceAppearance,44,PROTO_VENT__MEC
A,A_N_25_Mansion_V01_VEND_BODY__PNL,CP_PanelMetal,PNL,T_PanelMetal_Color.png;T_PanelMetal_Normal.png;T_PanelMetal_Roughness.png;T_PanelMetal_Metalness.png,SurfaceAppearance,10,PROTO_VEND_BODY__PNL
A,A_N_25_Mansion_V01_VEND_FACE__SHOP_LIT,CP_SHOP_LIT,SHOP_LIT,F_SHOP_LIT.png (swatch only),"Material=Neon, Color=255,232,205 (CyberpunkConfig.NeonColors)",2,PROTO_VEND_FACE__SHOP_LIT
A,A_N_25_Mansion__CON,CP_ConcreteDark,CON,T_ConcreteDark_Color.png;T_ConcreteDark_Normal.png;T_ConcreteDark_Roughness.png;T_ConcreteDark_Metalness.png,SurfaceAppearance,648,
A,A_N_25_Mansion__GLS,CP_GlassCurtain,GLS,T_GlassCurtain_Color.png;T_GlassCurtain_Normal.png;T_GlassCurtain_Roughness.png;T_GlassCurtain_Metalness.png,SurfaceAppearance (Color/Normal/Roughness/Metalness),10,
A,A_N_25_Mansion__MEC,CP_Mechanical,MEC,T_Mechanical_Color.png;T_Mechanical_Normal.png;T_Mechanical_Roughness.png;T_Mechanical_Metalness.png,SurfaceAppearance,182,
A,A_N_25_Mansion__NEON_BLU,CP_NEON_BLU,NEON_BLU,F_NEON_BLU.png (swatch only),"Material=Neon, Color=30,95,255 (CyberpunkConfig.NeonColors)",20,
A,A_N_25_Mansion__NEON_MAG,CP_NEON_MAG,NEON_MAG,F_NEON_MAG.png (swatch only),"Material=Neon, Color=255,25,175 (CyberpunkConfig.NeonColors)",30,
A,A_N_25_Mansion__NEON_RED,CP_NEON_RED,NEON_RED,F_NEON_RED.png (swatch only),"Material=Neon, Color=255,32,45 (CyberpunkConfig.NeonColors)",32,
A,A_N_25_Mansion__NEON_WHT,CP_NEON_WHT,NEON_WHT,F_NEON_WHT.png (swatch only),"Material=Neon, Color=215,228,255 (CyberpunkConfig.NeonColors)",10,
A,A_N_25_Mansion__PNL,CP_PanelMetal,PNL,T_PanelMetal_Color.png;T_PanelMetal_Normal.png;T_PanelMetal_Roughness.png;T_PanelMetal_Metalness.png,SurfaceAppearance,136,
A,A_N_25_Mansion__ROF,CP_RoofDeck,ROF,T_RoofDeck_Color.png;T_RoofDeck_Normal.png;T_RoofDeck_Roughness.png;T_RoofDeck_Metalness.png,SurfaceAppearance,10,
A,A_N_25_Mansion__SGH,CP_SignsH,SGH,signs_h.png,TextureID / SurfaceAppearance ColorMap (atlas),12,
A,A_N_25_Mansion__SGV,CP_SignsV,SGV,signs_v.png,TextureID / SurfaceAppearance ColorMap (atlas),10,
A,A_N_25_Mansion__SHOP_LIT,CP_SHOP_LIT,SHOP_LIT,F_SHOP_LIT.png (swatch only),"Material=Neon, Color=255,232,205 (CyberpunkConfig.NeonColors)",4,
A,A_N_25_Mansion__STL,CP_Steel,STL,T_Steel_Color.png;T_Steel_Normal.png;T_Steel_Roughness.png;T_Steel_Metalness.png,SurfaceAppearance,804,
A,A_N_25_Mansion__TEC,CP_TechPanel,TEC,T_TechPanel_Color.png;T_TechPanel_Normal.png;T_TechPanel_Roughness.png;T_TechPanel_Metalness.png,SurfaceAppearance,224,
A,A_N_25_Mansion__WIN_COL,CP_WIN_COL,WIN_COL,F_WIN_COL.png (swatch only),"Material=Neon, Color=140,195,255 (CyberpunkConfig.NeonColors)",280,
A,A_N_25_Mansion__WIN_PNK,CP_WIN_PNK,WIN_PNK,F_WIN_PNK.png (swatch only),"Material=Neon, Color=255,120,200 (CyberpunkConfig.NeonColors)",32,
A,A_N_26_Zakkyo_P01_VENT__MEC,CP_Mechanical,MEC,T_Mechanical_Color.png;T_Mechanical_Normal.png;T_Mechanical_Roughness.png;T_Mechanical_Metalness.png,SurfaceAppearance,44,PROTO_VENT__MEC
A,A_N_26_Zakkyo_P02_HVAC_L__MEC,CP_Mechanical,MEC,T_Mechanical_Color.png;T_Mechanical_Normal.png;T_Mechanical_Roughness.png;T_Mechanical_Metalness.png,SurfaceAppearance,76,PROTO_HVAC_L__MEC
A,A_N_26_Zakkyo_P03_COOL__MEC,CP_Mechanical,MEC,T_Mechanical_Color.png;T_Mechanical_Normal.png;T_Mechanical_Roughness.png;T_Mechanical_Metalness.png,SurfaceAppearance,66,PROTO_COOL__MEC
A,A_N_26_Zakkyo_P04_VENT__MEC,CP_Mechanical,MEC,T_Mechanical_Color.png;T_Mechanical_Normal.png;T_Mechanical_Roughness.png;T_Mechanical_Metalness.png,SurfaceAppearance,44,PROTO_VENT__MEC
A,A_N_26_Zakkyo_P05_STACK__MEC,CP_Mechanical,MEC,T_Mechanical_Color.png;T_Mechanical_Normal.png;T_Mechanical_Roughness.png;T_Mechanical_Metalness.png,SurfaceAppearance,128,PROTO_STACK__MEC
A,A_N_26_Zakkyo_P06_DISH__MEC,CP_Mechanical,MEC,T_Mechanical_Color.png;T_Mechanical_Normal.png;T_Mechanical_Roughness.png;T_Mechanical_Metalness.png,SurfaceAppearance,22,PROTO_DISH__MEC
A,A_N_26_Zakkyo_P07_TANK__MEC,CP_Mechanical,MEC,T_Mechanical_Color.png;T_Mechanical_Normal.png;T_Mechanical_Roughness.png;T_Mechanical_Metalness.png,SurfaceAppearance,84,PROTO_TANK__MEC
A,A_N_26_Zakkyo_P08_DISH__MEC,CP_Mechanical,MEC,T_Mechanical_Color.png;T_Mechanical_Normal.png;T_Mechanical_Roughness.png;T_Mechanical_Metalness.png,SurfaceAppearance,22,PROTO_DISH__MEC
A,A_N_26_Zakkyo_P09_DISH__MEC,CP_Mechanical,MEC,T_Mechanical_Color.png;T_Mechanical_Normal.png;T_Mechanical_Roughness.png;T_Mechanical_Metalness.png,SurfaceAppearance,22,PROTO_DISH__MEC
A,A_N_26_Zakkyo_P10_VENT__MEC,CP_Mechanical,MEC,T_Mechanical_Color.png;T_Mechanical_Normal.png;T_Mechanical_Roughness.png;T_Mechanical_Metalness.png,SurfaceAppearance,44,PROTO_VENT__MEC
A,A_N_26_Zakkyo_P11_VENT__MEC,CP_Mechanical,MEC,T_Mechanical_Color.png;T_Mechanical_Normal.png;T_Mechanical_Roughness.png;T_Mechanical_Metalness.png,SurfaceAppearance,44,PROTO_VENT__MEC
A,A_N_26_Zakkyo_P12_VENT__MEC,CP_Mechanical,MEC,T_Mechanical_Color.png;T_Mechanical_Normal.png;T_Mechanical_Roughness.png;T_Mechanical_Metalness.png,SurfaceAppearance,44,PROTO_VENT__MEC
A,A_N_26_Zakkyo__CON,CP_ConcreteDark,CON,T_ConcreteDark_Color.png;T_ConcreteDark_Normal.png;T_ConcreteDark_Roughness.png;T_ConcreteDark_Metalness.png,SurfaceAppearance,166,
A,A_N_26_Zakkyo__GLS,CP_GlassCurtain,GLS,T_GlassCurtain_Color.png;T_GlassCurtain_Normal.png;T_GlassCurtain_Roughness.png;T_GlassCurtain_Metalness.png,SurfaceAppearance (Color/Normal/Roughness/Metalness),78,
A,A_N_26_Zakkyo__MEC,CP_Mechanical,MEC,T_Mechanical_Color.png;T_Mechanical_Normal.png;T_Mechanical_Roughness.png;T_Mechanical_Metalness.png,SurfaceAppearance,154,
A,A_N_26_Zakkyo__NEON_MAG,CP_NEON_MAG,NEON_MAG,F_NEON_MAG.png (swatch only),"Material=Neon, Color=255,25,175 (CyberpunkConfig.NeonColors)",30,
A,A_N_26_Zakkyo__NEON_RED,CP_NEON_RED,NEON_RED,F_NEON_RED.png (swatch only),"Material=Neon, Color=255,32,45 (CyberpunkConfig.NeonColors)",10,
A,A_N_26_Zakkyo__NEON_WHT,CP_NEON_WHT,NEON_WHT,F_NEON_WHT.png (swatch only),"Material=Neon, Color=215,228,255 (CyberpunkConfig.NeonColors)",48,
A,A_N_26_Zakkyo__PNL,CP_PanelMetal,PNL,T_PanelMetal_Color.png;T_PanelMetal_Normal.png;T_PanelMetal_Roughness.png;T_PanelMetal_Metalness.png,SurfaceAppearance,450,
A,A_N_26_Zakkyo__ROF,CP_RoofDeck,ROF,T_RoofDeck_Color.png;T_RoofDeck_Normal.png;T_RoofDeck_Roughness.png;T_RoofDeck_Metalness.png,SurfaceAppearance,8,
A,A_N_26_Zakkyo__SGH,CP_SignsH,SGH,signs_h.png,TextureID / SurfaceAppearance ColorMap (atlas),20,
A,A_N_26_Zakkyo__SGV,CP_SignsV,SGV,signs_v.png,TextureID / SurfaceAppearance ColorMap (atlas),14,
A,A_N_26_Zakkyo__SHOP_LIT,CP_SHOP_LIT,SHOP_LIT,F_SHOP_LIT.png (swatch only),"Material=Neon, Color=255,232,205 (CyberpunkConfig.NeonColors)",2,
A,A_N_26_Zakkyo__STL,CP_Steel,STL,T_Steel_Color.png;T_Steel_Normal.png;T_Steel_Roughness.png;T_Steel_Metalness.png,SurfaceAppearance,1220,
A,A_N_26_Zakkyo__WIN_PNK,CP_WIN_PNK,WIN_PNK,F_WIN_PNK.png (swatch only),"Material=Neon, Color=255,120,200 (CyberpunkConfig.NeonColors)",22,
A,A_N_26_Zakkyo__WIN_VIO,CP_WIN_VIO,WIN_VIO,F_WIN_VIO.png (swatch only),"Material=Neon, Color=170,130,255 (CyberpunkConfig.NeonColors)",2,
A,A_N_26_Zakkyo__WIN_WRM,CP_WIN_WRM,WIN_WRM,F_WIN_WRM.png (swatch only),"Material=Neon, Color=255,190,125 (CyberpunkConfig.NeonColors)",198,
A,A_N_27_Louver_P02_STACK__MEC,CP_Mechanical,MEC,T_Mechanical_Color.png;T_Mechanical_Normal.png;T_Mechanical_Roughness.png;T_Mechanical_Metalness.png,SurfaceAppearance,128,PROTO_STACK__MEC
A,A_N_27_Louver_P03_STACK__MEC,CP_Mechanical,MEC,T_Mechanical_Color.png;T_Mechanical_Normal.png;T_Mechanical_Roughness.png;T_Mechanical_Metalness.png,SurfaceAppearance,128,PROTO_STACK__MEC
A,A_N_27_Louver_P04_GEN__MEC,CP_Mechanical,MEC,T_Mechanical_Color.png;T_Mechanical_Normal.png;T_Mechanical_Roughness.png;T_Mechanical_Metalness.png,SurfaceAppearance,70,PROTO_GEN__MEC
A,A_N_27_Louver_P05_VENT__MEC,CP_Mechanical,MEC,T_Mechanical_Color.png;T_Mechanical_Normal.png;T_Mechanical_Roughness.png;T_Mechanical_Metalness.png,SurfaceAppearance,44,PROTO_VENT__MEC
A,A_N_27_Louver_P06_HVAC_S__MEC,CP_Mechanical,MEC,T_Mechanical_Color.png;T_Mechanical_Normal.png;T_Mechanical_Roughness.png;T_Mechanical_Metalness.png,SurfaceAppearance,32,PROTO_HVAC_S__MEC
A,A_N_27_Louver_P07_DISH__MEC,CP_Mechanical,MEC,T_Mechanical_Color.png;T_Mechanical_Normal.png;T_Mechanical_Roughness.png;T_Mechanical_Metalness.png,SurfaceAppearance,22,PROTO_DISH__MEC
A,A_N_27_Louver_P08_HVAC_L__MEC,CP_Mechanical,MEC,T_Mechanical_Color.png;T_Mechanical_Normal.png;T_Mechanical_Roughness.png;T_Mechanical_Metalness.png,SurfaceAppearance,76,PROTO_HVAC_L__MEC
A,A_N_27_Louver_P09_GEN__MEC,CP_Mechanical,MEC,T_Mechanical_Color.png;T_Mechanical_Normal.png;T_Mechanical_Roughness.png;T_Mechanical_Metalness.png,SurfaceAppearance,70,PROTO_GEN__MEC
A,A_N_27_Louver_P10_VENT__MEC,CP_Mechanical,MEC,T_Mechanical_Color.png;T_Mechanical_Normal.png;T_Mechanical_Roughness.png;T_Mechanical_Metalness.png,SurfaceAppearance,44,PROTO_VENT__MEC
A,A_N_27_Louver_P11_VENT__MEC,CP_Mechanical,MEC,T_Mechanical_Color.png;T_Mechanical_Normal.png;T_Mechanical_Roughness.png;T_Mechanical_Metalness.png,SurfaceAppearance,44,PROTO_VENT__MEC
A,A_N_27_Louver_P12_VENT__MEC,CP_Mechanical,MEC,T_Mechanical_Color.png;T_Mechanical_Normal.png;T_Mechanical_Roughness.png;T_Mechanical_Metalness.png,SurfaceAppearance,44,PROTO_VENT__MEC
A,A_N_27_Louver_P13_STACK__MEC,CP_Mechanical,MEC,T_Mechanical_Color.png;T_Mechanical_Normal.png;T_Mechanical_Roughness.png;T_Mechanical_Metalness.png,SurfaceAppearance,128,PROTO_STACK__MEC
A,A_N_27_Louver_P14_VENT__MEC,CP_Mechanical,MEC,T_Mechanical_Color.png;T_Mechanical_Normal.png;T_Mechanical_Roughness.png;T_Mechanical_Metalness.png,SurfaceAppearance,44,PROTO_VENT__MEC
A,A_N_27_Louver_P15_VENT__MEC,CP_Mechanical,MEC,T_Mechanical_Color.png;T_Mechanical_Normal.png;T_Mechanical_Roughness.png;T_Mechanical_Metalness.png,SurfaceAppearance,44,PROTO_VENT__MEC
A,A_N_27_Louver_V01_VEND_BODY__PNL,CP_PanelMetal,PNL,T_PanelMetal_Color.png;T_PanelMetal_Normal.png;T_PanelMetal_Roughness.png;T_PanelMetal_Metalness.png,SurfaceAppearance,10,PROTO_VEND_BODY__PNL
A,A_N_27_Louver_V01_VEND_FACE__SHOP_LIT,CP_SHOP_LIT,SHOP_LIT,F_SHOP_LIT.png (swatch only),"Material=Neon, Color=255,232,205 (CyberpunkConfig.NeonColors)",2,PROTO_VEND_FACE__SHOP_LIT
A,A_N_27_Louver__CON,CP_ConcreteDark,CON,T_ConcreteDark_Color.png;T_ConcreteDark_Normal.png;T_ConcreteDark_Roughness.png;T_ConcreteDark_Metalness.png,SurfaceAppearance,110,
A,A_N_27_Louver__GLS,CP_GlassCurtain,GLS,T_GlassCurtain_Color.png;T_GlassCurtain_Normal.png;T_GlassCurtain_Roughness.png;T_GlassCurtain_Metalness.png,SurfaceAppearance (Color/Normal/Roughness/Metalness),8,
A,A_N_27_Louver__MEC,CP_Mechanical,MEC,T_Mechanical_Color.png;T_Mechanical_Normal.png;T_Mechanical_Roughness.png;T_Mechanical_Metalness.png,SurfaceAppearance,150,
A,A_N_27_Louver__NEON_AMB,CP_NEON_AMB,NEON_AMB,F_NEON_AMB.png (swatch only),"Material=Neon, Color=255,150,25 (CyberpunkConfig.NeonColors)",12,
A,A_N_27_Louver__NEON_BLU,CP_NEON_BLU,NEON_BLU,F_NEON_BLU.png (swatch only),"Material=Neon, Color=30,95,255 (CyberpunkConfig.NeonColors)",10,
A,A_N_27_Louver__NEON_CYN,CP_NEON_CYN,NEON_CYN,F_NEON_CYN.png (swatch only),"Material=Neon, Color=0,230,255 (CyberpunkConfig.NeonColors)",20,
A,A_N_27_Louver__NEON_MAG,CP_NEON_MAG,NEON_MAG,F_NEON_MAG.png (swatch only),"Material=Neon, Color=255,25,175 (CyberpunkConfig.NeonColors)",10,
A,A_N_27_Louver__NEON_RED,CP_NEON_RED,NEON_RED,F_NEON_RED.png (swatch only),"Material=Neon, Color=255,32,45 (CyberpunkConfig.NeonColors)",20,
A,A_N_27_Louver__NEON_WHT,CP_NEON_WHT,NEON_WHT,F_NEON_WHT.png (swatch only),"Material=Neon, Color=215,228,255 (CyberpunkConfig.NeonColors)",80,
A,A_N_27_Louver__PNL,CP_PanelMetal,PNL,T_PanelMetal_Color.png;T_PanelMetal_Normal.png;T_PanelMetal_Roughness.png;T_PanelMetal_Metalness.png,SurfaceAppearance,184,
A,A_N_27_Louver__ROF,CP_RoofDeck,ROF,T_RoofDeck_Color.png;T_RoofDeck_Normal.png;T_RoofDeck_Roughness.png;T_RoofDeck_Metalness.png,SurfaceAppearance,12,
A,A_N_27_Louver__SGH,CP_SignsH,SGH,signs_h.png,TextureID / SurfaceAppearance ColorMap (atlas),6,
A,A_N_27_Louver__SGV,CP_SignsV,SGV,signs_v.png,TextureID / SurfaceAppearance ColorMap (atlas),4,
A,A_N_27_Louver__STL,CP_Steel,STL,T_Steel_Color.png;T_Steel_Normal.png;T_Steel_Roughness.png;T_Steel_Metalness.png,SurfaceAppearance,1172,
A,A_N_27_Louver__WIN_COL,CP_WIN_COL,WIN_COL,F_WIN_COL.png (swatch only),"Material=Neon, Color=140,195,255 (CyberpunkConfig.NeonColors)",4,
A,A_N_27_Louver__WIN_PNK,CP_WIN_PNK,WIN_PNK,F_WIN_PNK.png (swatch only),"Material=Neon, Color=255,120,200 (CyberpunkConfig.NeonColors)",148,
A,A_N_28_Arcade_P02_HVAC_L__MEC,CP_Mechanical,MEC,T_Mechanical_Color.png;T_Mechanical_Normal.png;T_Mechanical_Roughness.png;T_Mechanical_Metalness.png,SurfaceAppearance,76,PROTO_HVAC_L__MEC
A,A_N_28_Arcade_P03_VENT__MEC,CP_Mechanical,MEC,T_Mechanical_Color.png;T_Mechanical_Normal.png;T_Mechanical_Roughness.png;T_Mechanical_Metalness.png,SurfaceAppearance,44,PROTO_VENT__MEC
A,A_N_28_Arcade_P04_VENT__MEC,CP_Mechanical,MEC,T_Mechanical_Color.png;T_Mechanical_Normal.png;T_Mechanical_Roughness.png;T_Mechanical_Metalness.png,SurfaceAppearance,44,PROTO_VENT__MEC
A,A_N_28_Arcade_P05_HVAC_S__MEC,CP_Mechanical,MEC,T_Mechanical_Color.png;T_Mechanical_Normal.png;T_Mechanical_Roughness.png;T_Mechanical_Metalness.png,SurfaceAppearance,32,PROTO_HVAC_S__MEC
A,A_N_28_Arcade_P06_HVAC_S__MEC,CP_Mechanical,MEC,T_Mechanical_Color.png;T_Mechanical_Normal.png;T_Mechanical_Roughness.png;T_Mechanical_Metalness.png,SurfaceAppearance,32,PROTO_HVAC_S__MEC
A,A_N_28_Arcade_P07_HVAC_S__MEC,CP_Mechanical,MEC,T_Mechanical_Color.png;T_Mechanical_Normal.png;T_Mechanical_Roughness.png;T_Mechanical_Metalness.png,SurfaceAppearance,32,PROTO_HVAC_S__MEC
A,A_N_28_Arcade_P08_COOL__MEC,CP_Mechanical,MEC,T_Mechanical_Color.png;T_Mechanical_Normal.png;T_Mechanical_Roughness.png;T_Mechanical_Metalness.png,SurfaceAppearance,66,PROTO_COOL__MEC
A,A_N_28_Arcade_P09_VENT__MEC,CP_Mechanical,MEC,T_Mechanical_Color.png;T_Mechanical_Normal.png;T_Mechanical_Roughness.png;T_Mechanical_Metalness.png,SurfaceAppearance,44,PROTO_VENT__MEC
A,A_N_28_Arcade_P10_GEN__MEC,CP_Mechanical,MEC,T_Mechanical_Color.png;T_Mechanical_Normal.png;T_Mechanical_Roughness.png;T_Mechanical_Metalness.png,SurfaceAppearance,70,PROTO_GEN__MEC
A,A_N_28_Arcade_V01_VEND_BODY__PNL,CP_PanelMetal,PNL,T_PanelMetal_Color.png;T_PanelMetal_Normal.png;T_PanelMetal_Roughness.png;T_PanelMetal_Metalness.png,SurfaceAppearance,10,PROTO_VEND_BODY__PNL
A,A_N_28_Arcade_V01_VEND_FACE__SHOP_LIT,CP_SHOP_LIT,SHOP_LIT,F_SHOP_LIT.png (swatch only),"Material=Neon, Color=255,232,205 (CyberpunkConfig.NeonColors)",2,PROTO_VEND_FACE__SHOP_LIT
A,A_N_28_Arcade__CON,CP_ConcreteDark,CON,T_ConcreteDark_Color.png;T_ConcreteDark_Normal.png;T_ConcreteDark_Roughness.png;T_ConcreteDark_Metalness.png,SurfaceAppearance,136,
A,A_N_28_Arcade__MEC,CP_Mechanical,MEC,T_Mechanical_Color.png;T_Mechanical_Normal.png;T_Mechanical_Roughness.png;T_Mechanical_Metalness.png,SurfaceAppearance,40,
A,A_N_28_Arcade__NEON_AMB,CP_NEON_AMB,NEON_AMB,F_NEON_AMB.png (swatch only),"Material=Neon, Color=255,150,25 (CyberpunkConfig.NeonColors)",24,
A,A_N_28_Arcade__NEON_CYN,CP_NEON_CYN,NEON_CYN,F_NEON_CYN.png (swatch only),"Material=Neon, Color=0,230,255 (CyberpunkConfig.NeonColors)",200,
A,A_N_28_Arcade__NEON_RED,CP_NEON_RED,NEON_RED,F_NEON_RED.png (swatch only),"Material=Neon, Color=255,32,45 (CyberpunkConfig.NeonColors)",18,
A,A_N_28_Arcade__NEON_VIO,CP_NEON_VIO,NEON_VIO,F_NEON_VIO.png (swatch only),"Material=Neon, Color=150,45,255 (CyberpunkConfig.NeonColors)",40,
A,A_N_28_Arcade__NEON_WHT,CP_NEON_WHT,NEON_WHT,F_NEON_WHT.png (swatch only),"Material=Neon, Color=215,228,255 (CyberpunkConfig.NeonColors)",10,
A,A_N_28_Arcade__PNL,CP_PanelMetal,PNL,T_PanelMetal_Color.png;T_PanelMetal_Normal.png;T_PanelMetal_Roughness.png;T_PanelMetal_Metalness.png,SurfaceAppearance,74,
A,A_N_28_Arcade__RIB,CP_GlassRibbon,RIB,T_GlassRibbon_Color.png;T_GlassRibbon_Normal.png;T_GlassRibbon_Roughness.png;T_GlassRibbon_Metalness.png,SurfaceAppearance,2,
A,A_N_28_Arcade__ROF,CP_RoofDeck,ROF,T_RoofDeck_Color.png;T_RoofDeck_Normal.png;T_RoofDeck_Roughness.png;T_RoofDeck_Metalness.png,SurfaceAppearance,4,
A,A_N_28_Arcade__SGH,CP_SignsH,SGH,signs_h.png,TextureID / SurfaceAppearance ColorMap (atlas),12,
A,A_N_28_Arcade__SGV,CP_SignsV,SGV,signs_v.png,TextureID / SurfaceAppearance ColorMap (atlas),2,
A,A_N_28_Arcade__SHOP_LIT,CP_SHOP_LIT,SHOP_LIT,F_SHOP_LIT.png (swatch only),"Material=Neon, Color=255,232,205 (CyberpunkConfig.NeonColors)",8,
A,A_N_28_Arcade__STL,CP_Steel,STL,T_Steel_Color.png;T_Steel_Normal.png;T_Steel_Roughness.png;T_Steel_Metalness.png,SurfaceAppearance,482,
A,A_N_28_Arcade__TEC,CP_TechPanel,TEC,T_TechPanel_Color.png;T_TechPanel_Normal.png;T_TechPanel_Roughness.png;T_TechPanel_Metalness.png,SurfaceAppearance,8,
A,A_N_28_Arcade__WIN_PNK,CP_WIN_PNK,WIN_PNK,F_WIN_PNK.png (swatch only),"Material=Neon, Color=255,120,200 (CyberpunkConfig.NeonColors)",26,
A,A_N_28_Arcade__WIN_WRM,CP_WIN_WRM,WIN_WRM,F_WIN_WRM.png (swatch only),"Material=Neon, Color=255,190,125 (CyberpunkConfig.NeonColors)",130,
A,A_N_29_Zakkyo_P01_HVAC_S__MEC,CP_Mechanical,MEC,T_Mechanical_Color.png;T_Mechanical_Normal.png;T_Mechanical_Roughness.png;T_Mechanical_Metalness.png,SurfaceAppearance,32,PROTO_HVAC_S__MEC
A,A_N_29_Zakkyo_P02_HVAC_S__MEC,CP_Mechanical,MEC,T_Mechanical_Color.png;T_Mechanical_Normal.png;T_Mechanical_Roughness.png;T_Mechanical_Metalness.png,SurfaceAppearance,32,PROTO_HVAC_S__MEC
A,A_N_29_Zakkyo_P03_HVAC_S__MEC,CP_Mechanical,MEC,T_Mechanical_Color.png;T_Mechanical_Normal.png;T_Mechanical_Roughness.png;T_Mechanical_Metalness.png,SurfaceAppearance,32,PROTO_HVAC_S__MEC
A,A_N_29_Zakkyo_P04_HVAC_S__MEC,CP_Mechanical,MEC,T_Mechanical_Color.png;T_Mechanical_Normal.png;T_Mechanical_Roughness.png;T_Mechanical_Metalness.png,SurfaceAppearance,32,PROTO_HVAC_S__MEC
A,A_N_29_Zakkyo_P05_DISH__MEC,CP_Mechanical,MEC,T_Mechanical_Color.png;T_Mechanical_Normal.png;T_Mechanical_Roughness.png;T_Mechanical_Metalness.png,SurfaceAppearance,22,PROTO_DISH__MEC
A,A_N_29_Zakkyo_P06_HVAC_L__MEC,CP_Mechanical,MEC,T_Mechanical_Color.png;T_Mechanical_Normal.png;T_Mechanical_Roughness.png;T_Mechanical_Metalness.png,SurfaceAppearance,76,PROTO_HVAC_L__MEC
A,A_N_29_Zakkyo_P07_GEN__MEC,CP_Mechanical,MEC,T_Mechanical_Color.png;T_Mechanical_Normal.png;T_Mechanical_Roughness.png;T_Mechanical_Metalness.png,SurfaceAppearance,70,PROTO_GEN__MEC
A,A_N_29_Zakkyo_P08_STACK__MEC,CP_Mechanical,MEC,T_Mechanical_Color.png;T_Mechanical_Normal.png;T_Mechanical_Roughness.png;T_Mechanical_Metalness.png,SurfaceAppearance,128,PROTO_STACK__MEC
A,A_N_29_Zakkyo_P09_HVAC_S__MEC,CP_Mechanical,MEC,T_Mechanical_Color.png;T_Mechanical_Normal.png;T_Mechanical_Roughness.png;T_Mechanical_Metalness.png,SurfaceAppearance,32,PROTO_HVAC_S__MEC
A,A_N_29_Zakkyo_P10_STACK__MEC,CP_Mechanical,MEC,T_Mechanical_Color.png;T_Mechanical_Normal.png;T_Mechanical_Roughness.png;T_Mechanical_Metalness.png,SurfaceAppearance,128,PROTO_STACK__MEC
A,A_N_29_Zakkyo__CON,CP_ConcreteDark,CON,T_ConcreteDark_Color.png;T_ConcreteDark_Normal.png;T_ConcreteDark_Roughness.png;T_ConcreteDark_Metalness.png,SurfaceAppearance,88,
A,A_N_29_Zakkyo__GLS,CP_GlassCurtain,GLS,T_GlassCurtain_Color.png;T_GlassCurtain_Normal.png;T_GlassCurtain_Roughness.png;T_GlassCurtain_Metalness.png,SurfaceAppearance (Color/Normal/Roughness/Metalness),72,
A,A_N_29_Zakkyo__MEC,CP_Mechanical,MEC,T_Mechanical_Color.png;T_Mechanical_Normal.png;T_Mechanical_Roughness.png;T_Mechanical_Metalness.png,SurfaceAppearance,60,
A,A_N_29_Zakkyo__NEON_CYN,CP_NEON_CYN,NEON_CYN,F_NEON_CYN.png (swatch only),"Material=Neon, Color=0,230,255 (CyberpunkConfig.NeonColors)",150,
A,A_N_29_Zakkyo__NEON_MAG,CP_NEON_MAG,NEON_MAG,F_NEON_MAG.png (swatch only),"Material=Neon, Color=255,25,175 (CyberpunkConfig.NeonColors)",20,
A,A_N_29_Zakkyo__NEON_RED,CP_NEON_RED,NEON_RED,F_NEON_RED.png (swatch only),"Material=Neon, Color=255,32,45 (CyberpunkConfig.NeonColors)",32,
A,A_N_29_Zakkyo__NEON_WHT,CP_NEON_WHT,NEON_WHT,F_NEON_WHT.png (swatch only),"Material=Neon, Color=215,228,255 (CyberpunkConfig.NeonColors)",80,
A,A_N_29_Zakkyo__PNL,CP_PanelMetal,PNL,T_PanelMetal_Color.png;T_PanelMetal_Normal.png;T_PanelMetal_Roughness.png;T_PanelMetal_Metalness.png,SurfaceAppearance,434,
A,A_N_29_Zakkyo__ROF,CP_RoofDeck,ROF,T_RoofDeck_Color.png;T_RoofDeck_Normal.png;T_RoofDeck_Roughness.png;T_RoofDeck_Metalness.png,SurfaceAppearance,4,
A,A_N_29_Zakkyo__SGH,CP_SignsH,SGH,signs_h.png,TextureID / SurfaceAppearance ColorMap (atlas),10,
A,A_N_29_Zakkyo__SGV,CP_SignsV,SGV,signs_v.png,TextureID / SurfaceAppearance ColorMap (atlas),10,
A,A_N_29_Zakkyo__SHOP_LIT,CP_SHOP_LIT,SHOP_LIT,F_SHOP_LIT.png (swatch only),"Material=Neon, Color=255,232,205 (CyberpunkConfig.NeonColors)",6,
A,A_N_29_Zakkyo__STL,CP_Steel,STL,T_Steel_Color.png;T_Steel_Normal.png;T_Steel_Roughness.png;T_Steel_Metalness.png,SurfaceAppearance,752,
A,A_N_29_Zakkyo__WIN_COL,CP_WIN_COL,WIN_COL,F_WIN_COL.png (swatch only),"Material=Neon, Color=140,195,255 (CyberpunkConfig.NeonColors)",18,
A,A_N_29_Zakkyo__WIN_WRM,CP_WIN_WRM,WIN_WRM,F_WIN_WRM.png (swatch only),"Material=Neon, Color=255,190,125 (CyberpunkConfig.NeonColors)",100,
A,A_N_30_Pencil_P01_HVAC_L__MEC,CP_Mechanical,MEC,T_Mechanical_Color.png;T_Mechanical_Normal.png;T_Mechanical_Roughness.png;T_Mechanical_Metalness.png,SurfaceAppearance,76,PROTO_HVAC_L__MEC
A,A_N_30_Pencil_P02_TANK__MEC,CP_Mechanical,MEC,T_Mechanical_Color.png;T_Mechanical_Normal.png;T_Mechanical_Roughness.png;T_Mechanical_Metalness.png,SurfaceAppearance,84,PROTO_TANK__MEC
A,A_N_30_Pencil_P03_VENT__MEC,CP_Mechanical,MEC,T_Mechanical_Color.png;T_Mechanical_Normal.png;T_Mechanical_Roughness.png;T_Mechanical_Metalness.png,SurfaceAppearance,44,PROTO_VENT__MEC
A,A_N_30_Pencil_P04_FANBOX__MEC,CP_Mechanical,MEC,T_Mechanical_Color.png;T_Mechanical_Normal.png;T_Mechanical_Roughness.png;T_Mechanical_Metalness.png,SurfaceAppearance,50,PROTO_FANBOX__MEC
A,A_N_30_Pencil_P05_TANK__MEC,CP_Mechanical,MEC,T_Mechanical_Color.png;T_Mechanical_Normal.png;T_Mechanical_Roughness.png;T_Mechanical_Metalness.png,SurfaceAppearance,84,PROTO_TANK__MEC
A,A_N_30_Pencil__CON,CP_ConcreteDark,CON,T_ConcreteDark_Color.png;T_ConcreteDark_Normal.png;T_ConcreteDark_Roughness.png;T_ConcreteDark_Metalness.png,SurfaceAppearance,72,
A,A_N_30_Pencil__GLS,CP_GlassCurtain,GLS,T_GlassCurtain_Color.png;T_GlassCurtain_Normal.png;T_GlassCurtain_Roughness.png;T_GlassCurtain_Metalness.png,SurfaceAppearance (Color/Normal/Roughness/Metalness),2,
A,A_N_30_Pencil__MEC,CP_Mechanical,MEC,T_Mechanical_Color.png;T_Mechanical_Normal.png;T_Mechanical_Roughness.png;T_Mechanical_Metalness.png,SurfaceAppearance,90,
A,A_N_30_Pencil__NEON_BLU,CP_NEON_BLU,NEON_BLU,F_NEON_BLU.png (swatch only),"Material=Neon, Color=30,95,255 (CyberpunkConfig.NeonColors)",70,
A,A_N_30_Pencil__NEON_CYN,CP_NEON_CYN,NEON_CYN,F_NEON_CYN.png (swatch only),"Material=Neon, Color=0,230,255 (CyberpunkConfig.NeonColors)",50,
A,A_N_30_Pencil__PNL,CP_PanelMetal,PNL,T_PanelMetal_Color.png;T_PanelMetal_Normal.png;T_PanelMetal_Roughness.png;T_PanelMetal_Metalness.png,SurfaceAppearance,26,
A,A_N_30_Pencil__RIB,CP_GlassRibbon,RIB,T_GlassRibbon_Color.png;T_GlassRibbon_Normal.png;T_GlassRibbon_Roughness.png;T_GlassRibbon_Metalness.png,SurfaceAppearance,12,
A,A_N_30_Pencil__ROF,CP_RoofDeck,ROF,T_RoofDeck_Color.png;T_RoofDeck_Normal.png;T_RoofDeck_Roughness.png;T_RoofDeck_Metalness.png,SurfaceAppearance,6,
A,A_N_30_Pencil__SGH,CP_SignsH,SGH,signs_h.png,TextureID / SurfaceAppearance ColorMap (atlas),2,
A,A_N_30_Pencil__SGV,CP_SignsV,SGV,signs_v.png,TextureID / SurfaceAppearance ColorMap (atlas),2,
A,A_N_30_Pencil__STL,CP_Steel,STL,T_Steel_Color.png;T_Steel_Normal.png;T_Steel_Roughness.png;T_Steel_Metalness.png,SurfaceAppearance,1104,
A,A_N_30_Pencil__WIN_PNK,CP_WIN_PNK,WIN_PNK,F_WIN_PNK.png (swatch only),"Material=Neon, Color=255,120,200 (CyberpunkConfig.NeonColors)",14,
A,A_N_30_Pencil__WIN_WRM,CP_WIN_WRM,WIN_WRM,F_WIN_WRM.png (swatch only),"Material=Neon, Color=255,190,125 (CyberpunkConfig.NeonColors)",140,
A,A_N_31_Mansion_P01_VENT__MEC,CP_Mechanical,MEC,T_Mechanical_Color.png;T_Mechanical_Normal.png;T_Mechanical_Roughness.png;T_Mechanical_Metalness.png,SurfaceAppearance,44,PROTO_VENT__MEC
A,A_N_31_Mansion_P02_HVAC_L__MEC,CP_Mechanical,MEC,T_Mechanical_Color.png;T_Mechanical_Normal.png;T_Mechanical_Roughness.png;T_Mechanical_Metalness.png,SurfaceAppearance,76,PROTO_HVAC_L__MEC
A,A_N_31_Mansion_P03_FANBOX__MEC,CP_Mechanical,MEC,T_Mechanical_Color.png;T_Mechanical_Normal.png;T_Mechanical_Roughness.png;T_Mechanical_Metalness.png,SurfaceAppearance,50,PROTO_FANBOX__MEC
A,A_N_31_Mansion_P04_VENT__MEC,CP_Mechanical,MEC,T_Mechanical_Color.png;T_Mechanical_Normal.png;T_Mechanical_Roughness.png;T_Mechanical_Metalness.png,SurfaceAppearance,44,PROTO_VENT__MEC
A,A_N_31_Mansion_P05_HVAC_L__MEC,CP_Mechanical,MEC,T_Mechanical_Color.png;T_Mechanical_Normal.png;T_Mechanical_Roughness.png;T_Mechanical_Metalness.png,SurfaceAppearance,76,PROTO_HVAC_L__MEC
A,A_N_31_Mansion_P06_VENT__MEC,CP_Mechanical,MEC,T_Mechanical_Color.png;T_Mechanical_Normal.png;T_Mechanical_Roughness.png;T_Mechanical_Metalness.png,SurfaceAppearance,44,PROTO_VENT__MEC
A,A_N_31_Mansion_P07_HVAC_S__MEC,CP_Mechanical,MEC,T_Mechanical_Color.png;T_Mechanical_Normal.png;T_Mechanical_Roughness.png;T_Mechanical_Metalness.png,SurfaceAppearance,32,PROTO_HVAC_S__MEC
A,A_N_31_Mansion_P08_HVAC_S__MEC,CP_Mechanical,MEC,T_Mechanical_Color.png;T_Mechanical_Normal.png;T_Mechanical_Roughness.png;T_Mechanical_Metalness.png,SurfaceAppearance,32,PROTO_HVAC_S__MEC
A,A_N_31_Mansion_P09_STACK__MEC,CP_Mechanical,MEC,T_Mechanical_Color.png;T_Mechanical_Normal.png;T_Mechanical_Roughness.png;T_Mechanical_Metalness.png,SurfaceAppearance,128,PROTO_STACK__MEC
A,A_N_31_Mansion_P10_VENT__MEC,CP_Mechanical,MEC,T_Mechanical_Color.png;T_Mechanical_Normal.png;T_Mechanical_Roughness.png;T_Mechanical_Metalness.png,SurfaceAppearance,44,PROTO_VENT__MEC
A,A_N_31_Mansion_P11_VENT__MEC,CP_Mechanical,MEC,T_Mechanical_Color.png;T_Mechanical_Normal.png;T_Mechanical_Roughness.png;T_Mechanical_Metalness.png,SurfaceAppearance,44,PROTO_VENT__MEC
A,A_N_31_Mansion_P12_DISH__MEC,CP_Mechanical,MEC,T_Mechanical_Color.png;T_Mechanical_Normal.png;T_Mechanical_Roughness.png;T_Mechanical_Metalness.png,SurfaceAppearance,22,PROTO_DISH__MEC
A,A_N_31_Mansion_P13_VENT__MEC,CP_Mechanical,MEC,T_Mechanical_Color.png;T_Mechanical_Normal.png;T_Mechanical_Roughness.png;T_Mechanical_Metalness.png,SurfaceAppearance,44,PROTO_VENT__MEC
A,A_N_31_Mansion__CON,CP_ConcreteDark,CON,T_ConcreteDark_Color.png;T_ConcreteDark_Normal.png;T_ConcreteDark_Roughness.png;T_ConcreteDark_Metalness.png,SurfaceAppearance,588,
A,A_N_31_Mansion__GLS,CP_GlassCurtain,GLS,T_GlassCurtain_Color.png;T_GlassCurtain_Normal.png;T_GlassCurtain_Roughness.png;T_GlassCurtain_Metalness.png,SurfaceAppearance (Color/Normal/Roughness/Metalness),6,
A,A_N_31_Mansion__MEC,CP_Mechanical,MEC,T_Mechanical_Color.png;T_Mechanical_Normal.png;T_Mechanical_Roughness.png;T_Mechanical_Metalness.png,SurfaceAppearance,250,
A,A_N_31_Mansion__NEON_CYN,CP_NEON_CYN,NEON_CYN,F_NEON_CYN.png (swatch only),"Material=Neon, Color=0,230,255 (CyberpunkConfig.NeonColors)",20,
A,A_N_31_Mansion__NEON_MAG,CP_NEON_MAG,NEON_MAG,F_NEON_MAG.png (swatch only),"Material=Neon, Color=255,25,175 (CyberpunkConfig.NeonColors)",10,
A,A_N_31_Mansion__NEON_VIO,CP_NEON_VIO,NEON_VIO,F_NEON_VIO.png (swatch only),"Material=Neon, Color=150,45,255 (CyberpunkConfig.NeonColors)",116,
A,A_N_31_Mansion__NEON_WHT,CP_NEON_WHT,NEON_WHT,F_NEON_WHT.png (swatch only),"Material=Neon, Color=215,228,255 (CyberpunkConfig.NeonColors)",72,
A,A_N_31_Mansion__PNL,CP_PanelMetal,PNL,T_PanelMetal_Color.png;T_PanelMetal_Normal.png;T_PanelMetal_Roughness.png;T_PanelMetal_Metalness.png,SurfaceAppearance,58,
A,A_N_31_Mansion__ROF,CP_RoofDeck,ROF,T_RoofDeck_Color.png;T_RoofDeck_Normal.png;T_RoofDeck_Roughness.png;T_RoofDeck_Metalness.png,SurfaceAppearance,6,
A,A_N_31_Mansion__SGH,CP_SignsH,SGH,signs_h.png,TextureID / SurfaceAppearance ColorMap (atlas),8,
A,A_N_31_Mansion__SGV,CP_SignsV,SGV,signs_v.png,TextureID / SurfaceAppearance ColorMap (atlas),8,
A,A_N_31_Mansion__SHOP_LIT,CP_SHOP_LIT,SHOP_LIT,F_SHOP_LIT.png (swatch only),"Material=Neon, Color=255,232,205 (CyberpunkConfig.NeonColors)",4,
A,A_N_31_Mansion__STL,CP_Steel,STL,T_Steel_Color.png;T_Steel_Normal.png;T_Steel_Roughness.png;T_Steel_Metalness.png,SurfaceAppearance,970,
A,A_N_31_Mansion__TEC,CP_TechPanel,TEC,T_TechPanel_Color.png;T_TechPanel_Normal.png;T_TechPanel_Roughness.png;T_TechPanel_Metalness.png,SurfaceAppearance,242,
A,A_N_31_Mansion__WIN_COL,CP_WIN_COL,WIN_COL,F_WIN_COL.png (swatch only),"Material=Neon, Color=140,195,255 (CyberpunkConfig.NeonColors)",212,
A,A_N_32_Zakkyo_P01_TANK__MEC,CP_Mechanical,MEC,T_Mechanical_Color.png;T_Mechanical_Normal.png;T_Mechanical_Roughness.png;T_Mechanical_Metalness.png,SurfaceAppearance,84,PROTO_TANK__MEC
A,A_N_32_Zakkyo_P02_VENT__MEC,CP_Mechanical,MEC,T_Mechanical_Color.png;T_Mechanical_Normal.png;T_Mechanical_Roughness.png;T_Mechanical_Metalness.png,SurfaceAppearance,44,PROTO_VENT__MEC
A,A_N_32_Zakkyo_P03_HVAC_L__MEC,CP_Mechanical,MEC,T_Mechanical_Color.png;T_Mechanical_Normal.png;T_Mechanical_Roughness.png;T_Mechanical_Metalness.png,SurfaceAppearance,76,PROTO_HVAC_L__MEC
A,A_N_32_Zakkyo_P04_TANK__MEC,CP_Mechanical,MEC,T_Mechanical_Color.png;T_Mechanical_Normal.png;T_Mechanical_Roughness.png;T_Mechanical_Metalness.png,SurfaceAppearance,84,PROTO_TANK__MEC
A,A_N_32_Zakkyo_P05_DISH__MEC,CP_Mechanical,MEC,T_Mechanical_Color.png;T_Mechanical_Normal.png;T_Mechanical_Roughness.png;T_Mechanical_Metalness.png,SurfaceAppearance,22,PROTO_DISH__MEC
A,A_N_32_Zakkyo_P06_HVAC_S__MEC,CP_Mechanical,MEC,T_Mechanical_Color.png;T_Mechanical_Normal.png;T_Mechanical_Roughness.png;T_Mechanical_Metalness.png,SurfaceAppearance,32,PROTO_HVAC_S__MEC
A,A_N_32_Zakkyo_P07_VENT__MEC,CP_Mechanical,MEC,T_Mechanical_Color.png;T_Mechanical_Normal.png;T_Mechanical_Roughness.png;T_Mechanical_Metalness.png,SurfaceAppearance,44,PROTO_VENT__MEC
A,A_N_32_Zakkyo_P08_HVAC_S__MEC,CP_Mechanical,MEC,T_Mechanical_Color.png;T_Mechanical_Normal.png;T_Mechanical_Roughness.png;T_Mechanical_Metalness.png,SurfaceAppearance,32,PROTO_HVAC_S__MEC
A,A_N_32_Zakkyo_P09_HVAC_S__MEC,CP_Mechanical,MEC,T_Mechanical_Color.png;T_Mechanical_Normal.png;T_Mechanical_Roughness.png;T_Mechanical_Metalness.png,SurfaceAppearance,32,PROTO_HVAC_S__MEC
A,A_N_32_Zakkyo_P10_HVAC_S__MEC,CP_Mechanical,MEC,T_Mechanical_Color.png;T_Mechanical_Normal.png;T_Mechanical_Roughness.png;T_Mechanical_Metalness.png,SurfaceAppearance,32,PROTO_HVAC_S__MEC
A,A_N_32_Zakkyo_P11_HVAC_S__MEC,CP_Mechanical,MEC,T_Mechanical_Color.png;T_Mechanical_Normal.png;T_Mechanical_Roughness.png;T_Mechanical_Metalness.png,SurfaceAppearance,32,PROTO_HVAC_S__MEC
A,A_N_32_Zakkyo_P12_VENT__MEC,CP_Mechanical,MEC,T_Mechanical_Color.png;T_Mechanical_Normal.png;T_Mechanical_Roughness.png;T_Mechanical_Metalness.png,SurfaceAppearance,44,PROTO_VENT__MEC
A,A_N_32_Zakkyo_P13_HVAC_L__MEC,CP_Mechanical,MEC,T_Mechanical_Color.png;T_Mechanical_Normal.png;T_Mechanical_Roughness.png;T_Mechanical_Metalness.png,SurfaceAppearance,76,PROTO_HVAC_L__MEC
A,A_N_32_Zakkyo_P14_DISH__MEC,CP_Mechanical,MEC,T_Mechanical_Color.png;T_Mechanical_Normal.png;T_Mechanical_Roughness.png;T_Mechanical_Metalness.png,SurfaceAppearance,22,PROTO_DISH__MEC
A,A_N_32_Zakkyo__CON,CP_ConcreteDark,CON,T_ConcreteDark_Color.png;T_ConcreteDark_Normal.png;T_ConcreteDark_Roughness.png;T_ConcreteDark_Metalness.png,SurfaceAppearance,100,
A,A_N_32_Zakkyo__GLS,CP_GlassCurtain,GLS,T_GlassCurtain_Color.png;T_GlassCurtain_Normal.png;T_GlassCurtain_Roughness.png;T_GlassCurtain_Metalness.png,SurfaceAppearance (Color/Normal/Roughness/Metalness),50,
A,A_N_32_Zakkyo__MEC,CP_Mechanical,MEC,T_Mechanical_Color.png;T_Mechanical_Normal.png;T_Mechanical_Roughness.png;T_Mechanical_Metalness.png,SurfaceAppearance,260,
A,A_N_32_Zakkyo__NEON_MAG,CP_NEON_MAG,NEON_MAG,F_NEON_MAG.png (swatch only),"Material=Neon, Color=255,25,175 (CyberpunkConfig.NeonColors)",170,
A,A_N_32_Zakkyo__NEON_RED,CP_NEON_RED,NEON_RED,F_NEON_RED.png (swatch only),"Material=Neon, Color=255,32,45 (CyberpunkConfig.NeonColors)",266,
A,A_N_32_Zakkyo__PNL,CP_PanelMetal,PNL,T_PanelMetal_Color.png;T_PanelMetal_Normal.png;T_PanelMetal_Roughness.png;T_PanelMetal_Metalness.png,SurfaceAppearance,376,
A,A_N_32_Zakkyo__ROF,CP_RoofDeck,ROF,T_RoofDeck_Color.png;T_RoofDeck_Normal.png;T_RoofDeck_Roughness.png;T_RoofDeck_Metalness.png,SurfaceAppearance,10,
A,A_N_32_Zakkyo__SGH,CP_SignsH,SGH,signs_h.png,TextureID / SurfaceAppearance ColorMap (atlas),18,
A,A_N_32_Zakkyo__SGV,CP_SignsV,SGV,signs_v.png,TextureID / SurfaceAppearance ColorMap (atlas),10,
A,A_N_32_Zakkyo__SHOP_LIT,CP_SHOP_LIT,SHOP_LIT,F_SHOP_LIT.png (swatch only),"Material=Neon, Color=255,232,205 (CyberpunkConfig.NeonColors)",2,
A,A_N_32_Zakkyo__STL,CP_Steel,STL,T_Steel_Color.png;T_Steel_Normal.png;T_Steel_Roughness.png;T_Steel_Metalness.png,SurfaceAppearance,1370,
A,A_N_32_Zakkyo__TEC,CP_TechPanel,TEC,T_TechPanel_Color.png;T_TechPanel_Normal.png;T_TechPanel_Roughness.png;T_TechPanel_Metalness.png,SurfaceAppearance,8,
A,A_N_32_Zakkyo__WIN_VIO,CP_WIN_VIO,WIN_VIO,F_WIN_VIO.png (swatch only),"Material=Neon, Color=170,130,255 (CyberpunkConfig.NeonColors)",2,
A,A_N_32_Zakkyo__WIN_WRM,CP_WIN_WRM,WIN_WRM,F_WIN_WRM.png (swatch only),"Material=Neon, Color=255,190,125 (CyberpunkConfig.NeonColors)",150,
A,A_S_01_Zakkyo_P02_HVAC_S__MEC,CP_Mechanical,MEC,T_Mechanical_Color.png;T_Mechanical_Normal.png;T_Mechanical_Roughness.png;T_Mechanical_Metalness.png,SurfaceAppearance,32,PROTO_HVAC_S__MEC
A,A_S_01_Zakkyo_P03_DISH__MEC,CP_Mechanical,MEC,T_Mechanical_Color.png;T_Mechanical_Normal.png;T_Mechanical_Roughness.png;T_Mechanical_Metalness.png,SurfaceAppearance,22,PROTO_DISH__MEC
A,A_S_01_Zakkyo_P04_TANK__MEC,CP_Mechanical,MEC,T_Mechanical_Color.png;T_Mechanical_Normal.png;T_Mechanical_Roughness.png;T_Mechanical_Metalness.png,SurfaceAppearance,84,PROTO_TANK__MEC
A,A_S_01_Zakkyo_P05_FANBOX__MEC,CP_Mechanical,MEC,T_Mechanical_Color.png;T_Mechanical_Normal.png;T_Mechanical_Roughness.png;T_Mechanical_Metalness.png,SurfaceAppearance,50,PROTO_FANBOX__MEC
A,A_S_01_Zakkyo_P06_VENT__MEC,CP_Mechanical,MEC,T_Mechanical_Color.png;T_Mechanical_Normal.png;T_Mechanical_Roughness.png;T_Mechanical_Metalness.png,SurfaceAppearance,44,PROTO_VENT__MEC
A,A_S_01_Zakkyo_P07_VENT__MEC,CP_Mechanical,MEC,T_Mechanical_Color.png;T_Mechanical_Normal.png;T_Mechanical_Roughness.png;T_Mechanical_Metalness.png,SurfaceAppearance,44,PROTO_VENT__MEC
A,A_S_01_Zakkyo_P08_DISH__MEC,CP_Mechanical,MEC,T_Mechanical_Color.png;T_Mechanical_Normal.png;T_Mechanical_Roughness.png;T_Mechanical_Metalness.png,SurfaceAppearance,22,PROTO_DISH__MEC
A,A_S_01_Zakkyo_P09_HVAC_S__MEC,CP_Mechanical,MEC,T_Mechanical_Color.png;T_Mechanical_Normal.png;T_Mechanical_Roughness.png;T_Mechanical_Metalness.png,SurfaceAppearance,32,PROTO_HVAC_S__MEC
A,A_S_01_Zakkyo_V01_VEND_BODY__PNL,CP_PanelMetal,PNL,T_PanelMetal_Color.png;T_PanelMetal_Normal.png;T_PanelMetal_Roughness.png;T_PanelMetal_Metalness.png,SurfaceAppearance,10,PROTO_VEND_BODY__PNL
A,A_S_01_Zakkyo_V01_VEND_FACE__SHOP_LIT,CP_SHOP_LIT,SHOP_LIT,F_SHOP_LIT.png (swatch only),"Material=Neon, Color=255,232,205 (CyberpunkConfig.NeonColors)",2,PROTO_VEND_FACE__SHOP_LIT
A,A_S_01_Zakkyo__CON,CP_ConcreteDark,CON,T_ConcreteDark_Color.png;T_ConcreteDark_Normal.png;T_ConcreteDark_Roughness.png;T_ConcreteDark_Metalness.png,SurfaceAppearance,120,
A,A_S_01_Zakkyo__MEC,CP_Mechanical,MEC,T_Mechanical_Color.png;T_Mechanical_Normal.png;T_Mechanical_Roughness.png;T_Mechanical_Metalness.png,SurfaceAppearance,194,
A,A_S_01_Zakkyo__NEON_BLU,CP_NEON_BLU,NEON_BLU,F_NEON_BLU.png (swatch only),"Material=Neon, Color=30,95,255 (CyberpunkConfig.NeonColors)",30,
A,A_S_01_Zakkyo__NEON_CYN,CP_NEON_CYN,NEON_CYN,F_NEON_CYN.png (swatch only),"Material=Neon, Color=0,230,255 (CyberpunkConfig.NeonColors)",20,
A,A_S_01_Zakkyo__NEON_RED,CP_NEON_RED,NEON_RED,F_NEON_RED.png (swatch only),"Material=Neon, Color=255,32,45 (CyberpunkConfig.NeonColors)",44,
A,A_S_01_Zakkyo__NEON_WHT,CP_NEON_WHT,NEON_WHT,F_NEON_WHT.png (swatch only),"Material=Neon, Color=215,228,255 (CyberpunkConfig.NeonColors)",10,
A,A_S_01_Zakkyo__PNL,CP_PanelMetal,PNL,T_PanelMetal_Color.png;T_PanelMetal_Normal.png;T_PanelMetal_Roughness.png;T_PanelMetal_Metalness.png,SurfaceAppearance,36,
A,A_S_01_Zakkyo__RIB,CP_GlassRibbon,RIB,T_GlassRibbon_Color.png;T_GlassRibbon_Normal.png;T_GlassRibbon_Roughness.png;T_GlassRibbon_Metalness.png,SurfaceAppearance,2,
A,A_S_01_Zakkyo__ROF,CP_RoofDeck,ROF,T_RoofDeck_Color.png;T_RoofDeck_Normal.png;T_RoofDeck_Roughness.png;T_RoofDeck_Metalness.png,SurfaceAppearance,6,
A,A_S_01_Zakkyo__SGH,CP_SignsH,SGH,signs_h.png,TextureID / SurfaceAppearance ColorMap (atlas),16,
A,A_S_01_Zakkyo__SGV,CP_SignsV,SGV,signs_v.png,TextureID / SurfaceAppearance ColorMap (atlas),18,
A,A_S_01_Zakkyo__STL,CP_Steel,STL,T_Steel_Color.png;T_Steel_Normal.png;T_Steel_Roughness.png;T_Steel_Metalness.png,SurfaceAppearance,1378,
A,A_S_01_Zakkyo__TEC,CP_TechPanel,TEC,T_TechPanel_Color.png;T_TechPanel_Normal.png;T_TechPanel_Roughness.png;T_TechPanel_Metalness.png,SurfaceAppearance,2,
A,A_S_01_Zakkyo__WIN_COL,CP_WIN_COL,WIN_COL,F_WIN_COL.png (swatch only),"Material=Neon, Color=140,195,255 (CyberpunkConfig.NeonColors)",170,
A,A_S_01_Zakkyo__WIN_PNK,CP_WIN_PNK,WIN_PNK,F_WIN_PNK.png (swatch only),"Material=Neon, Color=255,120,200 (CyberpunkConfig.NeonColors)",2,
A,A_S_02_Mansion_P02_HVAC_S__MEC,CP_Mechanical,MEC,T_Mechanical_Color.png;T_Mechanical_Normal.png;T_Mechanical_Roughness.png;T_Mechanical_Metalness.png,SurfaceAppearance,32,PROTO_HVAC_S__MEC
A,A_S_02_Mansion_P03_HVAC_S__MEC,CP_Mechanical,MEC,T_Mechanical_Color.png;T_Mechanical_Normal.png;T_Mechanical_Roughness.png;T_Mechanical_Metalness.png,SurfaceAppearance,32,PROTO_HVAC_S__MEC
A,A_S_02_Mansion_P04_TANK__MEC,CP_Mechanical,MEC,T_Mechanical_Color.png;T_Mechanical_Normal.png;T_Mechanical_Roughness.png;T_Mechanical_Metalness.png,SurfaceAppearance,84,PROTO_TANK__MEC
A,A_S_02_Mansion_P05_VENT__MEC,CP_Mechanical,MEC,T_Mechanical_Color.png;T_Mechanical_Normal.png;T_Mechanical_Roughness.png;T_Mechanical_Metalness.png,SurfaceAppearance,44,PROTO_VENT__MEC
A,A_S_02_Mansion_P06_HVAC_S__MEC,CP_Mechanical,MEC,T_Mechanical_Color.png;T_Mechanical_Normal.png;T_Mechanical_Roughness.png;T_Mechanical_Metalness.png,SurfaceAppearance,32,PROTO_HVAC_S__MEC
A,A_S_02_Mansion_P07_DISH__MEC,CP_Mechanical,MEC,T_Mechanical_Color.png;T_Mechanical_Normal.png;T_Mechanical_Roughness.png;T_Mechanical_Metalness.png,SurfaceAppearance,22,PROTO_DISH__MEC
A,A_S_02_Mansion_P08_STACK__MEC,CP_Mechanical,MEC,T_Mechanical_Color.png;T_Mechanical_Normal.png;T_Mechanical_Roughness.png;T_Mechanical_Metalness.png,SurfaceAppearance,128,PROTO_STACK__MEC
A,A_S_02_Mansion_P09_HVAC_S__MEC,CP_Mechanical,MEC,T_Mechanical_Color.png;T_Mechanical_Normal.png;T_Mechanical_Roughness.png;T_Mechanical_Metalness.png,SurfaceAppearance,32,PROTO_HVAC_S__MEC
A,A_S_02_Mansion_P10_DISH__MEC,CP_Mechanical,MEC,T_Mechanical_Color.png;T_Mechanical_Normal.png;T_Mechanical_Roughness.png;T_Mechanical_Metalness.png,SurfaceAppearance,22,PROTO_DISH__MEC
A,A_S_02_Mansion_P11_VENT__MEC,CP_Mechanical,MEC,T_Mechanical_Color.png;T_Mechanical_Normal.png;T_Mechanical_Roughness.png;T_Mechanical_Metalness.png,SurfaceAppearance,44,PROTO_VENT__MEC
A,A_S_02_Mansion_P12_VENT__MEC,CP_Mechanical,MEC,T_Mechanical_Color.png;T_Mechanical_Normal.png;T_Mechanical_Roughness.png;T_Mechanical_Metalness.png,SurfaceAppearance,44,PROTO_VENT__MEC
A,A_S_02_Mansion_P13_HVAC_S__MEC,CP_Mechanical,MEC,T_Mechanical_Color.png;T_Mechanical_Normal.png;T_Mechanical_Roughness.png;T_Mechanical_Metalness.png,SurfaceAppearance,32,PROTO_HVAC_S__MEC
A,A_S_02_Mansion_P14_HVAC_S__MEC,CP_Mechanical,MEC,T_Mechanical_Color.png;T_Mechanical_Normal.png;T_Mechanical_Roughness.png;T_Mechanical_Metalness.png,SurfaceAppearance,32,PROTO_HVAC_S__MEC
A,A_S_02_Mansion_V01_VEND_BODY__PNL,CP_PanelMetal,PNL,T_PanelMetal_Color.png;T_PanelMetal_Normal.png;T_PanelMetal_Roughness.png;T_PanelMetal_Metalness.png,SurfaceAppearance,10,PROTO_VEND_BODY__PNL
A,A_S_02_Mansion_V01_VEND_FACE__SHOP_LIT,CP_SHOP_LIT,SHOP_LIT,F_SHOP_LIT.png (swatch only),"Material=Neon, Color=255,232,205 (CyberpunkConfig.NeonColors)",2,PROTO_VEND_FACE__SHOP_LIT
A,A_S_02_Mansion__CON,CP_ConcreteDark,CON,T_ConcreteDark_Color.png;T_ConcreteDark_Normal.png;T_ConcreteDark_Roughness.png;T_ConcreteDark_Metalness.png,SurfaceAppearance,708,
A,A_S_02_Mansion__GLS,CP_GlassCurtain,GLS,T_GlassCurtain_Color.png;T_GlassCurtain_Normal.png;T_GlassCurtain_Roughness.png;T_GlassCurtain_Metalness.png,SurfaceAppearance (Color/Normal/Roughness/Metalness),8,
A,A_S_02_Mansion__MEC,CP_Mechanical,MEC,T_Mechanical_Color.png;T_Mechanical_Normal.png;T_Mechanical_Roughness.png;T_Mechanical_Metalness.png,SurfaceAppearance,204,
A,A_S_02_Mansion__NEON_AMB,CP_NEON_AMB,NEON_AMB,F_NEON_AMB.png (swatch only),"Material=Neon, Color=255,150,25 (CyberpunkConfig.NeonColors)",24,
A,A_S_02_Mansion__NEON_CYN,CP_NEON_CYN,NEON_CYN,F_NEON_CYN.png (swatch only),"Material=Neon, Color=0,230,255 (CyberpunkConfig.NeonColors)",70,
A,A_S_02_Mansion__NEON_MAG,CP_NEON_MAG,NEON_MAG,F_NEON_MAG.png (swatch only),"Material=Neon, Color=255,25,175 (CyberpunkConfig.NeonColors)",10,
A,A_S_02_Mansion__NEON_RED,CP_NEON_RED,NEON_RED,F_NEON_RED.png (swatch only),"Material=Neon, Color=255,32,45 (CyberpunkConfig.NeonColors)",42,
A,A_S_02_Mansion__NEON_WHT,CP_NEON_WHT,NEON_WHT,F_NEON_WHT.png (swatch only),"Material=Neon, Color=215,228,255 (CyberpunkConfig.NeonColors)",10,
A,A_S_02_Mansion__PNL,CP_PanelMetal,PNL,T_PanelMetal_Color.png;T_PanelMetal_Normal.png;T_PanelMetal_Roughness.png;T_PanelMetal_Metalness.png,SurfaceAppearance,52,
A,A_S_02_Mansion__RIB,CP_GlassRibbon,RIB,T_GlassRibbon_Color.png;T_GlassRibbon_Normal.png;T_GlassRibbon_Roughness.png;T_GlassRibbon_Metalness.png,SurfaceAppearance,2,
A,A_S_02_Mansion__ROF,CP_RoofDeck,ROF,T_RoofDeck_Color.png;T_RoofDeck_Normal.png;T_RoofDeck_Roughness.png;T_RoofDeck_Metalness.png,SurfaceAppearance,8,
A,A_S_02_Mansion__SGH,CP_SignsH,SGH,signs_h.png,TextureID / SurfaceAppearance ColorMap (atlas),14,
A,A_S_02_Mansion__SGV,CP_SignsV,SGV,signs_v.png,TextureID / SurfaceAppearance ColorMap (atlas),4,
A,A_S_02_Mansion__SHOP_LIT,CP_SHOP_LIT,SHOP_LIT,F_SHOP_LIT.png (swatch only),"Material=Neon, Color=255,232,205 (CyberpunkConfig.NeonColors)",4,
A,A_S_02_Mansion__STL,CP_Steel,STL,T_Steel_Color.png;T_Steel_Normal.png;T_Steel_Roughness.png;T_Steel_Metalness.png,SurfaceAppearance,804,
A,A_S_02_Mansion__TEC,CP_TechPanel,TEC,T_TechPanel_Color.png;T_TechPanel_Normal.png;T_TechPanel_Roughness.png;T_TechPanel_Metalness.png,SurfaceAppearance,248,
A,A_S_02_Mansion__WIN_COL,CP_WIN_COL,WIN_COL,F_WIN_COL.png (swatch only),"Material=Neon, Color=140,195,255 (CyberpunkConfig.NeonColors)",152,
A,A_S_02_Mansion__WIN_WRM,CP_WIN_WRM,WIN_WRM,F_WIN_WRM.png (swatch only),"Material=Neon, Color=255,190,125 (CyberpunkConfig.NeonColors)",34,
A,A_S_03_Louver_P01_HVAC_S__MEC,CP_Mechanical,MEC,T_Mechanical_Color.png;T_Mechanical_Normal.png;T_Mechanical_Roughness.png;T_Mechanical_Metalness.png,SurfaceAppearance,32,PROTO_HVAC_S__MEC
A,A_S_03_Louver_P02_HVAC_L__MEC,CP_Mechanical,MEC,T_Mechanical_Color.png;T_Mechanical_Normal.png;T_Mechanical_Roughness.png;T_Mechanical_Metalness.png,SurfaceAppearance,76,PROTO_HVAC_L__MEC
A,A_S_03_Louver_P03_HVAC_S__MEC,CP_Mechanical,MEC,T_Mechanical_Color.png;T_Mechanical_Normal.png;T_Mechanical_Roughness.png;T_Mechanical_Metalness.png,SurfaceAppearance,32,PROTO_HVAC_S__MEC
A,A_S_03_Louver_P04_HVAC_S__MEC,CP_Mechanical,MEC,T_Mechanical_Color.png;T_Mechanical_Normal.png;T_Mechanical_Roughness.png;T_Mechanical_Metalness.png,SurfaceAppearance,32,PROTO_HVAC_S__MEC
A,A_S_03_Louver_P05_VENT__MEC,CP_Mechanical,MEC,T_Mechanical_Color.png;T_Mechanical_Normal.png;T_Mechanical_Roughness.png;T_Mechanical_Metalness.png,SurfaceAppearance,44,PROTO_VENT__MEC
A,A_S_03_Louver_P06_HVAC_S__MEC,CP_Mechanical,MEC,T_Mechanical_Color.png;T_Mechanical_Normal.png;T_Mechanical_Roughness.png;T_Mechanical_Metalness.png,SurfaceAppearance,32,PROTO_HVAC_S__MEC
A,A_S_03_Louver_P07_HVAC_S__MEC,CP_Mechanical,MEC,T_Mechanical_Color.png;T_Mechanical_Normal.png;T_Mechanical_Roughness.png;T_Mechanical_Metalness.png,SurfaceAppearance,32,PROTO_HVAC_S__MEC
A,A_S_03_Louver_P08_HVAC_S__MEC,CP_Mechanical,MEC,T_Mechanical_Color.png;T_Mechanical_Normal.png;T_Mechanical_Roughness.png;T_Mechanical_Metalness.png,SurfaceAppearance,32,PROTO_HVAC_S__MEC
A,A_S_03_Louver_P09_HVAC_S__MEC,CP_Mechanical,MEC,T_Mechanical_Color.png;T_Mechanical_Normal.png;T_Mechanical_Roughness.png;T_Mechanical_Metalness.png,SurfaceAppearance,32,PROTO_HVAC_S__MEC
A,A_S_03_Louver_P10_STACK__MEC,CP_Mechanical,MEC,T_Mechanical_Color.png;T_Mechanical_Normal.png;T_Mechanical_Roughness.png;T_Mechanical_Metalness.png,SurfaceAppearance,128,PROTO_STACK__MEC
A,A_S_03_Louver_P11_HVAC_L__MEC,CP_Mechanical,MEC,T_Mechanical_Color.png;T_Mechanical_Normal.png;T_Mechanical_Roughness.png;T_Mechanical_Metalness.png,SurfaceAppearance,76,PROTO_HVAC_L__MEC
A,A_S_03_Louver_P12_VENT__MEC,CP_Mechanical,MEC,T_Mechanical_Color.png;T_Mechanical_Normal.png;T_Mechanical_Roughness.png;T_Mechanical_Metalness.png,SurfaceAppearance,44,PROTO_VENT__MEC
A,A_S_03_Louver_P13_HVAC_L__MEC,CP_Mechanical,MEC,T_Mechanical_Color.png;T_Mechanical_Normal.png;T_Mechanical_Roughness.png;T_Mechanical_Metalness.png,SurfaceAppearance,76,PROTO_HVAC_L__MEC
A,A_S_03_Louver__CON,CP_ConcreteDark,CON,T_ConcreteDark_Color.png;T_ConcreteDark_Normal.png;T_ConcreteDark_Roughness.png;T_ConcreteDark_Metalness.png,SurfaceAppearance,108,
A,A_S_03_Louver__GLS,CP_GlassCurtain,GLS,T_GlassCurtain_Color.png;T_GlassCurtain_Normal.png;T_GlassCurtain_Roughness.png;T_GlassCurtain_Metalness.png,SurfaceAppearance (Color/Normal/Roughness/Metalness),8,
A,A_S_03_Louver__MEC,CP_Mechanical,MEC,T_Mechanical_Color.png;T_Mechanical_Normal.png;T_Mechanical_Roughness.png;T_Mechanical_Metalness.png,SurfaceAppearance,50,
A,A_S_03_Louver__NEON_AMB,CP_NEON_AMB,NEON_AMB,F_NEON_AMB.png (swatch only),"Material=Neon, Color=255,150,25 (CyberpunkConfig.NeonColors)",12,
A,A_S_03_Louver__NEON_MAG,CP_NEON_MAG,NEON_MAG,F_NEON_MAG.png (swatch only),"Material=Neon, Color=255,25,175 (CyberpunkConfig.NeonColors)",30,
A,A_S_03_Louver__NEON_RED,CP_NEON_RED,NEON_RED,F_NEON_RED.png (swatch only),"Material=Neon, Color=255,32,45 (CyberpunkConfig.NeonColors)",20,
A,A_S_03_Louver__NEON_VIO,CP_NEON_VIO,NEON_VIO,F_NEON_VIO.png (swatch only),"Material=Neon, Color=150,45,255 (CyberpunkConfig.NeonColors)",146,
A,A_S_03_Louver__NEON_WHT,CP_NEON_WHT,NEON_WHT,F_NEON_WHT.png (swatch only),"Material=Neon, Color=215,228,255 (CyberpunkConfig.NeonColors)",10,
A,A_S_03_Louver__PNL,CP_PanelMetal,PNL,T_PanelMetal_Color.png;T_PanelMetal_Normal.png;T_PanelMetal_Roughness.png;T_PanelMetal_Metalness.png,SurfaceAppearance,166,
A,A_S_03_Louver__ROF,CP_RoofDeck,ROF,T_RoofDeck_Color.png;T_RoofDeck_Normal.png;T_RoofDeck_Roughness.png;T_RoofDeck_Metalness.png,SurfaceAppearance,6,
A,A_S_03_Louver__SGH,CP_SignsH,SGH,signs_h.png,TextureID / SurfaceAppearance ColorMap (atlas),22,
A,A_S_03_Louver__SGV,CP_SignsV,SGV,signs_v.png,TextureID / SurfaceAppearance ColorMap (atlas),20,
A,A_S_03_Louver__SHOP_LIT,CP_SHOP_LIT,SHOP_LIT,F_SHOP_LIT.png (swatch only),"Material=Neon, Color=255,232,205 (CyberpunkConfig.NeonColors)",4,
A,A_S_03_Louver__STL,CP_Steel,STL,T_Steel_Color.png;T_Steel_Normal.png;T_Steel_Roughness.png;T_Steel_Metalness.png,SurfaceAppearance,706,
A,A_S_03_Louver__WIN_COL,CP_WIN_COL,WIN_COL,F_WIN_COL.png (swatch only),"Material=Neon, Color=140,195,255 (CyberpunkConfig.NeonColors)",42,
A,A_S_03_Louver__WIN_VIO,CP_WIN_VIO,WIN_VIO,F_WIN_VIO.png (swatch only),"Material=Neon, Color=170,130,255 (CyberpunkConfig.NeonColors)",184,
A,A_S_04_Pencil_P02_FANBOX__MEC,CP_Mechanical,MEC,T_Mechanical_Color.png;T_Mechanical_Normal.png;T_Mechanical_Roughness.png;T_Mechanical_Metalness.png,SurfaceAppearance,50,PROTO_FANBOX__MEC
A,A_S_04_Pencil_P03_TANK__MEC,CP_Mechanical,MEC,T_Mechanical_Color.png;T_Mechanical_Normal.png;T_Mechanical_Roughness.png;T_Mechanical_Metalness.png,SurfaceAppearance,84,PROTO_TANK__MEC
A,A_S_04_Pencil_P04_DISH__MEC,CP_Mechanical,MEC,T_Mechanical_Color.png;T_Mechanical_Normal.png;T_Mechanical_Roughness.png;T_Mechanical_Metalness.png,SurfaceAppearance,22,PROTO_DISH__MEC
A,A_S_04_Pencil_P05_VENT__MEC,CP_Mechanical,MEC,T_Mechanical_Color.png;T_Mechanical_Normal.png;T_Mechanical_Roughness.png;T_Mechanical_Metalness.png,SurfaceAppearance,44,PROTO_VENT__MEC
A,A_S_04_Pencil_V01_VEND_BODY__PNL,CP_PanelMetal,PNL,T_PanelMetal_Color.png;T_PanelMetal_Normal.png;T_PanelMetal_Roughness.png;T_PanelMetal_Metalness.png,SurfaceAppearance,10,PROTO_VEND_BODY__PNL
A,A_S_04_Pencil_V01_VEND_FACE__SHOP_LIT,CP_SHOP_LIT,SHOP_LIT,F_SHOP_LIT.png (swatch only),"Material=Neon, Color=255,232,205 (CyberpunkConfig.NeonColors)",2,PROTO_VEND_FACE__SHOP_LIT
A,A_S_04_Pencil__CON,CP_ConcreteDark,CON,T_ConcreteDark_Color.png;T_ConcreteDark_Normal.png;T_ConcreteDark_Roughness.png;T_ConcreteDark_Metalness.png,SurfaceAppearance,72,
A,A_S_04_Pencil__GLS,CP_GlassCurtain,GLS,T_GlassCurtain_Color.png;T_GlassCurtain_Normal.png;T_GlassCurtain_Roughness.png;T_GlassCurtain_Metalness.png,SurfaceAppearance (Color/Normal/Roughness/Metalness),2,
A,A_S_04_Pencil__MEC,CP_Mechanical,MEC,T_Mechanical_Color.png;T_Mechanical_Normal.png;T_Mechanical_Roughness.png;T_Mechanical_Metalness.png,SurfaceAppearance,120,
A,A_S_04_Pencil__NEON_CYN,CP_NEON_CYN,NEON_CYN,F_NEON_CYN.png (swatch only),"Material=Neon, Color=0,230,255 (CyberpunkConfig.NeonColors)",10,
A,A_S_04_Pencil__NEON_MAG,CP_NEON_MAG,NEON_MAG,F_NEON_MAG.png (swatch only),"Material=Neon, Color=255,25,175 (CyberpunkConfig.NeonColors)",50,
A,A_S_04_Pencil__PNL,CP_PanelMetal,PNL,T_PanelMetal_Color.png;T_PanelMetal_Normal.png;T_PanelMetal_Roughness.png;T_PanelMetal_Metalness.png,SurfaceAppearance,26,
A,A_S_04_Pencil__ROF,CP_RoofDeck,ROF,T_RoofDeck_Color.png;T_RoofDeck_Normal.png;T_RoofDeck_Roughness.png;T_RoofDeck_Metalness.png,SurfaceAppearance,6,
A,A_S_04_Pencil__SHOP_LIT,CP_SHOP_LIT,SHOP_LIT,F_SHOP_LIT.png (swatch only),"Material=Neon, Color=255,232,205 (CyberpunkConfig.NeonColors)",2,
A,A_S_04_Pencil__STL,CP_Steel,STL,T_Steel_Color.png;T_Steel_Normal.png;T_Steel_Roughness.png;T_Steel_Metalness.png,SurfaceAppearance,314,
A,A_S_04_Pencil__TEC,CP_TechPanel,TEC,T_TechPanel_Color.png;T_TechPanel_Normal.png;T_TechPanel_Roughness.png;T_TechPanel_Metalness.png,SurfaceAppearance,12,
A,A_S_04_Pencil__WIN_COL,CP_WIN_COL,WIN_COL,F_WIN_COL.png (swatch only),"Material=Neon, Color=140,195,255 (CyberpunkConfig.NeonColors)",36,
A,A_S_04_Pencil__WIN_WRM,CP_WIN_WRM,WIN_WRM,F_WIN_WRM.png (swatch only),"Material=Neon, Color=255,190,125 (CyberpunkConfig.NeonColors)",166,
A,A_S_05_Zakkyo_P01_TANK__MEC,CP_Mechanical,MEC,T_Mechanical_Color.png;T_Mechanical_Normal.png;T_Mechanical_Roughness.png;T_Mechanical_Metalness.png,SurfaceAppearance,84,PROTO_TANK__MEC
A,A_S_05_Zakkyo_P02_HVAC_L__MEC,CP_Mechanical,MEC,T_Mechanical_Color.png;T_Mechanical_Normal.png;T_Mechanical_Roughness.png;T_Mechanical_Metalness.png,SurfaceAppearance,76,PROTO_HVAC_L__MEC
A,A_S_05_Zakkyo_P03_STACK__MEC,CP_Mechanical,MEC,T_Mechanical_Color.png;T_Mechanical_Normal.png;T_Mechanical_Roughness.png;T_Mechanical_Metalness.png,SurfaceAppearance,128,PROTO_STACK__MEC
A,A_S_05_Zakkyo_P04_VENT__MEC,CP_Mechanical,MEC,T_Mechanical_Color.png;T_Mechanical_Normal.png;T_Mechanical_Roughness.png;T_Mechanical_Metalness.png,SurfaceAppearance,44,PROTO_VENT__MEC
A,A_S_05_Zakkyo_P05_HVAC_S__MEC,CP_Mechanical,MEC,T_Mechanical_Color.png;T_Mechanical_Normal.png;T_Mechanical_Roughness.png;T_Mechanical_Metalness.png,SurfaceAppearance,32,PROTO_HVAC_S__MEC
A,A_S_05_Zakkyo_P06_HVAC_S__MEC,CP_Mechanical,MEC,T_Mechanical_Color.png;T_Mechanical_Normal.png;T_Mechanical_Roughness.png;T_Mechanical_Metalness.png,SurfaceAppearance,32,PROTO_HVAC_S__MEC
A,A_S_05_Zakkyo_P07_STACK__MEC,CP_Mechanical,MEC,T_Mechanical_Color.png;T_Mechanical_Normal.png;T_Mechanical_Roughness.png;T_Mechanical_Metalness.png,SurfaceAppearance,128,PROTO_STACK__MEC
A,A_S_05_Zakkyo_P08_HVAC_S__MEC,CP_Mechanical,MEC,T_Mechanical_Color.png;T_Mechanical_Normal.png;T_Mechanical_Roughness.png;T_Mechanical_Metalness.png,SurfaceAppearance,32,PROTO_HVAC_S__MEC
A,A_S_05_Zakkyo_P09_GEN__MEC,CP_Mechanical,MEC,T_Mechanical_Color.png;T_Mechanical_Normal.png;T_Mechanical_Roughness.png;T_Mechanical_Metalness.png,SurfaceAppearance,70,PROTO_GEN__MEC
A,A_S_05_Zakkyo_P10_VENT__MEC,CP_Mechanical,MEC,T_Mechanical_Color.png;T_Mechanical_Normal.png;T_Mechanical_Roughness.png;T_Mechanical_Metalness.png,SurfaceAppearance,44,PROTO_VENT__MEC
A,A_S_05_Zakkyo_P11_VENT__MEC,CP_Mechanical,MEC,T_Mechanical_Color.png;T_Mechanical_Normal.png;T_Mechanical_Roughness.png;T_Mechanical_Metalness.png,SurfaceAppearance,44,PROTO_VENT__MEC
A,A_S_05_Zakkyo_P12_HVAC_L__MEC,CP_Mechanical,MEC,T_Mechanical_Color.png;T_Mechanical_Normal.png;T_Mechanical_Roughness.png;T_Mechanical_Metalness.png,SurfaceAppearance,76,PROTO_HVAC_L__MEC
A,A_S_05_Zakkyo__CON,CP_ConcreteDark,CON,T_ConcreteDark_Color.png;T_ConcreteDark_Normal.png;T_ConcreteDark_Roughness.png;T_ConcreteDark_Metalness.png,SurfaceAppearance,80,
A,A_S_05_Zakkyo__GLS,CP_GlassCurtain,GLS,T_GlassCurtain_Color.png;T_GlassCurtain_Normal.png;T_GlassCurtain_Roughness.png;T_GlassCurtain_Metalness.png,SurfaceAppearance (Color/Normal/Roughness/Metalness),2,
A,A_S_05_Zakkyo__MEC,CP_Mechanical,MEC,T_Mechanical_Color.png;T_Mechanical_Normal.png;T_Mechanical_Roughness.png;T_Mechanical_Metalness.png,SurfaceAppearance,190,
A,A_S_05_Zakkyo__NEON_CYN,CP_NEON_CYN,NEON_CYN,F_NEON_CYN.png (swatch only),"Material=Neon, Color=0,230,255 (CyberpunkConfig.NeonColors)",20,
A,A_S_05_Zakkyo__NEON_MAG,CP_NEON_MAG,NEON_MAG,F_NEON_MAG.png (swatch only),"Material=Neon, Color=255,25,175 (CyberpunkConfig.NeonColors)",56,
A,A_S_05_Zakkyo__PNL,CP_PanelMetal,PNL,T_PanelMetal_Color.png;T_PanelMetal_Normal.png;T_PanelMetal_Roughness.png;T_PanelMetal_Metalness.png,SurfaceAppearance,38,
A,A_S_05_Zakkyo__RIB,CP_GlassRibbon,RIB,T_GlassRibbon_Color.png;T_GlassRibbon_Normal.png;T_GlassRibbon_Roughness.png;T_GlassRibbon_Metalness.png,SurfaceAppearance,2,
A,A_S_05_Zakkyo__ROF,CP_RoofDeck,ROF,T_RoofDeck_Color.png;T_RoofDeck_Normal.png;T_RoofDeck_Roughness.png;T_RoofDeck_Metalness.png,SurfaceAppearance,4,
A,A_S_05_Zakkyo__SGH,CP_SignsH,SGH,signs_h.png,TextureID / SurfaceAppearance ColorMap (atlas),10,
A,A_S_05_Zakkyo__SGV,CP_SignsV,SGV,signs_v.png,TextureID / SurfaceAppearance ColorMap (atlas),18,
A,A_S_05_Zakkyo__SHOP_LIT,CP_SHOP_LIT,SHOP_LIT,F_SHOP_LIT.png (swatch only),"Material=Neon, Color=255,232,205 (CyberpunkConfig.NeonColors)",2,
A,A_S_05_Zakkyo__STL,CP_Steel,STL,T_Steel_Color.png;T_Steel_Normal.png;T_Steel_Roughness.png;T_Steel_Metalness.png,SurfaceAppearance,600,
A,A_S_05_Zakkyo__TEC,CP_TechPanel,TEC,T_TechPanel_Color.png;T_TechPanel_Normal.png;T_TechPanel_Roughness.png;T_TechPanel_Metalness.png,SurfaceAppearance,2,
A,A_S_05_Zakkyo__WIN_PNK,CP_WIN_PNK,WIN_PNK,F_WIN_PNK.png (swatch only),"Material=Neon, Color=255,120,200 (CyberpunkConfig.NeonColors)",22,
A,A_S_05_Zakkyo__WIN_VIO,CP_WIN_VIO,WIN_VIO,F_WIN_VIO.png (swatch only),"Material=Neon, Color=170,130,255 (CyberpunkConfig.NeonColors)",2,
A,A_S_05_Zakkyo__WIN_WRM,CP_WIN_WRM,WIN_WRM,F_WIN_WRM.png (swatch only),"Material=Neon, Color=255,190,125 (CyberpunkConfig.NeonColors)",158,
A,A_S_06_Modern_P02_HVAC_L__MEC,CP_Mechanical,MEC,T_Mechanical_Color.png;T_Mechanical_Normal.png;T_Mechanical_Roughness.png;T_Mechanical_Metalness.png,SurfaceAppearance,76,PROTO_HVAC_L__MEC
A,A_S_06_Modern_P03_DISH__MEC,CP_Mechanical,MEC,T_Mechanical_Color.png;T_Mechanical_Normal.png;T_Mechanical_Roughness.png;T_Mechanical_Metalness.png,SurfaceAppearance,22,PROTO_DISH__MEC
A,A_S_06_Modern_P04_VENT__MEC,CP_Mechanical,MEC,T_Mechanical_Color.png;T_Mechanical_Normal.png;T_Mechanical_Roughness.png;T_Mechanical_Metalness.png,SurfaceAppearance,44,PROTO_VENT__MEC
A,A_S_06_Modern_P05_HVAC_S__MEC,CP_Mechanical,MEC,T_Mechanical_Color.png;T_Mechanical_Normal.png;T_Mechanical_Roughness.png;T_Mechanical_Metalness.png,SurfaceAppearance,32,PROTO_HVAC_S__MEC
A,A_S_06_Modern_P06_STACK__MEC,CP_Mechanical,MEC,T_Mechanical_Color.png;T_Mechanical_Normal.png;T_Mechanical_Roughness.png;T_Mechanical_Metalness.png,SurfaceAppearance,128,PROTO_STACK__MEC
A,A_S_06_Modern_P07_HVAC_L__MEC,CP_Mechanical,MEC,T_Mechanical_Color.png;T_Mechanical_Normal.png;T_Mechanical_Roughness.png;T_Mechanical_Metalness.png,SurfaceAppearance,76,PROTO_HVAC_L__MEC
A,A_S_06_Modern_P08_VENT__MEC,CP_Mechanical,MEC,T_Mechanical_Color.png;T_Mechanical_Normal.png;T_Mechanical_Roughness.png;T_Mechanical_Metalness.png,SurfaceAppearance,44,PROTO_VENT__MEC
A,A_S_06_Modern_P09_FANBOX__MEC,CP_Mechanical,MEC,T_Mechanical_Color.png;T_Mechanical_Normal.png;T_Mechanical_Roughness.png;T_Mechanical_Metalness.png,SurfaceAppearance,50,PROTO_FANBOX__MEC
A,A_S_06_Modern_P10_DISH__MEC,CP_Mechanical,MEC,T_Mechanical_Color.png;T_Mechanical_Normal.png;T_Mechanical_Roughness.png;T_Mechanical_Metalness.png,SurfaceAppearance,22,PROTO_DISH__MEC
A,A_S_06_Modern_P11_VENT__MEC,CP_Mechanical,MEC,T_Mechanical_Color.png;T_Mechanical_Normal.png;T_Mechanical_Roughness.png;T_Mechanical_Metalness.png,SurfaceAppearance,44,PROTO_VENT__MEC
A,A_S_06_Modern_V01_VEND_BODY__PNL,CP_PanelMetal,PNL,T_PanelMetal_Color.png;T_PanelMetal_Normal.png;T_PanelMetal_Roughness.png;T_PanelMetal_Metalness.png,SurfaceAppearance,10,PROTO_VEND_BODY__PNL
A,A_S_06_Modern_V01_VEND_FACE__SHOP_LIT,CP_SHOP_LIT,SHOP_LIT,F_SHOP_LIT.png (swatch only),"Material=Neon, Color=255,232,205 (CyberpunkConfig.NeonColors)",2,PROTO_VEND_FACE__SHOP_LIT
A,A_S_06_Modern__CON,CP_ConcreteDark,CON,T_ConcreteDark_Color.png;T_ConcreteDark_Normal.png;T_ConcreteDark_Roughness.png;T_ConcreteDark_Metalness.png,SurfaceAppearance,152,
A,A_S_06_Modern__GLS,CP_GlassCurtain,GLS,T_GlassCurtain_Color.png;T_GlassCurtain_Normal.png;T_GlassCurtain_Roughness.png;T_GlassCurtain_Metalness.png,SurfaceAppearance (Color/Normal/Roughness/Metalness),16,
A,A_S_06_Modern__MEC,CP_Mechanical,MEC,T_Mechanical_Color.png;T_Mechanical_Normal.png;T_Mechanical_Roughness.png;T_Mechanical_Metalness.png,SurfaceAppearance,70,
A,A_S_06_Modern__NEON_AMB,CP_NEON_AMB,NEON_AMB,F_NEON_AMB.png (swatch only),"Material=Neon, Color=255,150,25 (CyberpunkConfig.NeonColors)",22,
A,A_S_06_Modern__NEON_CYN,CP_NEON_CYN,NEON_CYN,F_NEON_CYN.png (swatch only),"Material=Neon, Color=0,230,255 (CyberpunkConfig.NeonColors)",10,
A,A_S_06_Modern__NEON_RED,CP_NEON_RED,NEON_RED,F_NEON_RED.png (swatch only),"Material=Neon, Color=255,32,45 (CyberpunkConfig.NeonColors)",44,
A,A_S_06_Modern__NEON_VIO,CP_NEON_VIO,NEON_VIO,F_NEON_VIO.png (swatch only),"Material=Neon, Color=150,45,255 (CyberpunkConfig.NeonColors)",30,
A,A_S_06_Modern__PNL,CP_PanelMetal,PNL,T_PanelMetal_Color.png;T_PanelMetal_Normal.png;T_PanelMetal_Roughness.png;T_PanelMetal_Metalness.png,SurfaceAppearance,112,
A,A_S_06_Modern__ROF,CP_RoofDeck,ROF,T_RoofDeck_Color.png;T_RoofDeck_Normal.png;T_RoofDeck_Roughness.png;T_RoofDeck_Metalness.png,SurfaceAppearance,16,
A,A_S_06_Modern__SGH,CP_SignsH,SGH,signs_h.png,TextureID / SurfaceAppearance ColorMap (atlas),8,
A,A_S_06_Modern__SGV,CP_SignsV,SGV,signs_v.png,TextureID / SurfaceAppearance ColorMap (atlas),6,
A,A_S_06_Modern__STL,CP_Steel,STL,T_Steel_Color.png;T_Steel_Normal.png;T_Steel_Roughness.png;T_Steel_Metalness.png,SurfaceAppearance,1880,
A,A_S_06_Modern__WIN_COL,CP_WIN_COL,WIN_COL,F_WIN_COL.png (swatch only),"Material=Neon, Color=140,195,255 (CyberpunkConfig.NeonColors)",248,
A,A_S_06_Modern__WIN_VIO,CP_WIN_VIO,WIN_VIO,F_WIN_VIO.png (swatch only),"Material=Neon, Color=170,130,255 (CyberpunkConfig.NeonColors)",2,
A,A_S_07_LMRooftop_P01_STACK__MEC,CP_Mechanical,MEC,T_Mechanical_Color.png;T_Mechanical_Normal.png;T_Mechanical_Roughness.png;T_Mechanical_Metalness.png,SurfaceAppearance,128,PROTO_STACK__MEC
A,A_S_07_LMRooftop_P02_DISH__MEC,CP_Mechanical,MEC,T_Mechanical_Color.png;T_Mechanical_Normal.png;T_Mechanical_Roughness.png;T_Mechanical_Metalness.png,SurfaceAppearance,22,PROTO_DISH__MEC
A,A_S_07_LMRooftop_P03_HVAC_L__MEC,CP_Mechanical,MEC,T_Mechanical_Color.png;T_Mechanical_Normal.png;T_Mechanical_Roughness.png;T_Mechanical_Metalness.png,SurfaceAppearance,76,PROTO_HVAC_L__MEC
A,A_S_07_LMRooftop_P04_HVAC_L__MEC,CP_Mechanical,MEC,T_Mechanical_Color.png;T_Mechanical_Normal.png;T_Mechanical_Roughness.png;T_Mechanical_Metalness.png,SurfaceAppearance,76,PROTO_HVAC_L__MEC
A,A_S_07_LMRooftop_P05_DISH__MEC,CP_Mechanical,MEC,T_Mechanical_Color.png;T_Mechanical_Normal.png;T_Mechanical_Roughness.png;T_Mechanical_Metalness.png,SurfaceAppearance,22,PROTO_DISH__MEC
A,A_S_07_LMRooftop_P06_STACK__MEC,CP_Mechanical,MEC,T_Mechanical_Color.png;T_Mechanical_Normal.png;T_Mechanical_Roughness.png;T_Mechanical_Metalness.png,SurfaceAppearance,128,PROTO_STACK__MEC
A,A_S_07_LMRooftop__CON,CP_ConcreteDark,CON,T_ConcreteDark_Color.png;T_ConcreteDark_Normal.png;T_ConcreteDark_Roughness.png;T_ConcreteDark_Metalness.png,SurfaceAppearance,114,
A,A_S_07_LMRooftop__GLS,CP_GlassCurtain,GLS,T_GlassCurtain_Color.png;T_GlassCurtain_Normal.png;T_GlassCurtain_Roughness.png;T_GlassCurtain_Metalness.png,SurfaceAppearance (Color/Normal/Roughness/Metalness),14,
A,A_S_07_LMRooftop__MEC,CP_Mechanical,MEC,T_Mechanical_Color.png;T_Mechanical_Normal.png;T_Mechanical_Roughness.png;T_Mechanical_Metalness.png,SurfaceAppearance,108,
A,A_S_07_LMRooftop__NEON_AMB,CP_NEON_AMB,NEON_AMB,F_NEON_AMB.png (swatch only),"Material=Neon, Color=255,150,25 (CyberpunkConfig.NeonColors)",22,
A,A_S_07_LMRooftop__NEON_BLU,CP_NEON_BLU,NEON_BLU,F_NEON_BLU.png (swatch only),"Material=Neon, Color=30,95,255 (CyberpunkConfig.NeonColors)",220,
A,A_S_07_LMRooftop__NEON_MAG,CP_NEON_MAG,NEON_MAG,F_NEON_MAG.png (swatch only),"Material=Neon, Color=255,25,175 (CyberpunkConfig.NeonColors)",230,
A,A_S_07_LMRooftop__NEON_RED,CP_NEON_RED,NEON_RED,F_NEON_RED.png (swatch only),"Material=Neon, Color=255,32,45 (CyberpunkConfig.NeonColors)",44,
A,A_S_07_LMRooftop__NEON_WHT,CP_NEON_WHT,NEON_WHT,F_NEON_WHT.png (swatch only),"Material=Neon, Color=215,228,255 (CyberpunkConfig.NeonColors)",106,
A,A_S_07_LMRooftop__PNL,CP_PanelMetal,PNL,T_PanelMetal_Color.png;T_PanelMetal_Normal.png;T_PanelMetal_Roughness.png;T_PanelMetal_Metalness.png,SurfaceAppearance,212,
A,A_S_07_LMRooftop__RIB,CP_GlassRibbon,RIB,T_GlassRibbon_Color.png;T_GlassRibbon_Normal.png;T_GlassRibbon_Roughness.png;T_GlassRibbon_Metalness.png,SurfaceAppearance,6,
A,A_S_07_LMRooftop__ROF,CP_RoofDeck,ROF,T_RoofDeck_Color.png;T_RoofDeck_Normal.png;T_RoofDeck_Roughness.png;T_RoofDeck_Metalness.png,SurfaceAppearance,14,
A,A_S_07_LMRooftop__SGH,CP_SignsH,SGH,signs_h.png,TextureID / SurfaceAppearance ColorMap (atlas),20,
A,A_S_07_LMRooftop__SGV,CP_SignsV,SGV,signs_v.png,TextureID / SurfaceAppearance ColorMap (atlas),10,
A,A_S_07_LMRooftop__SHOP_LIT,CP_SHOP_LIT,SHOP_LIT,F_SHOP_LIT.png (swatch only),"Material=Neon, Color=255,232,205 (CyberpunkConfig.NeonColors)",2,
A,A_S_07_LMRooftop__STL,CP_Steel,STL,T_Steel_Color.png;T_Steel_Normal.png;T_Steel_Roughness.png;T_Steel_Metalness.png,SurfaceAppearance,3550,
A,A_S_07_LMRooftop__WIN_COL,CP_WIN_COL,WIN_COL,F_WIN_COL.png (swatch only),"Material=Neon, Color=140,195,255 (CyberpunkConfig.NeonColors)",588,
A,A_S_07_LMRooftop__WIN_PNK,CP_WIN_PNK,WIN_PNK,F_WIN_PNK.png (swatch only),"Material=Neon, Color=255,120,200 (CyberpunkConfig.NeonColors)",84,
A,A_S_07_LMRooftop__WIN_WRM,CP_WIN_WRM,WIN_WRM,F_WIN_WRM.png (swatch only),"Material=Neon, Color=255,190,125 (CyberpunkConfig.NeonColors)",2,
A,A_S_08_Zakkyo_P02_HVAC_S__MEC,CP_Mechanical,MEC,T_Mechanical_Color.png;T_Mechanical_Normal.png;T_Mechanical_Roughness.png;T_Mechanical_Metalness.png,SurfaceAppearance,32,PROTO_HVAC_S__MEC
A,A_S_08_Zakkyo_P03_DISH__MEC,CP_Mechanical,MEC,T_Mechanical_Color.png;T_Mechanical_Normal.png;T_Mechanical_Roughness.png;T_Mechanical_Metalness.png,SurfaceAppearance,22,PROTO_DISH__MEC
A,A_S_08_Zakkyo_P04_VENT__MEC,CP_Mechanical,MEC,T_Mechanical_Color.png;T_Mechanical_Normal.png;T_Mechanical_Roughness.png;T_Mechanical_Metalness.png,SurfaceAppearance,44,PROTO_VENT__MEC
A,A_S_08_Zakkyo_P05_HVAC_S__MEC,CP_Mechanical,MEC,T_Mechanical_Color.png;T_Mechanical_Normal.png;T_Mechanical_Roughness.png;T_Mechanical_Metalness.png,SurfaceAppearance,32,PROTO_HVAC_S__MEC
A,A_S_08_Zakkyo_P06_DISH__MEC,CP_Mechanical,MEC,T_Mechanical_Color.png;T_Mechanical_Normal.png;T_Mechanical_Roughness.png;T_Mechanical_Metalness.png,SurfaceAppearance,22,PROTO_DISH__MEC
A,A_S_08_Zakkyo_P07_STACK__MEC,CP_Mechanical,MEC,T_Mechanical_Color.png;T_Mechanical_Normal.png;T_Mechanical_Roughness.png;T_Mechanical_Metalness.png,SurfaceAppearance,128,PROTO_STACK__MEC
A,A_S_08_Zakkyo_P08_TANK__MEC,CP_Mechanical,MEC,T_Mechanical_Color.png;T_Mechanical_Normal.png;T_Mechanical_Roughness.png;T_Mechanical_Metalness.png,SurfaceAppearance,84,PROTO_TANK__MEC
A,A_S_08_Zakkyo_P09_DISH__MEC,CP_Mechanical,MEC,T_Mechanical_Color.png;T_Mechanical_Normal.png;T_Mechanical_Roughness.png;T_Mechanical_Metalness.png,SurfaceAppearance,22,PROTO_DISH__MEC
A,A_S_08_Zakkyo_P10_DISH__MEC,CP_Mechanical,MEC,T_Mechanical_Color.png;T_Mechanical_Normal.png;T_Mechanical_Roughness.png;T_Mechanical_Metalness.png,SurfaceAppearance,22,PROTO_DISH__MEC
A,A_S_08_Zakkyo_P11_STACK__MEC,CP_Mechanical,MEC,T_Mechanical_Color.png;T_Mechanical_Normal.png;T_Mechanical_Roughness.png;T_Mechanical_Metalness.png,SurfaceAppearance,128,PROTO_STACK__MEC
A,A_S_08_Zakkyo_P12_VENT__MEC,CP_Mechanical,MEC,T_Mechanical_Color.png;T_Mechanical_Normal.png;T_Mechanical_Roughness.png;T_Mechanical_Metalness.png,SurfaceAppearance,44,PROTO_VENT__MEC
A,A_S_08_Zakkyo_P13_GEN__MEC,CP_Mechanical,MEC,T_Mechanical_Color.png;T_Mechanical_Normal.png;T_Mechanical_Roughness.png;T_Mechanical_Metalness.png,SurfaceAppearance,70,PROTO_GEN__MEC
A,A_S_08_Zakkyo_P14_VENT__MEC,CP_Mechanical,MEC,T_Mechanical_Color.png;T_Mechanical_Normal.png;T_Mechanical_Roughness.png;T_Mechanical_Metalness.png,SurfaceAppearance,44,PROTO_VENT__MEC
A,A_S_08_Zakkyo_P15_VENT__MEC,CP_Mechanical,MEC,T_Mechanical_Color.png;T_Mechanical_Normal.png;T_Mechanical_Roughness.png;T_Mechanical_Metalness.png,SurfaceAppearance,44,PROTO_VENT__MEC
A,A_S_08_Zakkyo_P16_STACK__MEC,CP_Mechanical,MEC,T_Mechanical_Color.png;T_Mechanical_Normal.png;T_Mechanical_Roughness.png;T_Mechanical_Metalness.png,SurfaceAppearance,128,PROTO_STACK__MEC
A,A_S_08_Zakkyo_V01_VEND_BODY__PNL,CP_PanelMetal,PNL,T_PanelMetal_Color.png;T_PanelMetal_Normal.png;T_PanelMetal_Roughness.png;T_PanelMetal_Metalness.png,SurfaceAppearance,10,PROTO_VEND_BODY__PNL
A,A_S_08_Zakkyo_V01_VEND_FACE__SHOP_LIT,CP_SHOP_LIT,SHOP_LIT,F_SHOP_LIT.png (swatch only),"Material=Neon, Color=255,232,205 (CyberpunkConfig.NeonColors)",2,PROTO_VEND_FACE__SHOP_LIT
A,A_S_08_Zakkyo__CON,CP_ConcreteDark,CON,T_ConcreteDark_Color.png;T_ConcreteDark_Normal.png;T_ConcreteDark_Roughness.png;T_ConcreteDark_Metalness.png,SurfaceAppearance,140,
A,A_S_08_Zakkyo__GLS,CP_GlassCurtain,GLS,T_GlassCurtain_Color.png;T_GlassCurtain_Normal.png;T_GlassCurtain_Roughness.png;T_GlassCurtain_Metalness.png,SurfaceAppearance (Color/Normal/Roughness/Metalness),2,
A,A_S_08_Zakkyo__MEC,CP_Mechanical,MEC,T_Mechanical_Color.png;T_Mechanical_Normal.png;T_Mechanical_Roughness.png;T_Mechanical_Metalness.png,SurfaceAppearance,80,
A,A_S_08_Zakkyo__NEON_AMB,CP_NEON_AMB,NEON_AMB,F_NEON_AMB.png (swatch only),"Material=Neon, Color=255,150,25 (CyberpunkConfig.NeonColors)",24,
A,A_S_08_Zakkyo__NEON_CYN,CP_NEON_CYN,NEON_CYN,F_NEON_CYN.png (swatch only),"Material=Neon, Color=0,230,255 (CyberpunkConfig.NeonColors)",100,
A,A_S_08_Zakkyo__NEON_RED,CP_NEON_RED,NEON_RED,F_NEON_RED.png (swatch only),"Material=Neon, Color=255,32,45 (CyberpunkConfig.NeonColors)",32,
A,A_S_08_Zakkyo__NEON_VIO,CP_NEON_VIO,NEON_VIO,F_NEON_VIO.png (swatch only),"Material=Neon, Color=150,45,255 (CyberpunkConfig.NeonColors)",110,
A,A_S_08_Zakkyo__NEON_WHT,CP_NEON_WHT,NEON_WHT,F_NEON_WHT.png (swatch only),"Material=Neon, Color=215,228,255 (CyberpunkConfig.NeonColors)",58,
A,A_S_08_Zakkyo__PNL,CP_PanelMetal,PNL,T_PanelMetal_Color.png;T_PanelMetal_Normal.png;T_PanelMetal_Roughness.png;T_PanelMetal_Metalness.png,SurfaceAppearance,34,
A,A_S_08_Zakkyo__RIB,CP_GlassRibbon,RIB,T_GlassRibbon_Color.png;T_GlassRibbon_Normal.png;T_GlassRibbon_Roughness.png;T_GlassRibbon_Metalness.png,SurfaceAppearance,6,
A,A_S_08_Zakkyo__ROF,CP_RoofDeck,ROF,T_RoofDeck_Color.png;T_RoofDeck_Normal.png;T_RoofDeck_Roughness.png;T_RoofDeck_Metalness.png,SurfaceAppearance,6,
A,A_S_08_Zakkyo__SGH,CP_SignsH,SGH,signs_h.png,TextureID / SurfaceAppearance ColorMap (atlas),20,
A,A_S_08_Zakkyo__SGV,CP_SignsV,SGV,signs_v.png,TextureID / SurfaceAppearance ColorMap (atlas),18,
A,A_S_08_Zakkyo__STL,CP_Steel,STL,T_Steel_Color.png;T_Steel_Normal.png;T_Steel_Roughness.png;T_Steel_Metalness.png,SurfaceAppearance,1162,
A,A_S_08_Zakkyo__TEC,CP_TechPanel,TEC,T_TechPanel_Color.png;T_TechPanel_Normal.png;T_TechPanel_Roughness.png;T_TechPanel_Metalness.png,SurfaceAppearance,2,
A,A_S_08_Zakkyo__WIN_VIO,CP_WIN_VIO,WIN_VIO,F_WIN_VIO.png (swatch only),"Material=Neon, Color=170,130,255 (CyberpunkConfig.NeonColors)",24,
A,A_S_08_Zakkyo__WIN_WRM,CP_WIN_WRM,WIN_WRM,F_WIN_WRM.png (swatch only),"Material=Neon, Color=255,190,125 (CyberpunkConfig.NeonColors)",162,
A,A_S_09_Modern_P01_HVAC_S__MEC,CP_Mechanical,MEC,T_Mechanical_Color.png;T_Mechanical_Normal.png;T_Mechanical_Roughness.png;T_Mechanical_Metalness.png,SurfaceAppearance,32,PROTO_HVAC_S__MEC
A,A_S_09_Modern_P02_HVAC_S__MEC,CP_Mechanical,MEC,T_Mechanical_Color.png;T_Mechanical_Normal.png;T_Mechanical_Roughness.png;T_Mechanical_Metalness.png,SurfaceAppearance,32,PROTO_HVAC_S__MEC
A,A_S_09_Modern_P03_GEN__MEC,CP_Mechanical,MEC,T_Mechanical_Color.png;T_Mechanical_Normal.png;T_Mechanical_Roughness.png;T_Mechanical_Metalness.png,SurfaceAppearance,70,PROTO_GEN__MEC
A,A_S_09_Modern_P04_HVAC_S__MEC,CP_Mechanical,MEC,T_Mechanical_Color.png;T_Mechanical_Normal.png;T_Mechanical_Roughness.png;T_Mechanical_Metalness.png,SurfaceAppearance,32,PROTO_HVAC_S__MEC
A,A_S_09_Modern_P05_STACK__MEC,CP_Mechanical,MEC,T_Mechanical_Color.png;T_Mechanical_Normal.png;T_Mechanical_Roughness.png;T_Mechanical_Metalness.png,SurfaceAppearance,128,PROTO_STACK__MEC
A,A_S_09_Modern_P06_VENT__MEC,CP_Mechanical,MEC,T_Mechanical_Color.png;T_Mechanical_Normal.png;T_Mechanical_Roughness.png;T_Mechanical_Metalness.png,SurfaceAppearance,44,PROTO_VENT__MEC
A,A_S_09_Modern_P07_HVAC_S__MEC,CP_Mechanical,MEC,T_Mechanical_Color.png;T_Mechanical_Normal.png;T_Mechanical_Roughness.png;T_Mechanical_Metalness.png,SurfaceAppearance,32,PROTO_HVAC_S__MEC
A,A_S_09_Modern_P08_VENT__MEC,CP_Mechanical,MEC,T_Mechanical_Color.png;T_Mechanical_Normal.png;T_Mechanical_Roughness.png;T_Mechanical_Metalness.png,SurfaceAppearance,44,PROTO_VENT__MEC
A,A_S_09_Modern_P09_VENT__MEC,CP_Mechanical,MEC,T_Mechanical_Color.png;T_Mechanical_Normal.png;T_Mechanical_Roughness.png;T_Mechanical_Metalness.png,SurfaceAppearance,44,PROTO_VENT__MEC
A,A_S_09_Modern_P10_DISH__MEC,CP_Mechanical,MEC,T_Mechanical_Color.png;T_Mechanical_Normal.png;T_Mechanical_Roughness.png;T_Mechanical_Metalness.png,SurfaceAppearance,22,PROTO_DISH__MEC
A,A_S_09_Modern__CON,CP_ConcreteDark,CON,T_ConcreteDark_Color.png;T_ConcreteDark_Normal.png;T_ConcreteDark_Roughness.png;T_ConcreteDark_Metalness.png,SurfaceAppearance,212,
A,A_S_09_Modern__GLS,CP_GlassCurtain,GLS,T_GlassCurtain_Color.png;T_GlassCurtain_Normal.png;T_GlassCurtain_Roughness.png;T_GlassCurtain_Metalness.png,SurfaceAppearance (Color/Normal/Roughness/Metalness),26,
A,A_S_09_Modern__MEC,CP_Mechanical,MEC,T_Mechanical_Color.png;T_Mechanical_Normal.png;T_Mechanical_Roughness.png;T_Mechanical_Metalness.png,SurfaceAppearance,40,
A,A_S_09_Modern__NEON_CYN,CP_NEON_CYN,NEON_CYN,F_NEON_CYN.png (swatch only),"Material=Neon, Color=0,230,255 (CyberpunkConfig.NeonColors)",66,
A,A_S_09_Modern__NEON_VIO,CP_NEON_VIO,NEON_VIO,F_NEON_VIO.png (swatch only),"Material=Neon, Color=150,45,255 (CyberpunkConfig.NeonColors)",10,
A,A_S_09_Modern__NEON_WHT,CP_NEON_WHT,NEON_WHT,F_NEON_WHT.png (swatch only),"Material=Neon, Color=215,228,255 (CyberpunkConfig.NeonColors)",40,
A,A_S_09_Modern__PNL,CP_PanelMetal,PNL,T_PanelMetal_Color.png;T_PanelMetal_Normal.png;T_PanelMetal_Roughness.png;T_PanelMetal_Metalness.png,SurfaceAppearance,54,
A,A_S_09_Modern__ROF,CP_RoofDeck,ROF,T_RoofDeck_Color.png;T_RoofDeck_Normal.png;T_RoofDeck_Roughness.png;T_RoofDeck_Metalness.png,SurfaceAppearance,16,
A,A_S_09_Modern__SGH,CP_SignsH,SGH,signs_h.png,TextureID / SurfaceAppearance ColorMap (atlas),14,
A,A_S_09_Modern__SGV,CP_SignsV,SGV,signs_v.png,TextureID / SurfaceAppearance ColorMap (atlas),2,
A,A_S_09_Modern__STL,CP_Steel,STL,T_Steel_Color.png;T_Steel_Normal.png;T_Steel_Roughness.png;T_Steel_Metalness.png,SurfaceAppearance,938,
A,A_S_09_Modern__WIN_PNK,CP_WIN_PNK,WIN_PNK,F_WIN_PNK.png (swatch only),"Material=Neon, Color=255,120,200 (CyberpunkConfig.NeonColors)",22,
A,A_S_09_Modern__WIN_VIO,CP_WIN_VIO,WIN_VIO,F_WIN_VIO.png (swatch only),"Material=Neon, Color=170,130,255 (CyberpunkConfig.NeonColors)",2,
A,A_S_09_Modern__WIN_WRM,CP_WIN_WRM,WIN_WRM,F_WIN_WRM.png (swatch only),"Material=Neon, Color=255,190,125 (CyberpunkConfig.NeonColors)",156,
A,A_S_10_Pencil_P01_GEN__MEC,CP_Mechanical,MEC,T_Mechanical_Color.png;T_Mechanical_Normal.png;T_Mechanical_Roughness.png;T_Mechanical_Metalness.png,SurfaceAppearance,70,PROTO_GEN__MEC
A,A_S_10_Pencil_P02_DISH__MEC,CP_Mechanical,MEC,T_Mechanical_Color.png;T_Mechanical_Normal.png;T_Mechanical_Roughness.png;T_Mechanical_Metalness.png,SurfaceAppearance,22,PROTO_DISH__MEC
A,A_S_10_Pencil_P03_VENT__MEC,CP_Mechanical,MEC,T_Mechanical_Color.png;T_Mechanical_Normal.png;T_Mechanical_Roughness.png;T_Mechanical_Metalness.png,SurfaceAppearance,44,PROTO_VENT__MEC
A,A_S_10_Pencil_P04_HVAC_S__MEC,CP_Mechanical,MEC,T_Mechanical_Color.png;T_Mechanical_Normal.png;T_Mechanical_Roughness.png;T_Mechanical_Metalness.png,SurfaceAppearance,32,PROTO_HVAC_S__MEC
A,A_S_10_Pencil__CON,CP_ConcreteDark,CON,T_ConcreteDark_Color.png;T_ConcreteDark_Normal.png;T_ConcreteDark_Roughness.png;T_ConcreteDark_Metalness.png,SurfaceAppearance,72,
A,A_S_10_Pencil__GLS,CP_GlassCurtain,GLS,T_GlassCurtain_Color.png;T_GlassCurtain_Normal.png;T_GlassCurtain_Roughness.png;T_GlassCurtain_Metalness.png,SurfaceAppearance (Color/Normal/Roughness/Metalness),2,
A,A_S_10_Pencil__MEC,CP_Mechanical,MEC,T_Mechanical_Color.png;T_Mechanical_Normal.png;T_Mechanical_Roughness.png;T_Mechanical_Metalness.png,SurfaceAppearance,40,
A,A_S_10_Pencil__NEON_AMB,CP_NEON_AMB,NEON_AMB,F_NEON_AMB.png (swatch only),"Material=Neon, Color=255,150,25 (CyberpunkConfig.NeonColors)",24,
A,A_S_10_Pencil__NEON_MAG,CP_NEON_MAG,NEON_MAG,F_NEON_MAG.png (swatch only),"Material=Neon, Color=255,25,175 (CyberpunkConfig.NeonColors)",20,
A,A_S_10_Pencil__NEON_RED,CP_NEON_RED,NEON_RED,F_NEON_RED.png (swatch only),"Material=Neon, Color=255,32,45 (CyberpunkConfig.NeonColors)",68,
A,A_S_10_Pencil__PNL,CP_PanelMetal,PNL,T_PanelMetal_Color.png;T_PanelMetal_Normal.png;T_PanelMetal_Roughness.png;T_PanelMetal_Metalness.png,SurfaceAppearance,26,
A,A_S_10_Pencil__ROF,CP_RoofDeck,ROF,T_RoofDeck_Color.png;T_RoofDeck_Normal.png;T_RoofDeck_Roughness.png;T_RoofDeck_Metalness.png,SurfaceAppearance,6,
A,A_S_10_Pencil__SGH,CP_SignsH,SGH,signs_h.png,TextureID / SurfaceAppearance ColorMap (atlas),4,
A,A_S_10_Pencil__SGV,CP_SignsV,SGV,signs_v.png,TextureID / SurfaceAppearance ColorMap (atlas),6,
A,A_S_10_Pencil__SHOP_LIT,CP_SHOP_LIT,SHOP_LIT,F_SHOP_LIT.png (swatch only),"Material=Neon, Color=255,232,205 (CyberpunkConfig.NeonColors)",2,
A,A_S_10_Pencil__STL,CP_Steel,STL,T_Steel_Color.png;T_Steel_Normal.png;T_Steel_Roughness.png;T_Steel_Metalness.png,SurfaceAppearance,412,
A,A_S_10_Pencil__TEC,CP_TechPanel,TEC,T_TechPanel_Color.png;T_TechPanel_Normal.png;T_TechPanel_Roughness.png;T_TechPanel_Metalness.png,SurfaceAppearance,6,
A,A_S_10_Pencil__WIN_PNK,CP_WIN_PNK,WIN_PNK,F_WIN_PNK.png (swatch only),"Material=Neon, Color=255,120,200 (CyberpunkConfig.NeonColors)",94,
A,A_S_11_Modern_P01_DISH__MEC,CP_Mechanical,MEC,T_Mechanical_Color.png;T_Mechanical_Normal.png;T_Mechanical_Roughness.png;T_Mechanical_Metalness.png,SurfaceAppearance,22,PROTO_DISH__MEC
A,A_S_11_Modern_P02_GEN__MEC,CP_Mechanical,MEC,T_Mechanical_Color.png;T_Mechanical_Normal.png;T_Mechanical_Roughness.png;T_Mechanical_Metalness.png,SurfaceAppearance,70,PROTO_GEN__MEC
A,A_S_11_Modern_P03_TANK__MEC,CP_Mechanical,MEC,T_Mechanical_Color.png;T_Mechanical_Normal.png;T_Mechanical_Roughness.png;T_Mechanical_Metalness.png,SurfaceAppearance,84,PROTO_TANK__MEC
A,A_S_11_Modern_P04_TANK__MEC,CP_Mechanical,MEC,T_Mechanical_Color.png;T_Mechanical_Normal.png;T_Mechanical_Roughness.png;T_Mechanical_Metalness.png,SurfaceAppearance,84,PROTO_TANK__MEC
A,A_S_11_Modern_P05_STACK__MEC,CP_Mechanical,MEC,T_Mechanical_Color.png;T_Mechanical_Normal.png;T_Mechanical_Roughness.png;T_Mechanical_Metalness.png,SurfaceAppearance,128,PROTO_STACK__MEC
A,A_S_11_Modern_P06_TANK__MEC,CP_Mechanical,MEC,T_Mechanical_Color.png;T_Mechanical_Normal.png;T_Mechanical_Roughness.png;T_Mechanical_Metalness.png,SurfaceAppearance,84,PROTO_TANK__MEC
A,A_S_11_Modern_P07_VENT__MEC,CP_Mechanical,MEC,T_Mechanical_Color.png;T_Mechanical_Normal.png;T_Mechanical_Roughness.png;T_Mechanical_Metalness.png,SurfaceAppearance,44,PROTO_VENT__MEC
A,A_S_11_Modern_P08_STACK__MEC,CP_Mechanical,MEC,T_Mechanical_Color.png;T_Mechanical_Normal.png;T_Mechanical_Roughness.png;T_Mechanical_Metalness.png,SurfaceAppearance,128,PROTO_STACK__MEC
A,A_S_11_Modern_P09_GEN__MEC,CP_Mechanical,MEC,T_Mechanical_Color.png;T_Mechanical_Normal.png;T_Mechanical_Roughness.png;T_Mechanical_Metalness.png,SurfaceAppearance,70,PROTO_GEN__MEC
A,A_S_11_Modern__CON,CP_ConcreteDark,CON,T_ConcreteDark_Color.png;T_ConcreteDark_Normal.png;T_ConcreteDark_Roughness.png;T_ConcreteDark_Metalness.png,SurfaceAppearance,108,
A,A_S_11_Modern__GLS,CP_GlassCurtain,GLS,T_GlassCurtain_Color.png;T_GlassCurtain_Normal.png;T_GlassCurtain_Roughness.png;T_GlassCurtain_Metalness.png,SurfaceAppearance (Color/Normal/Roughness/Metalness),6,
A,A_S_11_Modern__MEC,CP_Mechanical,MEC,T_Mechanical_Color.png;T_Mechanical_Normal.png;T_Mechanical_Roughness.png;T_Mechanical_Metalness.png,SurfaceAppearance,210,
A,A_S_11_Modern__NEON_AMB,CP_NEON_AMB,NEON_AMB,F_NEON_AMB.png (swatch only),"Material=Neon, Color=255,150,25 (CyberpunkConfig.NeonColors)",36,
A,A_S_11_Modern__NEON_BLU,CP_NEON_BLU,NEON_BLU,F_NEON_BLU.png (swatch only),"Material=Neon, Color=30,95,255 (CyberpunkConfig.NeonColors)",10,
A,A_S_11_Modern__NEON_MAG,CP_NEON_MAG,NEON_MAG,F_NEON_MAG.png (swatch only),"Material=Neon, Color=255,25,175 (CyberpunkConfig.NeonColors)",10,
A,A_S_11_Modern__NEON_RED,CP_NEON_RED,NEON_RED,F_NEON_RED.png (swatch only),"Material=Neon, Color=255,32,45 (CyberpunkConfig.NeonColors)",48,
A,A_S_11_Modern__NEON_WHT,CP_NEON_WHT,NEON_WHT,F_NEON_WHT.png (swatch only),"Material=Neon, Color=215,228,255 (CyberpunkConfig.NeonColors)",10,
A,A_S_11_Modern__PNL,CP_PanelMetal,PNL,T_PanelMetal_Color.png;T_PanelMetal_Normal.png;T_PanelMetal_Roughness.png;T_PanelMetal_Metalness.png,SurfaceAppearance,56,
A,A_S_11_Modern__RIB,CP_GlassRibbon,RIB,T_GlassRibbon_Color.png;T_GlassRibbon_Normal.png;T_GlassRibbon_Roughness.png;T_GlassRibbon_Metalness.png,SurfaceAppearance,2,
A,A_S_11_Modern__ROF,CP_RoofDeck,ROF,T_RoofDeck_Color.png;T_RoofDeck_Normal.png;T_RoofDeck_Roughness.png;T_RoofDeck_Metalness.png,SurfaceAppearance,6,
A,A_S_11_Modern__SGH,CP_SignsH,SGH,signs_h.png,TextureID / SurfaceAppearance ColorMap (atlas),6,
A,A_S_11_Modern__SGV,CP_SignsV,SGV,signs_v.png,TextureID / SurfaceAppearance ColorMap (atlas),8,
A,A_S_11_Modern__SHOP_LIT,CP_SHOP_LIT,SHOP_LIT,F_SHOP_LIT.png (swatch only),"Material=Neon, Color=255,232,205 (CyberpunkConfig.NeonColors)",4,
A,A_S_11_Modern__STL,CP_Steel,STL,T_Steel_Color.png;T_Steel_Normal.png;T_Steel_Roughness.png;T_Steel_Metalness.png,SurfaceAppearance,1226,
A,A_S_11_Modern__WIN_WRM,CP_WIN_WRM,WIN_WRM,F_WIN_WRM.png (swatch only),"Material=Neon, Color=255,190,125 (CyberpunkConfig.NeonColors)",314,
A,A_S_12_Zakkyo_P02_VENT__MEC,CP_Mechanical,MEC,T_Mechanical_Color.png;T_Mechanical_Normal.png;T_Mechanical_Roughness.png;T_Mechanical_Metalness.png,SurfaceAppearance,44,PROTO_VENT__MEC
A,A_S_12_Zakkyo_P03_GEN__MEC,CP_Mechanical,MEC,T_Mechanical_Color.png;T_Mechanical_Normal.png;T_Mechanical_Roughness.png;T_Mechanical_Metalness.png,SurfaceAppearance,70,PROTO_GEN__MEC
A,A_S_12_Zakkyo_P04_TANK__MEC,CP_Mechanical,MEC,T_Mechanical_Color.png;T_Mechanical_Normal.png;T_Mechanical_Roughness.png;T_Mechanical_Metalness.png,SurfaceAppearance,84,PROTO_TANK__MEC
A,A_S_12_Zakkyo_P05_STACK__MEC,CP_Mechanical,MEC,T_Mechanical_Color.png;T_Mechanical_Normal.png;T_Mechanical_Roughness.png;T_Mechanical_Metalness.png,SurfaceAppearance,128,PROTO_STACK__MEC
A,A_S_12_Zakkyo_P06_DISH__MEC,CP_Mechanical,MEC,T_Mechanical_Color.png;T_Mechanical_Normal.png;T_Mechanical_Roughness.png;T_Mechanical_Metalness.png,SurfaceAppearance,22,PROTO_DISH__MEC
A,A_S_12_Zakkyo_P07_VENT__MEC,CP_Mechanical,MEC,T_Mechanical_Color.png;T_Mechanical_Normal.png;T_Mechanical_Roughness.png;T_Mechanical_Metalness.png,SurfaceAppearance,44,PROTO_VENT__MEC
A,A_S_12_Zakkyo_P08_VENT__MEC,CP_Mechanical,MEC,T_Mechanical_Color.png;T_Mechanical_Normal.png;T_Mechanical_Roughness.png;T_Mechanical_Metalness.png,SurfaceAppearance,44,PROTO_VENT__MEC
A,A_S_12_Zakkyo_P09_GEN__MEC,CP_Mechanical,MEC,T_Mechanical_Color.png;T_Mechanical_Normal.png;T_Mechanical_Roughness.png;T_Mechanical_Metalness.png,SurfaceAppearance,70,PROTO_GEN__MEC
A,A_S_12_Zakkyo_P10_TANK__MEC,CP_Mechanical,MEC,T_Mechanical_Color.png;T_Mechanical_Normal.png;T_Mechanical_Roughness.png;T_Mechanical_Metalness.png,SurfaceAppearance,84,PROTO_TANK__MEC
A,A_S_12_Zakkyo_P11_HVAC_S__MEC,CP_Mechanical,MEC,T_Mechanical_Color.png;T_Mechanical_Normal.png;T_Mechanical_Roughness.png;T_Mechanical_Metalness.png,SurfaceAppearance,32,PROTO_HVAC_S__MEC
A,A_S_12_Zakkyo_P12_HVAC_S__MEC,CP_Mechanical,MEC,T_Mechanical_Color.png;T_Mechanical_Normal.png;T_Mechanical_Roughness.png;T_Mechanical_Metalness.png,SurfaceAppearance,32,PROTO_HVAC_S__MEC
A,A_S_12_Zakkyo_P13_HVAC_S__MEC,CP_Mechanical,MEC,T_Mechanical_Color.png;T_Mechanical_Normal.png;T_Mechanical_Roughness.png;T_Mechanical_Metalness.png,SurfaceAppearance,32,PROTO_HVAC_S__MEC
A,A_S_12_Zakkyo_P14_VENT__MEC,CP_Mechanical,MEC,T_Mechanical_Color.png;T_Mechanical_Normal.png;T_Mechanical_Roughness.png;T_Mechanical_Metalness.png,SurfaceAppearance,44,PROTO_VENT__MEC
A,A_S_12_Zakkyo_P15_VENT__MEC,CP_Mechanical,MEC,T_Mechanical_Color.png;T_Mechanical_Normal.png;T_Mechanical_Roughness.png;T_Mechanical_Metalness.png,SurfaceAppearance,44,PROTO_VENT__MEC
A,A_S_12_Zakkyo_V01_VEND_BODY__PNL,CP_PanelMetal,PNL,T_PanelMetal_Color.png;T_PanelMetal_Normal.png;T_PanelMetal_Roughness.png;T_PanelMetal_Metalness.png,SurfaceAppearance,10,PROTO_VEND_BODY__PNL
A,A_S_12_Zakkyo_V01_VEND_FACE__SHOP_LIT,CP_SHOP_LIT,SHOP_LIT,F_SHOP_LIT.png (swatch only),"Material=Neon, Color=255,232,205 (CyberpunkConfig.NeonColors)",2,PROTO_VEND_FACE__SHOP_LIT
A,A_S_12_Zakkyo__CON,CP_ConcreteDark,CON,T_ConcreteDark_Color.png;T_ConcreteDark_Normal.png;T_ConcreteDark_Roughness.png;T_ConcreteDark_Metalness.png,SurfaceAppearance,100,
A,A_S_12_Zakkyo__GLS,CP_GlassCurtain,GLS,T_GlassCurtain_Color.png;T_GlassCurtain_Normal.png;T_GlassCurtain_Roughness.png;T_GlassCurtain_Metalness.png,SurfaceAppearance (Color/Normal/Roughness/Metalness),76,
A,A_S_12_Zakkyo__MEC,CP_Mechanical,MEC,T_Mechanical_Color.png;T_Mechanical_Normal.png;T_Mechanical_Roughness.png;T_Mechanical_Metalness.png,SurfaceAppearance,270,
A,A_S_12_Zakkyo__NEON_MAG,CP_NEON_MAG,NEON_MAG,F_NEON_MAG.png (swatch only),"Material=Neon, Color=255,25,175 (CyberpunkConfig.NeonColors)",20,
A,A_S_12_Zakkyo__NEON_RED,CP_NEON_RED,NEON_RED,F_NEON_RED.png (swatch only),"Material=Neon, Color=255,32,45 (CyberpunkConfig.NeonColors)",42,
A,A_S_12_Zakkyo__NEON_VIO,CP_NEON_VIO,NEON_VIO,F_NEON_VIO.png (swatch only),"Material=Neon, Color=150,45,255 (CyberpunkConfig.NeonColors)",80,
A,A_S_12_Zakkyo__NEON_WHT,CP_NEON_WHT,NEON_WHT,F_NEON_WHT.png (swatch only),"Material=Neon, Color=215,228,255 (CyberpunkConfig.NeonColors)",10,
A,A_S_12_Zakkyo__PNL,CP_PanelMetal,PNL,T_PanelMetal_Color.png;T_PanelMetal_Normal.png;T_PanelMetal_Roughness.png;T_PanelMetal_Metalness.png,SurfaceAppearance,440,
A,A_S_12_Zakkyo__ROF,CP_RoofDeck,ROF,T_RoofDeck_Color.png;T_RoofDeck_Normal.png;T_RoofDeck_Roughness.png;T_RoofDeck_Metalness.png,SurfaceAppearance,8,
A,A_S_12_Zakkyo__SGH,CP_SignsH,SGH,signs_h.png,TextureID / SurfaceAppearance ColorMap (atlas),14,
A,A_S_12_Zakkyo__SGV,CP_SignsV,SGV,signs_v.png,TextureID / SurfaceAppearance ColorMap (atlas),8,
A,A_S_12_Zakkyo__SHOP_LIT,CP_SHOP_LIT,SHOP_LIT,F_SHOP_LIT.png (swatch only),"Material=Neon, Color=255,232,205 (CyberpunkConfig.NeonColors)",2,
A,A_S_12_Zakkyo__STL,CP_Steel,STL,T_Steel_Color.png;T_Steel_Normal.png;T_Steel_Roughness.png;T_Steel_Metalness.png,SurfaceAppearance,884,
A,A_S_12_Zakkyo__TEC,CP_TechPanel,TEC,T_TechPanel_Color.png;T_TechPanel_Normal.png;T_TechPanel_Roughness.png;T_TechPanel_Metalness.png,SurfaceAppearance,8,
A,A_S_12_Zakkyo__WIN_COL,CP_WIN_COL,WIN_COL,F_WIN_COL.png (swatch only),"Material=Neon, Color=140,195,255 (CyberpunkConfig.NeonColors)",36,
A,A_S_12_Zakkyo__WIN_VIO,CP_WIN_VIO,WIN_VIO,F_WIN_VIO.png (swatch only),"Material=Neon, Color=170,130,255 (CyberpunkConfig.NeonColors)",2,
A,A_S_12_Zakkyo__WIN_WRM,CP_WIN_WRM,WIN_WRM,F_WIN_WRM.png (swatch only),"Material=Neon, Color=255,190,125 (CyberpunkConfig.NeonColors)",192,
A,A_S_13_Modern_P02_VENT__MEC,CP_Mechanical,MEC,T_Mechanical_Color.png;T_Mechanical_Normal.png;T_Mechanical_Roughness.png;T_Mechanical_Metalness.png,SurfaceAppearance,44,PROTO_VENT__MEC
A,A_S_13_Modern_P03_VENT__MEC,CP_Mechanical,MEC,T_Mechanical_Color.png;T_Mechanical_Normal.png;T_Mechanical_Roughness.png;T_Mechanical_Metalness.png,SurfaceAppearance,44,PROTO_VENT__MEC
A,A_S_13_Modern_P04_VENT__MEC,CP_Mechanical,MEC,T_Mechanical_Color.png;T_Mechanical_Normal.png;T_Mechanical_Roughness.png;T_Mechanical_Metalness.png,SurfaceAppearance,44,PROTO_VENT__MEC
A,A_S_13_Modern_P05_VENT__MEC,CP_Mechanical,MEC,T_Mechanical_Color.png;T_Mechanical_Normal.png;T_Mechanical_Roughness.png;T_Mechanical_Metalness.png,SurfaceAppearance,44,PROTO_VENT__MEC
A,A_S_13_Modern_P06_HVAC_S__MEC,CP_Mechanical,MEC,T_Mechanical_Color.png;T_Mechanical_Normal.png;T_Mechanical_Roughness.png;T_Mechanical_Metalness.png,SurfaceAppearance,32,PROTO_HVAC_S__MEC
A,A_S_13_Modern_P07_DISH__MEC,CP_Mechanical,MEC,T_Mechanical_Color.png;T_Mechanical_Normal.png;T_Mechanical_Roughness.png;T_Mechanical_Metalness.png,SurfaceAppearance,22,PROTO_DISH__MEC
A,A_S_13_Modern_P08_HVAC_S__MEC,CP_Mechanical,MEC,T_Mechanical_Color.png;T_Mechanical_Normal.png;T_Mechanical_Roughness.png;T_Mechanical_Metalness.png,SurfaceAppearance,32,PROTO_HVAC_S__MEC
A,A_S_13_Modern_P09_VENT__MEC,CP_Mechanical,MEC,T_Mechanical_Color.png;T_Mechanical_Normal.png;T_Mechanical_Roughness.png;T_Mechanical_Metalness.png,SurfaceAppearance,44,PROTO_VENT__MEC
A,A_S_13_Modern_P10_STACK__MEC,CP_Mechanical,MEC,T_Mechanical_Color.png;T_Mechanical_Normal.png;T_Mechanical_Roughness.png;T_Mechanical_Metalness.png,SurfaceAppearance,128,PROTO_STACK__MEC
A,A_S_13_Modern_P11_VENT__MEC,CP_Mechanical,MEC,T_Mechanical_Color.png;T_Mechanical_Normal.png;T_Mechanical_Roughness.png;T_Mechanical_Metalness.png,SurfaceAppearance,44,PROTO_VENT__MEC
A,A_S_13_Modern_P12_HVAC_S__MEC,CP_Mechanical,MEC,T_Mechanical_Color.png;T_Mechanical_Normal.png;T_Mechanical_Roughness.png;T_Mechanical_Metalness.png,SurfaceAppearance,32,PROTO_HVAC_S__MEC
A,A_S_13_Modern_P13_DISH__MEC,CP_Mechanical,MEC,T_Mechanical_Color.png;T_Mechanical_Normal.png;T_Mechanical_Roughness.png;T_Mechanical_Metalness.png,SurfaceAppearance,22,PROTO_DISH__MEC
A,A_S_13_Modern_P14_COOL__MEC,CP_Mechanical,MEC,T_Mechanical_Color.png;T_Mechanical_Normal.png;T_Mechanical_Roughness.png;T_Mechanical_Metalness.png,SurfaceAppearance,66,PROTO_COOL__MEC
A,A_S_13_Modern_P15_STACK__MEC,CP_Mechanical,MEC,T_Mechanical_Color.png;T_Mechanical_Normal.png;T_Mechanical_Roughness.png;T_Mechanical_Metalness.png,SurfaceAppearance,128,PROTO_STACK__MEC
A,A_S_13_Modern_P16_GEN__MEC,CP_Mechanical,MEC,T_Mechanical_Color.png;T_Mechanical_Normal.png;T_Mechanical_Roughness.png;T_Mechanical_Metalness.png,SurfaceAppearance,70,PROTO_GEN__MEC
A,A_S_13_Modern_P17_GEN__MEC,CP_Mechanical,MEC,T_Mechanical_Color.png;T_Mechanical_Normal.png;T_Mechanical_Roughness.png;T_Mechanical_Metalness.png,SurfaceAppearance,70,PROTO_GEN__MEC
A,A_S_13_Modern_P18_HVAC_S__MEC,CP_Mechanical,MEC,T_Mechanical_Color.png;T_Mechanical_Normal.png;T_Mechanical_Roughness.png;T_Mechanical_Metalness.png,SurfaceAppearance,32,PROTO_HVAC_S__MEC
A,A_S_13_Modern_P19_HVAC_S__MEC,CP_Mechanical,MEC,T_Mechanical_Color.png;T_Mechanical_Normal.png;T_Mechanical_Roughness.png;T_Mechanical_Metalness.png,SurfaceAppearance,32,PROTO_HVAC_S__MEC
A,A_S_13_Modern_V01_VEND_BODY__PNL,CP_PanelMetal,PNL,T_PanelMetal_Color.png;T_PanelMetal_Normal.png;T_PanelMetal_Roughness.png;T_PanelMetal_Metalness.png,SurfaceAppearance,10,PROTO_VEND_BODY__PNL
A,A_S_13_Modern_V01_VEND_FACE__SHOP_LIT,CP_SHOP_LIT,SHOP_LIT,F_SHOP_LIT.png (swatch only),"Material=Neon, Color=255,232,205 (CyberpunkConfig.NeonColors)",2,PROTO_VEND_FACE__SHOP_LIT
A,A_S_13_Modern__CON,CP_ConcreteDark,CON,T_ConcreteDark_Color.png;T_ConcreteDark_Normal.png;T_ConcreteDark_Roughness.png;T_ConcreteDark_Metalness.png,SurfaceAppearance,188,
A,A_S_13_Modern__GLS,CP_GlassCurtain,GLS,T_GlassCurtain_Color.png;T_GlassCurtain_Normal.png;T_GlassCurtain_Roughness.png;T_GlassCurtain_Metalness.png,SurfaceAppearance (Color/Normal/Roughness/Metalness),6,
A,A_S_13_Modern__MEC,CP_Mechanical,MEC,T_Mechanical_Color.png;T_Mechanical_Normal.png;T_Mechanical_Roughness.png;T_Mechanical_Metalness.png,SurfaceAppearance,190,
A,A_S_13_Modern__NEON_AMB,CP_NEON_AMB,NEON_AMB,F_NEON_AMB.png (swatch only),"Material=Neon, Color=255,150,25 (CyberpunkConfig.NeonColors)",24,
A,A_S_13_Modern__NEON_BLU,CP_NEON_BLU,NEON_BLU,F_NEON_BLU.png (swatch only),"Material=Neon, Color=30,95,255 (CyberpunkConfig.NeonColors)",10,
A,A_S_13_Modern__NEON_MAG,CP_NEON_MAG,NEON_MAG,F_NEON_MAG.png (swatch only),"Material=Neon, Color=255,25,175 (CyberpunkConfig.NeonColors)",60,
A,A_S_13_Modern__NEON_RED,CP_NEON_RED,NEON_RED,F_NEON_RED.png (swatch only),"Material=Neon, Color=255,32,45 (CyberpunkConfig.NeonColors)",94,
A,A_S_13_Modern__NEON_WHT,CP_NEON_WHT,NEON_WHT,F_NEON_WHT.png (swatch only),"Material=Neon, Color=215,228,255 (CyberpunkConfig.NeonColors)",48,
A,A_S_13_Modern__PNL,CP_PanelMetal,PNL,T_PanelMetal_Color.png;T_PanelMetal_Normal.png;T_PanelMetal_Roughness.png;T_PanelMetal_Metalness.png,SurfaceAppearance,192,
A,A_S_13_Modern__RIB,CP_GlassRibbon,RIB,T_GlassRibbon_Color.png;T_GlassRibbon_Normal.png;T_GlassRibbon_Roughness.png;T_GlassRibbon_Metalness.png,SurfaceAppearance,4,
A,A_S_13_Modern__ROF,CP_RoofDeck,ROF,T_RoofDeck_Color.png;T_RoofDeck_Normal.png;T_RoofDeck_Roughness.png;T_RoofDeck_Metalness.png,SurfaceAppearance,8,
A,A_S_13_Modern__SGH,CP_SignsH,SGH,signs_h.png,TextureID / SurfaceAppearance ColorMap (atlas),14,
A,A_S_13_Modern__SGV,CP_SignsV,SGV,signs_v.png,TextureID / SurfaceAppearance ColorMap (atlas),6,
A,A_S_13_Modern__SHOP_LIT,CP_SHOP_LIT,SHOP_LIT,F_SHOP_LIT.png (swatch only),"Material=Neon, Color=255,232,205 (CyberpunkConfig.NeonColors)",2,
A,A_S_13_Modern__STL,CP_Steel,STL,T_Steel_Color.png;T_Steel_Normal.png;T_Steel_Roughness.png;T_Steel_Metalness.png,SurfaceAppearance,1000,
A,A_S_13_Modern__WIN_COL,CP_WIN_COL,WIN_COL,F_WIN_COL.png (swatch only),"Material=Neon, Color=140,195,255 (CyberpunkConfig.NeonColors)",40,
A,A_S_13_Modern__WIN_PNK,CP_WIN_PNK,WIN_PNK,F_WIN_PNK.png (swatch only),"Material=Neon, Color=255,120,200 (CyberpunkConfig.NeonColors)",2,
A,A_S_13_Modern__WIN_WRM,CP_WIN_WRM,WIN_WRM,F_WIN_WRM.png (swatch only),"Material=Neon, Color=255,190,125 (CyberpunkConfig.NeonColors)",256,
A,A_S_14_Zakkyo_P02_STACK__MEC,CP_Mechanical,MEC,T_Mechanical_Color.png;T_Mechanical_Normal.png;T_Mechanical_Roughness.png;T_Mechanical_Metalness.png,SurfaceAppearance,128,PROTO_STACK__MEC
A,A_S_14_Zakkyo_P03_HVAC_S__MEC,CP_Mechanical,MEC,T_Mechanical_Color.png;T_Mechanical_Normal.png;T_Mechanical_Roughness.png;T_Mechanical_Metalness.png,SurfaceAppearance,32,PROTO_HVAC_S__MEC
A,A_S_14_Zakkyo_P04_GEN__MEC,CP_Mechanical,MEC,T_Mechanical_Color.png;T_Mechanical_Normal.png;T_Mechanical_Roughness.png;T_Mechanical_Metalness.png,SurfaceAppearance,70,PROTO_GEN__MEC
A,A_S_14_Zakkyo_P05_STACK__MEC,CP_Mechanical,MEC,T_Mechanical_Color.png;T_Mechanical_Normal.png;T_Mechanical_Roughness.png;T_Mechanical_Metalness.png,SurfaceAppearance,128,PROTO_STACK__MEC
A,A_S_14_Zakkyo_P06_HVAC_S__MEC,CP_Mechanical,MEC,T_Mechanical_Color.png;T_Mechanical_Normal.png;T_Mechanical_Roughness.png;T_Mechanical_Metalness.png,SurfaceAppearance,32,PROTO_HVAC_S__MEC
A,A_S_14_Zakkyo_P07_STACK__MEC,CP_Mechanical,MEC,T_Mechanical_Color.png;T_Mechanical_Normal.png;T_Mechanical_Roughness.png;T_Mechanical_Metalness.png,SurfaceAppearance,128,PROTO_STACK__MEC
A,A_S_14_Zakkyo_P08_VENT__MEC,CP_Mechanical,MEC,T_Mechanical_Color.png;T_Mechanical_Normal.png;T_Mechanical_Roughness.png;T_Mechanical_Metalness.png,SurfaceAppearance,44,PROTO_VENT__MEC
A,A_S_14_Zakkyo_P09_DISH__MEC,CP_Mechanical,MEC,T_Mechanical_Color.png;T_Mechanical_Normal.png;T_Mechanical_Roughness.png;T_Mechanical_Metalness.png,SurfaceAppearance,22,PROTO_DISH__MEC
A,A_S_14_Zakkyo_P10_STACK__MEC,CP_Mechanical,MEC,T_Mechanical_Color.png;T_Mechanical_Normal.png;T_Mechanical_Roughness.png;T_Mechanical_Metalness.png,SurfaceAppearance,128,PROTO_STACK__MEC
A,A_S_14_Zakkyo_P11_VENT__MEC,CP_Mechanical,MEC,T_Mechanical_Color.png;T_Mechanical_Normal.png;T_Mechanical_Roughness.png;T_Mechanical_Metalness.png,SurfaceAppearance,44,PROTO_VENT__MEC
A,A_S_14_Zakkyo_P12_HVAC_S__MEC,CP_Mechanical,MEC,T_Mechanical_Color.png;T_Mechanical_Normal.png;T_Mechanical_Roughness.png;T_Mechanical_Metalness.png,SurfaceAppearance,32,PROTO_HVAC_S__MEC
A,A_S_14_Zakkyo_P13_VENT__MEC,CP_Mechanical,MEC,T_Mechanical_Color.png;T_Mechanical_Normal.png;T_Mechanical_Roughness.png;T_Mechanical_Metalness.png,SurfaceAppearance,44,PROTO_VENT__MEC
A,A_S_14_Zakkyo_P14_VENT__MEC,CP_Mechanical,MEC,T_Mechanical_Color.png;T_Mechanical_Normal.png;T_Mechanical_Roughness.png;T_Mechanical_Metalness.png,SurfaceAppearance,44,PROTO_VENT__MEC
A,A_S_14_Zakkyo_P15_STACK__MEC,CP_Mechanical,MEC,T_Mechanical_Color.png;T_Mechanical_Normal.png;T_Mechanical_Roughness.png;T_Mechanical_Metalness.png,SurfaceAppearance,128,PROTO_STACK__MEC
A,A_S_14_Zakkyo_P16_HVAC_S__MEC,CP_Mechanical,MEC,T_Mechanical_Color.png;T_Mechanical_Normal.png;T_Mechanical_Roughness.png;T_Mechanical_Metalness.png,SurfaceAppearance,32,PROTO_HVAC_S__MEC
A,A_S_14_Zakkyo_V01_VEND_BODY__PNL,CP_PanelMetal,PNL,T_PanelMetal_Color.png;T_PanelMetal_Normal.png;T_PanelMetal_Roughness.png;T_PanelMetal_Metalness.png,SurfaceAppearance,10,PROTO_VEND_BODY__PNL
A,A_S_14_Zakkyo_V01_VEND_FACE__SHOP_LIT,CP_SHOP_LIT,SHOP_LIT,F_SHOP_LIT.png (swatch only),"Material=Neon, Color=255,232,205 (CyberpunkConfig.NeonColors)",2,PROTO_VEND_FACE__SHOP_LIT
A,A_S_14_Zakkyo__CON,CP_ConcreteDark,CON,T_ConcreteDark_Color.png;T_ConcreteDark_Normal.png;T_ConcreteDark_Roughness.png;T_ConcreteDark_Metalness.png,SurfaceAppearance,80,
A,A_S_14_Zakkyo__MEC,CP_Mechanical,MEC,T_Mechanical_Color.png;T_Mechanical_Normal.png;T_Mechanical_Roughness.png;T_Mechanical_Metalness.png,SurfaceAppearance,140,
A,A_S_14_Zakkyo__NEON_AMB,CP_NEON_AMB,NEON_AMB,F_NEON_AMB.png (swatch only),"Material=Neon, Color=255,150,25 (CyberpunkConfig.NeonColors)",12,
A,A_S_14_Zakkyo__NEON_MAG,CP_NEON_MAG,NEON_MAG,F_NEON_MAG.png (swatch only),"Material=Neon, Color=255,25,175 (CyberpunkConfig.NeonColors)",156,
A,A_S_14_Zakkyo__NEON_RED,CP_NEON_RED,NEON_RED,F_NEON_RED.png (swatch only),"Material=Neon, Color=255,32,45 (CyberpunkConfig.NeonColors)",20,
A,A_S_14_Zakkyo__NEON_VIO,CP_NEON_VIO,NEON_VIO,F_NEON_VIO.png (swatch only),"Material=Neon, Color=150,45,255 (CyberpunkConfig.NeonColors)",200,
A,A_S_14_Zakkyo__NEON_WHT,CP_NEON_WHT,NEON_WHT,F_NEON_WHT.png (swatch only),"Material=Neon, Color=215,228,255 (CyberpunkConfig.NeonColors)",48,
A,A_S_14_Zakkyo__PNL,CP_PanelMetal,PNL,T_PanelMetal_Color.png;T_PanelMetal_Normal.png;T_PanelMetal_Roughness.png;T_PanelMetal_Metalness.png,SurfaceAppearance,46,
A,A_S_14_Zakkyo__ROF,CP_RoofDeck,ROF,T_RoofDeck_Color.png;T_RoofDeck_Normal.png;T_RoofDeck_Roughness.png;T_RoofDeck_Metalness.png,SurfaceAppearance,4,
A,A_S_14_Zakkyo__SGH,CP_SignsH,SGH,signs_h.png,TextureID / SurfaceAppearance ColorMap (atlas),14,
A,A_S_14_Zakkyo__SGV,CP_SignsV,SGV,signs_v.png,TextureID / SurfaceAppearance ColorMap (atlas),4,
A,A_S_14_Zakkyo__SHOP_LIT,CP_SHOP_LIT,SHOP_LIT,F_SHOP_LIT.png (swatch only),"Material=Neon, Color=255,232,205 (CyberpunkConfig.NeonColors)",4,
A,A_S_14_Zakkyo__STL,CP_Steel,STL,T_Steel_Color.png;T_Steel_Normal.png;T_Steel_Roughness.png;T_Steel_Metalness.png,SurfaceAppearance,634,
A,A_S_14_Zakkyo__TEC,CP_TechPanel,TEC,T_TechPanel_Color.png;T_TechPanel_Normal.png;T_TechPanel_Roughness.png;T_TechPanel_Metalness.png,SurfaceAppearance,4,
A,A_S_14_Zakkyo__WIN_PNK,CP_WIN_PNK,WIN_PNK,F_WIN_PNK.png (swatch only),"Material=Neon, Color=255,120,200 (CyberpunkConfig.NeonColors)",154,
A,A_S_14_Zakkyo__WIN_WRM,CP_WIN_WRM,WIN_WRM,F_WIN_WRM.png (swatch only),"Material=Neon, Color=255,190,125 (CyberpunkConfig.NeonColors)",28,
A,A_S_15_Modern_P01_STACK__MEC,CP_Mechanical,MEC,T_Mechanical_Color.png;T_Mechanical_Normal.png;T_Mechanical_Roughness.png;T_Mechanical_Metalness.png,SurfaceAppearance,128,PROTO_STACK__MEC
A,A_S_15_Modern_P02_VENT__MEC,CP_Mechanical,MEC,T_Mechanical_Color.png;T_Mechanical_Normal.png;T_Mechanical_Roughness.png;T_Mechanical_Metalness.png,SurfaceAppearance,44,PROTO_VENT__MEC
A,A_S_15_Modern_P03_HVAC_S__MEC,CP_Mechanical,MEC,T_Mechanical_Color.png;T_Mechanical_Normal.png;T_Mechanical_Roughness.png;T_Mechanical_Metalness.png,SurfaceAppearance,32,PROTO_HVAC_S__MEC
A,A_S_15_Modern_P04_HVAC_S__MEC,CP_Mechanical,MEC,T_Mechanical_Color.png;T_Mechanical_Normal.png;T_Mechanical_Roughness.png;T_Mechanical_Metalness.png,SurfaceAppearance,32,PROTO_HVAC_S__MEC
A,A_S_15_Modern_P05_VENT__MEC,CP_Mechanical,MEC,T_Mechanical_Color.png;T_Mechanical_Normal.png;T_Mechanical_Roughness.png;T_Mechanical_Metalness.png,SurfaceAppearance,44,PROTO_VENT__MEC
A,A_S_15_Modern_P06_HVAC_S__MEC,CP_Mechanical,MEC,T_Mechanical_Color.png;T_Mechanical_Normal.png;T_Mechanical_Roughness.png;T_Mechanical_Metalness.png,SurfaceAppearance,32,PROTO_HVAC_S__MEC
A,A_S_15_Modern_P07_VENT__MEC,CP_Mechanical,MEC,T_Mechanical_Color.png;T_Mechanical_Normal.png;T_Mechanical_Roughness.png;T_Mechanical_Metalness.png,SurfaceAppearance,44,PROTO_VENT__MEC
A,A_S_15_Modern_P08_HVAC_S__MEC,CP_Mechanical,MEC,T_Mechanical_Color.png;T_Mechanical_Normal.png;T_Mechanical_Roughness.png;T_Mechanical_Metalness.png,SurfaceAppearance,32,PROTO_HVAC_S__MEC
A,A_S_15_Modern_P09_TANK__MEC,CP_Mechanical,MEC,T_Mechanical_Color.png;T_Mechanical_Normal.png;T_Mechanical_Roughness.png;T_Mechanical_Metalness.png,SurfaceAppearance,84,PROTO_TANK__MEC
A,A_S_15_Modern_P10_GEN__MEC,CP_Mechanical,MEC,T_Mechanical_Color.png;T_Mechanical_Normal.png;T_Mechanical_Roughness.png;T_Mechanical_Metalness.png,SurfaceAppearance,70,PROTO_GEN__MEC
A,A_S_15_Modern_P11_VENT__MEC,CP_Mechanical,MEC,T_Mechanical_Color.png;T_Mechanical_Normal.png;T_Mechanical_Roughness.png;T_Mechanical_Metalness.png,SurfaceAppearance,44,PROTO_VENT__MEC
A,A_S_15_Modern__CON,CP_ConcreteDark,CON,T_ConcreteDark_Color.png;T_ConcreteDark_Normal.png;T_ConcreteDark_Roughness.png;T_ConcreteDark_Metalness.png,SurfaceAppearance,212,
A,A_S_15_Modern__GLS,CP_GlassCurtain,GLS,T_GlassCurtain_Color.png;T_GlassCurtain_Normal.png;T_GlassCurtain_Roughness.png;T_GlassCurtain_Metalness.png,SurfaceAppearance (Color/Normal/Roughness/Metalness),24,
A,A_S_15_Modern__MEC,CP_Mechanical,MEC,T_Mechanical_Color.png;T_Mechanical_Normal.png;T_Mechanical_Roughness.png;T_Mechanical_Metalness.png,SurfaceAppearance,30,
A,A_S_15_Modern__NEON_CYN,CP_NEON_CYN,NEON_CYN,F_NEON_CYN.png (swatch only),"Material=Neon, Color=0,230,255 (CyberpunkConfig.NeonColors)",60,
A,A_S_15_Modern__NEON_MAG,CP_NEON_MAG,NEON_MAG,F_NEON_MAG.png (swatch only),"Material=Neon, Color=255,25,175 (CyberpunkConfig.NeonColors)",20,
A,A_S_15_Modern__NEON_VIO,CP_NEON_VIO,NEON_VIO,F_NEON_VIO.png (swatch only),"Material=Neon, Color=150,45,255 (CyberpunkConfig.NeonColors)",10,
A,A_S_15_Modern__NEON_WHT,CP_NEON_WHT,NEON_WHT,F_NEON_WHT.png (swatch only),"Material=Neon, Color=215,228,255 (CyberpunkConfig.NeonColors)",10,
A,A_S_15_Modern__PNL,CP_PanelMetal,PNL,T_PanelMetal_Color.png;T_PanelMetal_Normal.png;T_PanelMetal_Roughness.png;T_PanelMetal_Metalness.png,SurfaceAppearance,136,
A,A_S_15_Modern__ROF,CP_RoofDeck,ROF,T_RoofDeck_Color.png;T_RoofDeck_Normal.png;T_RoofDeck_Roughness.png;T_RoofDeck_Metalness.png,SurfaceAppearance,20,
A,A_S_15_Modern__SGH,CP_SignsH,SGH,signs_h.png,TextureID / SurfaceAppearance ColorMap (atlas),4,
A,A_S_15_Modern__SGV,CP_SignsV,SGV,signs_v.png,TextureID / SurfaceAppearance ColorMap (atlas),2,
A,A_S_15_Modern__SHOP_LIT,CP_SHOP_LIT,SHOP_LIT,F_SHOP_LIT.png (swatch only),"Material=Neon, Color=255,232,205 (CyberpunkConfig.NeonColors)",6,
A,A_S_15_Modern__STL,CP_Steel,STL,T_Steel_Color.png;T_Steel_Normal.png;T_Steel_Roughness.png;T_Steel_Metalness.png,SurfaceAppearance,1196,
A,A_S_15_Modern__TEC,CP_TechPanel,TEC,T_TechPanel_Color.png;T_TechPanel_Normal.png;T_TechPanel_Roughness.png;T_TechPanel_Metalness.png,SurfaceAppearance,8,
A,A_S_15_Modern__WIN_PNK,CP_WIN_PNK,WIN_PNK,F_WIN_PNK.png (swatch only),"Material=Neon, Color=255,120,200 (CyberpunkConfig.NeonColors)",202,
A,A_S_16_Modern_P02_HVAC_S__MEC,CP_Mechanical,MEC,T_Mechanical_Color.png;T_Mechanical_Normal.png;T_Mechanical_Roughness.png;T_Mechanical_Metalness.png,SurfaceAppearance,32,PROTO_HVAC_S__MEC
A,A_S_16_Modern_P03_VENT__MEC,CP_Mechanical,MEC,T_Mechanical_Color.png;T_Mechanical_Normal.png;T_Mechanical_Roughness.png;T_Mechanical_Metalness.png,SurfaceAppearance,44,PROTO_VENT__MEC
A,A_S_16_Modern_P04_GEN__MEC,CP_Mechanical,MEC,T_Mechanical_Color.png;T_Mechanical_Normal.png;T_Mechanical_Roughness.png;T_Mechanical_Metalness.png,SurfaceAppearance,70,PROTO_GEN__MEC
A,A_S_16_Modern_P05_HVAC_L__MEC,CP_Mechanical,MEC,T_Mechanical_Color.png;T_Mechanical_Normal.png;T_Mechanical_Roughness.png;T_Mechanical_Metalness.png,SurfaceAppearance,76,PROTO_HVAC_L__MEC
A,A_S_16_Modern_P06_DISH__MEC,CP_Mechanical,MEC,T_Mechanical_Color.png;T_Mechanical_Normal.png;T_Mechanical_Roughness.png;T_Mechanical_Metalness.png,SurfaceAppearance,22,PROTO_DISH__MEC
A,A_S_16_Modern_P07_HVAC_S__MEC,CP_Mechanical,MEC,T_Mechanical_Color.png;T_Mechanical_Normal.png;T_Mechanical_Roughness.png;T_Mechanical_Metalness.png,SurfaceAppearance,32,PROTO_HVAC_S__MEC
A,A_S_16_Modern_P08_STACK__MEC,CP_Mechanical,MEC,T_Mechanical_Color.png;T_Mechanical_Normal.png;T_Mechanical_Roughness.png;T_Mechanical_Metalness.png,SurfaceAppearance,128,PROTO_STACK__MEC
A,A_S_16_Modern_V01_VEND_BODY__PNL,CP_PanelMetal,PNL,T_PanelMetal_Color.png;T_PanelMetal_Normal.png;T_PanelMetal_Roughness.png;T_PanelMetal_Metalness.png,SurfaceAppearance,10,PROTO_VEND_BODY__PNL
A,A_S_16_Modern_V01_VEND_FACE__SHOP_LIT,CP_SHOP_LIT,SHOP_LIT,F_SHOP_LIT.png (swatch only),"Material=Neon, Color=255,232,205 (CyberpunkConfig.NeonColors)",2,PROTO_VEND_FACE__SHOP_LIT
A,A_S_16_Modern__CON,CP_ConcreteDark,CON,T_ConcreteDark_Color.png;T_ConcreteDark_Normal.png;T_ConcreteDark_Roughness.png;T_ConcreteDark_Metalness.png,SurfaceAppearance,160,
A,A_S_16_Modern__GLS,CP_GlassCurtain,GLS,T_GlassCurtain_Color.png;T_GlassCurtain_Normal.png;T_GlassCurtain_Roughness.png;T_GlassCurtain_Metalness.png,SurfaceAppearance (Color/Normal/Roughness/Metalness),14,
A,A_S_16_Modern__MEC,CP_Mechanical,MEC,T_Mechanical_Color.png;T_Mechanical_Normal.png;T_Mechanical_Roughness.png;T_Mechanical_Metalness.png,SurfaceAppearance,30,
A,A_S_16_Modern__NEON_AMB,CP_NEON_AMB,NEON_AMB,F_NEON_AMB.png (swatch only),"Material=Neon, Color=255,150,25 (CyberpunkConfig.NeonColors)",12,
A,A_S_16_Modern__NEON_CYN,CP_NEON_CYN,NEON_CYN,F_NEON_CYN.png (swatch only),"Material=Neon, Color=0,230,255 (CyberpunkConfig.NeonColors)",10,
A,A_S_16_Modern__NEON_RED,CP_NEON_RED,NEON_RED,F_NEON_RED.png (swatch only),"Material=Neon, Color=255,32,45 (CyberpunkConfig.NeonColors)",20,
A,A_S_16_Modern__NEON_VIO,CP_NEON_VIO,NEON_VIO,F_NEON_VIO.png (swatch only),"Material=Neon, Color=150,45,255 (CyberpunkConfig.NeonColors)",20,
A,A_S_16_Modern__NEON_WHT,CP_NEON_WHT,NEON_WHT,F_NEON_WHT.png (swatch only),"Material=Neon, Color=215,228,255 (CyberpunkConfig.NeonColors)",10,
A,A_S_16_Modern__PNL,CP_PanelMetal,PNL,T_PanelMetal_Color.png;T_PanelMetal_Normal.png;T_PanelMetal_Roughness.png;T_PanelMetal_Metalness.png,SurfaceAppearance,48,
A,A_S_16_Modern__ROF,CP_RoofDeck,ROF,T_RoofDeck_Color.png;T_RoofDeck_Normal.png;T_RoofDeck_Roughness.png;T_RoofDeck_Metalness.png,SurfaceAppearance,16,
A,A_S_16_Modern__SGH,CP_SignsH,SGH,signs_h.png,TextureID / SurfaceAppearance ColorMap (atlas),4,
A,A_S_16_Modern__SHOP_LIT,CP_SHOP_LIT,SHOP_LIT,F_SHOP_LIT.png (swatch only),"Material=Neon, Color=255,232,205 (CyberpunkConfig.NeonColors)",4,
A,A_S_16_Modern__STL,CP_Steel,STL,T_Steel_Color.png;T_Steel_Normal.png;T_Steel_Roughness.png;T_Steel_Metalness.png,SurfaceAppearance,2356,
A,A_S_16_Modern__WIN_COL,CP_WIN_COL,WIN_COL,F_WIN_COL.png (swatch only),"Material=Neon, Color=140,195,255 (CyberpunkConfig.NeonColors)",148,
A,A_S_17_Low_P01_HVAC_S__MEC,CP_Mechanical,MEC,T_Mechanical_Color.png;T_Mechanical_Normal.png;T_Mechanical_Roughness.png;T_Mechanical_Metalness.png,SurfaceAppearance,32,PROTO_HVAC_S__MEC
A,A_S_17_Low_P02_DISH__MEC,CP_Mechanical,MEC,T_Mechanical_Color.png;T_Mechanical_Normal.png;T_Mechanical_Roughness.png;T_Mechanical_Metalness.png,SurfaceAppearance,22,PROTO_DISH__MEC
A,A_S_17_Low_P03_GEN__MEC,CP_Mechanical,MEC,T_Mechanical_Color.png;T_Mechanical_Normal.png;T_Mechanical_Roughness.png;T_Mechanical_Metalness.png,SurfaceAppearance,70,PROTO_GEN__MEC
A,A_S_17_Low_P04_FANBOX__MEC,CP_Mechanical,MEC,T_Mechanical_Color.png;T_Mechanical_Normal.png;T_Mechanical_Roughness.png;T_Mechanical_Metalness.png,SurfaceAppearance,50,PROTO_FANBOX__MEC
A,A_S_17_Low_P05_GEN__MEC,CP_Mechanical,MEC,T_Mechanical_Color.png;T_Mechanical_Normal.png;T_Mechanical_Roughness.png;T_Mechanical_Metalness.png,SurfaceAppearance,70,PROTO_GEN__MEC
A,A_S_17_Low_P06_HVAC_S__MEC,CP_Mechanical,MEC,T_Mechanical_Color.png;T_Mechanical_Normal.png;T_Mechanical_Roughness.png;T_Mechanical_Metalness.png,SurfaceAppearance,32,PROTO_HVAC_S__MEC
A,A_S_17_Low_P07_FANBOX__MEC,CP_Mechanical,MEC,T_Mechanical_Color.png;T_Mechanical_Normal.png;T_Mechanical_Roughness.png;T_Mechanical_Metalness.png,SurfaceAppearance,50,PROTO_FANBOX__MEC
A,A_S_17_Low_P08_DISH__MEC,CP_Mechanical,MEC,T_Mechanical_Color.png;T_Mechanical_Normal.png;T_Mechanical_Roughness.png;T_Mechanical_Metalness.png,SurfaceAppearance,22,PROTO_DISH__MEC
A,A_S_17_Low_P09_VENT__MEC,CP_Mechanical,MEC,T_Mechanical_Color.png;T_Mechanical_Normal.png;T_Mechanical_Roughness.png;T_Mechanical_Metalness.png,SurfaceAppearance,44,PROTO_VENT__MEC
A,A_S_17_Low_P10_STACK__MEC,CP_Mechanical,MEC,T_Mechanical_Color.png;T_Mechanical_Normal.png;T_Mechanical_Roughness.png;T_Mechanical_Metalness.png,SurfaceAppearance,128,PROTO_STACK__MEC
A,A_S_17_Low_P11_DISH__MEC,CP_Mechanical,MEC,T_Mechanical_Color.png;T_Mechanical_Normal.png;T_Mechanical_Roughness.png;T_Mechanical_Metalness.png,SurfaceAppearance,22,PROTO_DISH__MEC
A,A_S_17_Low_P12_VENT__MEC,CP_Mechanical,MEC,T_Mechanical_Color.png;T_Mechanical_Normal.png;T_Mechanical_Roughness.png;T_Mechanical_Metalness.png,SurfaceAppearance,44,PROTO_VENT__MEC
A,A_S_17_Low__CON,CP_ConcreteDark,CON,T_ConcreteDark_Color.png;T_ConcreteDark_Normal.png;T_ConcreteDark_Roughness.png;T_ConcreteDark_Metalness.png,SurfaceAppearance,120,
A,A_S_17_Low__GLS,CP_GlassCurtain,GLS,T_GlassCurtain_Color.png;T_GlassCurtain_Normal.png;T_GlassCurtain_Roughness.png;T_GlassCurtain_Metalness.png,SurfaceAppearance (Color/Normal/Roughness/Metalness),2,
A,A_S_17_Low__MEC,CP_Mechanical,MEC,T_Mechanical_Color.png;T_Mechanical_Normal.png;T_Mechanical_Roughness.png;T_Mechanical_Metalness.png,SurfaceAppearance,30,
A,A_S_17_Low__NEON_BLU,CP_NEON_BLU,NEON_BLU,F_NEON_BLU.png (swatch only),"Material=Neon, Color=30,95,255 (CyberpunkConfig.NeonColors)",50,
A,A_S_17_Low__NEON_MAG,CP_NEON_MAG,NEON_MAG,F_NEON_MAG.png (swatch only),"Material=Neon, Color=255,25,175 (CyberpunkConfig.NeonColors)",20,
A,A_S_17_Low__NEON_WHT,CP_NEON_WHT,NEON_WHT,F_NEON_WHT.png (swatch only),"Material=Neon, Color=215,228,255 (CyberpunkConfig.NeonColors)",46,
A,A_S_17_Low__PNL,CP_PanelMetal,PNL,T_PanelMetal_Color.png;T_PanelMetal_Normal.png;T_PanelMetal_Roughness.png;T_PanelMetal_Metalness.png,SurfaceAppearance,34,
A,A_S_17_Low__RIB,CP_GlassRibbon,RIB,T_GlassRibbon_Color.png;T_GlassRibbon_Normal.png;T_GlassRibbon_Roughness.png;T_GlassRibbon_Metalness.png,SurfaceAppearance,2,
A,A_S_17_Low__ROF,CP_RoofDeck,ROF,T_RoofDeck_Color.png;T_RoofDeck_Normal.png;T_RoofDeck_Roughness.png;T_RoofDeck_Metalness.png,SurfaceAppearance,4,
A,A_S_17_Low__SGH,CP_SignsH,SGH,signs_h.png,TextureID / SurfaceAppearance ColorMap (atlas),8,
A,A_S_17_Low__SHOP_LIT,CP_SHOP_LIT,SHOP_LIT,F_SHOP_LIT.png (swatch only),"Material=Neon, Color=255,232,205 (CyberpunkConfig.NeonColors)",2,
A,A_S_17_Low__STL,CP_Steel,STL,T_Steel_Color.png;T_Steel_Normal.png;T_Steel_Roughness.png;T_Steel_Metalness.png,SurfaceAppearance,408,
A,A_S_17_Low__TEC,CP_TechPanel,TEC,T_TechPanel_Color.png;T_TechPanel_Normal.png;T_TechPanel_Roughness.png;T_TechPanel_Metalness.png,SurfaceAppearance,2,
A,A_S_17_Low__WIN_PNK,CP_WIN_PNK,WIN_PNK,F_WIN_PNK.png (swatch only),"Material=Neon, Color=255,120,200 (CyberpunkConfig.NeonColors)",14,
A,A_S_17_Low__WIN_WRM,CP_WIN_WRM,WIN_WRM,F_WIN_WRM.png (swatch only),"Material=Neon, Color=255,190,125 (CyberpunkConfig.NeonColors)",78,
A,A_S_18_Modern_P01_HVAC_L__MEC,CP_Mechanical,MEC,T_Mechanical_Color.png;T_Mechanical_Normal.png;T_Mechanical_Roughness.png;T_Mechanical_Metalness.png,SurfaceAppearance,76,PROTO_HVAC_L__MEC
A,A_S_18_Modern_P02_COOL__MEC,CP_Mechanical,MEC,T_Mechanical_Color.png;T_Mechanical_Normal.png;T_Mechanical_Roughness.png;T_Mechanical_Metalness.png,SurfaceAppearance,66,PROTO_COOL__MEC
A,A_S_18_Modern_P03_STACK__MEC,CP_Mechanical,MEC,T_Mechanical_Color.png;T_Mechanical_Normal.png;T_Mechanical_Roughness.png;T_Mechanical_Metalness.png,SurfaceAppearance,128,PROTO_STACK__MEC
A,A_S_18_Modern_P04_DISH__MEC,CP_Mechanical,MEC,T_Mechanical_Color.png;T_Mechanical_Normal.png;T_Mechanical_Roughness.png;T_Mechanical_Metalness.png,SurfaceAppearance,22,PROTO_DISH__MEC
A,A_S_18_Modern_P05_STACK__MEC,CP_Mechanical,MEC,T_Mechanical_Color.png;T_Mechanical_Normal.png;T_Mechanical_Roughness.png;T_Mechanical_Metalness.png,SurfaceAppearance,128,PROTO_STACK__MEC
A,A_S_18_Modern_P06_FANBOX__MEC,CP_Mechanical,MEC,T_Mechanical_Color.png;T_Mechanical_Normal.png;T_Mechanical_Roughness.png;T_Mechanical_Metalness.png,SurfaceAppearance,50,PROTO_FANBOX__MEC
A,A_S_18_Modern_P07_VENT__MEC,CP_Mechanical,MEC,T_Mechanical_Color.png;T_Mechanical_Normal.png;T_Mechanical_Roughness.png;T_Mechanical_Metalness.png,SurfaceAppearance,44,PROTO_VENT__MEC
A,A_S_18_Modern_P08_TANK__MEC,CP_Mechanical,MEC,T_Mechanical_Color.png;T_Mechanical_Normal.png;T_Mechanical_Roughness.png;T_Mechanical_Metalness.png,SurfaceAppearance,84,PROTO_TANK__MEC
A,A_S_18_Modern_P09_FANBOX__MEC,CP_Mechanical,MEC,T_Mechanical_Color.png;T_Mechanical_Normal.png;T_Mechanical_Roughness.png;T_Mechanical_Metalness.png,SurfaceAppearance,50,PROTO_FANBOX__MEC
A,A_S_18_Modern_P10_HVAC_S__MEC,CP_Mechanical,MEC,T_Mechanical_Color.png;T_Mechanical_Normal.png;T_Mechanical_Roughness.png;T_Mechanical_Metalness.png,SurfaceAppearance,32,PROTO_HVAC_S__MEC
A,A_S_18_Modern_P11_STACK__MEC,CP_Mechanical,MEC,T_Mechanical_Color.png;T_Mechanical_Normal.png;T_Mechanical_Roughness.png;T_Mechanical_Metalness.png,SurfaceAppearance,128,PROTO_STACK__MEC
A,A_S_18_Modern_P12_VENT__MEC,CP_Mechanical,MEC,T_Mechanical_Color.png;T_Mechanical_Normal.png;T_Mechanical_Roughness.png;T_Mechanical_Metalness.png,SurfaceAppearance,44,PROTO_VENT__MEC
A,A_S_18_Modern_P13_HVAC_S__MEC,CP_Mechanical,MEC,T_Mechanical_Color.png;T_Mechanical_Normal.png;T_Mechanical_Roughness.png;T_Mechanical_Metalness.png,SurfaceAppearance,32,PROTO_HVAC_S__MEC
A,A_S_18_Modern__CON,CP_ConcreteDark,CON,T_ConcreteDark_Color.png;T_ConcreteDark_Normal.png;T_ConcreteDark_Roughness.png;T_ConcreteDark_Metalness.png,SurfaceAppearance,108,
A,A_S_18_Modern__GLS,CP_GlassCurtain,GLS,T_GlassCurtain_Color.png;T_GlassCurtain_Normal.png;T_GlassCurtain_Roughness.png;T_GlassCurtain_Metalness.png,SurfaceAppearance (Color/Normal/Roughness/Metalness),10,
A,A_S_18_Modern__MEC,CP_Mechanical,MEC,T_Mechanical_Color.png;T_Mechanical_Normal.png;T_Mechanical_Roughness.png;T_Mechanical_Metalness.png,SurfaceAppearance,90,
A,A_S_18_Modern__NEON_AMB,CP_NEON_AMB,NEON_AMB,F_NEON_AMB.png (swatch only),"Material=Neon, Color=255,150,25 (CyberpunkConfig.NeonColors)",36,
A,A_S_18_Modern__NEON_CYN,CP_NEON_CYN,NEON_CYN,F_NEON_CYN.png (swatch only),"Material=Neon, Color=0,230,255 (CyberpunkConfig.NeonColors)",60,
A,A_S_18_Modern__NEON_RED,CP_NEON_RED,NEON_RED,F_NEON_RED.png (swatch only),"Material=Neon, Color=255,32,45 (CyberpunkConfig.NeonColors)",70,
A,A_S_18_Modern__NEON_VIO,CP_NEON_VIO,NEON_VIO,F_NEON_VIO.png (swatch only),"Material=Neon, Color=150,45,255 (CyberpunkConfig.NeonColors)",70,
A,A_S_18_Modern__PNL,CP_PanelMetal,PNL,T_PanelMetal_Color.png;T_PanelMetal_Normal.png;T_PanelMetal_Roughness.png;T_PanelMetal_Metalness.png,SurfaceAppearance,110,
A,A_S_18_Modern__ROF,CP_RoofDeck,ROF,T_RoofDeck_Color.png;T_RoofDeck_Normal.png;T_RoofDeck_Roughness.png;T_RoofDeck_Metalness.png,SurfaceAppearance,8,
A,A_S_18_Modern__SGH,CP_SignsH,SGH,signs_h.png,TextureID / SurfaceAppearance ColorMap (atlas),16,
A,A_S_18_Modern__SGV,CP_SignsV,SGV,signs_v.png,TextureID / SurfaceAppearance ColorMap (atlas),10,
A,A_S_18_Modern__SHOP_LIT,CP_SHOP_LIT,SHOP_LIT,F_SHOP_LIT.png (swatch only),"Material=Neon, Color=255,232,205 (CyberpunkConfig.NeonColors)",2,
A,A_S_18_Modern__STL,CP_Steel,STL,T_Steel_Color.png;T_Steel_Normal.png;T_Steel_Roughness.png;T_Steel_Metalness.png,SurfaceAppearance,980,
A,A_S_18_Modern__TEC,CP_TechPanel,TEC,T_TechPanel_Color.png;T_TechPanel_Normal.png;T_TechPanel_Roughness.png;T_TechPanel_Metalness.png,SurfaceAppearance,8,
A,A_S_18_Modern__WIN_COL,CP_WIN_COL,WIN_COL,F_WIN_COL.png (swatch only),"Material=Neon, Color=140,195,255 (CyberpunkConfig.NeonColors)",166,
A,A_S_18_Modern__WIN_VIO,CP_WIN_VIO,WIN_VIO,F_WIN_VIO.png (swatch only),"Material=Neon, Color=170,130,255 (CyberpunkConfig.NeonColors)",24,
A,A_S_19_Arcade_P01_VENT__MEC,CP_Mechanical,MEC,T_Mechanical_Color.png;T_Mechanical_Normal.png;T_Mechanical_Roughness.png;T_Mechanical_Metalness.png,SurfaceAppearance,44,PROTO_VENT__MEC
A,A_S_19_Arcade_P02_VENT__MEC,CP_Mechanical,MEC,T_Mechanical_Color.png;T_Mechanical_Normal.png;T_Mechanical_Roughness.png;T_Mechanical_Metalness.png,SurfaceAppearance,44,PROTO_VENT__MEC
A,A_S_19_Arcade_P03_STACK__MEC,CP_Mechanical,MEC,T_Mechanical_Color.png;T_Mechanical_Normal.png;T_Mechanical_Roughness.png;T_Mechanical_Metalness.png,SurfaceAppearance,128,PROTO_STACK__MEC
A,A_S_19_Arcade_P04_VENT__MEC,CP_Mechanical,MEC,T_Mechanical_Color.png;T_Mechanical_Normal.png;T_Mechanical_Roughness.png;T_Mechanical_Metalness.png,SurfaceAppearance,44,PROTO_VENT__MEC
A,A_S_19_Arcade_P05_FANBOX__MEC,CP_Mechanical,MEC,T_Mechanical_Color.png;T_Mechanical_Normal.png;T_Mechanical_Roughness.png;T_Mechanical_Metalness.png,SurfaceAppearance,50,PROTO_FANBOX__MEC
A,A_S_19_Arcade_P06_FANBOX__MEC,CP_Mechanical,MEC,T_Mechanical_Color.png;T_Mechanical_Normal.png;T_Mechanical_Roughness.png;T_Mechanical_Metalness.png,SurfaceAppearance,50,PROTO_FANBOX__MEC
A,A_S_19_Arcade__CON,CP_ConcreteDark,CON,T_ConcreteDark_Color.png;T_ConcreteDark_Normal.png;T_ConcreteDark_Roughness.png;T_ConcreteDark_Metalness.png,SurfaceAppearance,144,
A,A_S_19_Arcade__MEC,CP_Mechanical,MEC,T_Mechanical_Color.png;T_Mechanical_Normal.png;T_Mechanical_Roughness.png;T_Mechanical_Metalness.png,SurfaceAppearance,20,
A,A_S_19_Arcade__NEON_AMB,CP_NEON_AMB,NEON_AMB,F_NEON_AMB.png (swatch only),"Material=Neon, Color=255,150,25 (CyberpunkConfig.NeonColors)",12,
A,A_S_19_Arcade__NEON_CYN,CP_NEON_CYN,NEON_CYN,F_NEON_CYN.png (swatch only),"Material=Neon, Color=0,230,255 (CyberpunkConfig.NeonColors)",420,
A,A_S_19_Arcade__NEON_MAG,CP_NEON_MAG,NEON_MAG,F_NEON_MAG.png (swatch only),"Material=Neon, Color=255,25,175 (CyberpunkConfig.NeonColors)",20,
A,A_S_19_Arcade__NEON_RED,CP_NEON_RED,NEON_RED,F_NEON_RED.png (swatch only),"Material=Neon, Color=255,32,45 (CyberpunkConfig.NeonColors)",52,
A,A_S_19_Arcade__NEON_VIO,CP_NEON_VIO,NEON_VIO,F_NEON_VIO.png (swatch only),"Material=Neon, Color=150,45,255 (CyberpunkConfig.NeonColors)",520,
A,A_S_19_Arcade__PNL,CP_PanelMetal,PNL,T_PanelMetal_Color.png;T_PanelMetal_Normal.png;T_PanelMetal_Roughness.png;T_PanelMetal_Metalness.png,SurfaceAppearance,90,
A,A_S_19_Arcade__RIB,CP_GlassRibbon,RIB,T_GlassRibbon_Color.png;T_GlassRibbon_Normal.png;T_GlassRibbon_Roughness.png;T_GlassRibbon_Metalness.png,SurfaceAppearance,2,
A,A_S_19_Arcade__ROF,CP_RoofDeck,ROF,T_RoofDeck_Color.png;T_RoofDeck_Normal.png;T_RoofDeck_Roughness.png;T_RoofDeck_Metalness.png,SurfaceAppearance,4,
A,A_S_19_Arcade__SGH,CP_SignsH,SGH,signs_h.png,TextureID / SurfaceAppearance ColorMap (atlas),14,
A,A_S_19_Arcade__SGV,CP_SignsV,SGV,signs_v.png,TextureID / SurfaceAppearance ColorMap (atlas),8,
A,A_S_19_Arcade__SHOP_LIT,CP_SHOP_LIT,SHOP_LIT,F_SHOP_LIT.png (swatch only),"Material=Neon, Color=255,232,205 (CyberpunkConfig.NeonColors)",4,
A,A_S_19_Arcade__STL,CP_Steel,STL,T_Steel_Color.png;T_Steel_Normal.png;T_Steel_Roughness.png;T_Steel_Metalness.png,SurfaceAppearance,540,
A,A_S_19_Arcade__TEC,CP_TechPanel,TEC,T_TechPanel_Color.png;T_TechPanel_Normal.png;T_TechPanel_Roughness.png;T_TechPanel_Metalness.png,SurfaceAppearance,8,
A,A_S_19_Arcade__WIN_COL,CP_WIN_COL,WIN_COL,F_WIN_COL.png (swatch only),"Material=Neon, Color=140,195,255 (CyberpunkConfig.NeonColors)",24,
A,A_S_19_Arcade__WIN_PNK,CP_WIN_PNK,WIN_PNK,F_WIN_PNK.png (swatch only),"Material=Neon, Color=255,120,200 (CyberpunkConfig.NeonColors)",6,
A,A_S_19_Arcade__WIN_WRM,CP_WIN_WRM,WIN_WRM,F_WIN_WRM.png (swatch only),"Material=Neon, Color=255,190,125 (CyberpunkConfig.NeonColors)",118,
A,A_S_20_Mansion_P02_HVAC_S__MEC,CP_Mechanical,MEC,T_Mechanical_Color.png;T_Mechanical_Normal.png;T_Mechanical_Roughness.png;T_Mechanical_Metalness.png,SurfaceAppearance,32,PROTO_HVAC_S__MEC
A,A_S_20_Mansion_P03_DISH__MEC,CP_Mechanical,MEC,T_Mechanical_Color.png;T_Mechanical_Normal.png;T_Mechanical_Roughness.png;T_Mechanical_Metalness.png,SurfaceAppearance,22,PROTO_DISH__MEC
A,A_S_20_Mansion_P04_HVAC_S__MEC,CP_Mechanical,MEC,T_Mechanical_Color.png;T_Mechanical_Normal.png;T_Mechanical_Roughness.png;T_Mechanical_Metalness.png,SurfaceAppearance,32,PROTO_HVAC_S__MEC
A,A_S_20_Mansion_P05_VENT__MEC,CP_Mechanical,MEC,T_Mechanical_Color.png;T_Mechanical_Normal.png;T_Mechanical_Roughness.png;T_Mechanical_Metalness.png,SurfaceAppearance,44,PROTO_VENT__MEC
A,A_S_20_Mansion_P06_STACK__MEC,CP_Mechanical,MEC,T_Mechanical_Color.png;T_Mechanical_Normal.png;T_Mechanical_Roughness.png;T_Mechanical_Metalness.png,SurfaceAppearance,128,PROTO_STACK__MEC
A,A_S_20_Mansion_P07_HVAC_S__MEC,CP_Mechanical,MEC,T_Mechanical_Color.png;T_Mechanical_Normal.png;T_Mechanical_Roughness.png;T_Mechanical_Metalness.png,SurfaceAppearance,32,PROTO_HVAC_S__MEC
A,A_S_20_Mansion_P08_FANBOX__MEC,CP_Mechanical,MEC,T_Mechanical_Color.png;T_Mechanical_Normal.png;T_Mechanical_Roughness.png;T_Mechanical_Metalness.png,SurfaceAppearance,50,PROTO_FANBOX__MEC
A,A_S_20_Mansion_P09_VENT__MEC,CP_Mechanical,MEC,T_Mechanical_Color.png;T_Mechanical_Normal.png;T_Mechanical_Roughness.png;T_Mechanical_Metalness.png,SurfaceAppearance,44,PROTO_VENT__MEC
A,A_S_20_Mansion_P10_VENT__MEC,CP_Mechanical,MEC,T_Mechanical_Color.png;T_Mechanical_Normal.png;T_Mechanical_Roughness.png;T_Mechanical_Metalness.png,SurfaceAppearance,44,PROTO_VENT__MEC
A,A_S_20_Mansion_P11_VENT__MEC,CP_Mechanical,MEC,T_Mechanical_Color.png;T_Mechanical_Normal.png;T_Mechanical_Roughness.png;T_Mechanical_Metalness.png,SurfaceAppearance,44,PROTO_VENT__MEC
A,A_S_20_Mansion_P12_DISH__MEC,CP_Mechanical,MEC,T_Mechanical_Color.png;T_Mechanical_Normal.png;T_Mechanical_Roughness.png;T_Mechanical_Metalness.png,SurfaceAppearance,22,PROTO_DISH__MEC
A,A_S_20_Mansion_P13_HVAC_S__MEC,CP_Mechanical,MEC,T_Mechanical_Color.png;T_Mechanical_Normal.png;T_Mechanical_Roughness.png;T_Mechanical_Metalness.png,SurfaceAppearance,32,PROTO_HVAC_S__MEC
A,A_S_20_Mansion_P14_VENT__MEC,CP_Mechanical,MEC,T_Mechanical_Color.png;T_Mechanical_Normal.png;T_Mechanical_Roughness.png;T_Mechanical_Metalness.png,SurfaceAppearance,44,PROTO_VENT__MEC
A,A_S_20_Mansion_P15_HVAC_S__MEC,CP_Mechanical,MEC,T_Mechanical_Color.png;T_Mechanical_Normal.png;T_Mechanical_Roughness.png;T_Mechanical_Metalness.png,SurfaceAppearance,32,PROTO_HVAC_S__MEC
A,A_S_20_Mansion_V01_VEND_BODY__PNL,CP_PanelMetal,PNL,T_PanelMetal_Color.png;T_PanelMetal_Normal.png;T_PanelMetal_Roughness.png;T_PanelMetal_Metalness.png,SurfaceAppearance,10,PROTO_VEND_BODY__PNL
A,A_S_20_Mansion_V01_VEND_FACE__SHOP_LIT,CP_SHOP_LIT,SHOP_LIT,F_SHOP_LIT.png (swatch only),"Material=Neon, Color=255,232,205 (CyberpunkConfig.NeonColors)",2,PROTO_VEND_FACE__SHOP_LIT
A,A_S_20_Mansion__CON,CP_ConcreteDark,CON,T_ConcreteDark_Color.png;T_ConcreteDark_Normal.png;T_ConcreteDark_Roughness.png;T_ConcreteDark_Metalness.png,SurfaceAppearance,534,
A,A_S_20_Mansion__GLS,CP_GlassCurtain,GLS,T_GlassCurtain_Color.png;T_GlassCurtain_Normal.png;T_GlassCurtain_Roughness.png;T_GlassCurtain_Metalness.png,SurfaceAppearance (Color/Normal/Roughness/Metalness),8,
A,A_S_20_Mansion__MEC,CP_Mechanical,MEC,T_Mechanical_Color.png;T_Mechanical_Normal.png;T_Mechanical_Roughness.png;T_Mechanical_Metalness.png,SurfaceAppearance,486,
A,A_S_20_Mansion__NEON_AMB,CP_NEON_AMB,NEON_AMB,F_NEON_AMB.png (swatch only),"Material=Neon, Color=255,150,25 (CyberpunkConfig.NeonColors)",24,
A,A_S_20_Mansion__NEON_BLU,CP_NEON_BLU,NEON_BLU,F_NEON_BLU.png (swatch only),"Material=Neon, Color=30,95,255 (CyberpunkConfig.NeonColors)",60,
A,A_S_20_Mansion__NEON_CYN,CP_NEON_CYN,NEON_CYN,F_NEON_CYN.png (swatch only),"Material=Neon, Color=0,230,255 (CyberpunkConfig.NeonColors)",60,
A,A_S_20_Mansion__NEON_RED,CP_NEON_RED,NEON_RED,F_NEON_RED.png (swatch only),"Material=Neon, Color=255,32,45 (CyberpunkConfig.NeonColors)",20,
A,A_S_20_Mansion__NEON_VIO,CP_NEON_VIO,NEON_VIO,F_NEON_VIO.png (swatch only),"Material=Neon, Color=150,45,255 (CyberpunkConfig.NeonColors)",10,
A,A_S_20_Mansion__PNL,CP_PanelMetal,PNL,T_PanelMetal_Color.png;T_PanelMetal_Normal.png;T_PanelMetal_Roughness.png;T_PanelMetal_Metalness.png,SurfaceAppearance,50,
A,A_S_20_Mansion__ROF,CP_RoofDeck,ROF,T_RoofDeck_Color.png;T_RoofDeck_Normal.png;T_RoofDeck_Roughness.png;T_RoofDeck_Metalness.png,SurfaceAppearance,10,
A,A_S_20_Mansion__SGH,CP_SignsH,SGH,signs_h.png,TextureID / SurfaceAppearance ColorMap (atlas),10,
A,A_S_20_Mansion__SGV,CP_SignsV,SGV,signs_v.png,TextureID / SurfaceAppearance ColorMap (atlas),8,
A,A_S_20_Mansion__SHOP_LIT,CP_SHOP_LIT,SHOP_LIT,F_SHOP_LIT.png (swatch only),"Material=Neon, Color=255,232,205 (CyberpunkConfig.NeonColors)",4,
A,A_S_20_Mansion__STL,CP_Steel,STL,T_Steel_Color.png;T_Steel_Normal.png;T_Steel_Roughness.png;T_Steel_Metalness.png,SurfaceAppearance,534,
A,A_S_20_Mansion__TEC,CP_TechPanel,TEC,T_TechPanel_Color.png;T_TechPanel_Normal.png;T_TechPanel_Roughness.png;T_TechPanel_Metalness.png,SurfaceAppearance,146,
A,A_S_20_Mansion__WIN_VIO,CP_WIN_VIO,WIN_VIO,F_WIN_VIO.png (swatch only),"Material=Neon, Color=170,130,255 (CyberpunkConfig.NeonColors)",20,
A,A_S_20_Mansion__WIN_WRM,CP_WIN_WRM,WIN_WRM,F_WIN_WRM.png (swatch only),"Material=Neon, Color=255,190,125 (CyberpunkConfig.NeonColors)",92,
A,A_S_21_Zakkyo_P01_STACK__MEC,CP_Mechanical,MEC,T_Mechanical_Color.png;T_Mechanical_Normal.png;T_Mechanical_Roughness.png;T_Mechanical_Metalness.png,SurfaceAppearance,128,PROTO_STACK__MEC
A,A_S_21_Zakkyo_P02_VENT__MEC,CP_Mechanical,MEC,T_Mechanical_Color.png;T_Mechanical_Normal.png;T_Mechanical_Roughness.png;T_Mechanical_Metalness.png,SurfaceAppearance,44,PROTO_VENT__MEC
A,A_S_21_Zakkyo_P03_GEN__MEC,CP_Mechanical,MEC,T_Mechanical_Color.png;T_Mechanical_Normal.png;T_Mechanical_Roughness.png;T_Mechanical_Metalness.png,SurfaceAppearance,70,PROTO_GEN__MEC
A,A_S_21_Zakkyo_P04_HVAC_L__MEC,CP_Mechanical,MEC,T_Mechanical_Color.png;T_Mechanical_Normal.png;T_Mechanical_Roughness.png;T_Mechanical_Metalness.png,SurfaceAppearance,76,PROTO_HVAC_L__MEC
A,A_S_21_Zakkyo_P05_FANBOX__MEC,CP_Mechanical,MEC,T_Mechanical_Color.png;T_Mechanical_Normal.png;T_Mechanical_Roughness.png;T_Mechanical_Metalness.png,SurfaceAppearance,50,PROTO_FANBOX__MEC
A,A_S_21_Zakkyo__CON,CP_ConcreteDark,CON,T_ConcreteDark_Color.png;T_ConcreteDark_Normal.png;T_ConcreteDark_Roughness.png;T_ConcreteDark_Metalness.png,SurfaceAppearance,72,
A,A_S_21_Zakkyo__GLS,CP_GlassCurtain,GLS,T_GlassCurtain_Color.png;T_GlassCurtain_Normal.png;T_GlassCurtain_Roughness.png;T_GlassCurtain_Metalness.png,SurfaceAppearance (Color/Normal/Roughness/Metalness),12,
A,A_S_21_Zakkyo__MEC,CP_Mechanical,MEC,T_Mechanical_Color.png;T_Mechanical_Normal.png;T_Mechanical_Roughness.png;T_Mechanical_Metalness.png,SurfaceAppearance,50,
A,A_S_21_Zakkyo__NEON_CYN,CP_NEON_CYN,NEON_CYN,F_NEON_CYN.png (swatch only),"Material=Neon, Color=0,230,255 (CyberpunkConfig.NeonColors)",10,
A,A_S_21_Zakkyo__NEON_MAG,CP_NEON_MAG,NEON_MAG,F_NEON_MAG.png (swatch only),"Material=Neon, Color=255,25,175 (CyberpunkConfig.NeonColors)",50,
A,A_S_21_Zakkyo__PNL,CP_PanelMetal,PNL,T_PanelMetal_Color.png;T_PanelMetal_Normal.png;T_PanelMetal_Roughness.png;T_PanelMetal_Metalness.png,SurfaceAppearance,26,
A,A_S_21_Zakkyo__RIB,CP_GlassRibbon,RIB,T_GlassRibbon_Color.png;T_GlassRibbon_Normal.png;T_GlassRibbon_Roughness.png;T_GlassRibbon_Metalness.png,SurfaceAppearance,2,
A,A_S_21_Zakkyo__ROF,CP_RoofDeck,ROF,T_RoofDeck_Color.png;T_RoofDeck_Normal.png;T_RoofDeck_Roughness.png;T_RoofDeck_Metalness.png,SurfaceAppearance,6,
A,A_S_21_Zakkyo__SGV,CP_SignsV,SGV,signs_v.png,TextureID / SurfaceAppearance ColorMap (atlas),2,
A,A_S_21_Zakkyo__STL,CP_Steel,STL,T_Steel_Color.png;T_Steel_Normal.png;T_Steel_Roughness.png;T_Steel_Metalness.png,SurfaceAppearance,964,
A,A_S_21_Zakkyo__WIN_COL,CP_WIN_COL,WIN_COL,F_WIN_COL.png (swatch only),"Material=Neon, Color=140,195,255 (CyberpunkConfig.NeonColors)",2,
A,A_S_21_Zakkyo__WIN_PNK,CP_WIN_PNK,WIN_PNK,F_WIN_PNK.png (swatch only),"Material=Neon, Color=255,120,200 (CyberpunkConfig.NeonColors)",20,
A,A_S_21_Zakkyo__WIN_WRM,CP_WIN_WRM,WIN_WRM,F_WIN_WRM.png (swatch only),"Material=Neon, Color=255,190,125 (CyberpunkConfig.NeonColors)",156,
A,A_S_22_Zakkyo_P01_TANK__MEC,CP_Mechanical,MEC,T_Mechanical_Color.png;T_Mechanical_Normal.png;T_Mechanical_Roughness.png;T_Mechanical_Metalness.png,SurfaceAppearance,84,PROTO_TANK__MEC
A,A_S_22_Zakkyo_P02_COOL__MEC,CP_Mechanical,MEC,T_Mechanical_Color.png;T_Mechanical_Normal.png;T_Mechanical_Roughness.png;T_Mechanical_Metalness.png,SurfaceAppearance,66,PROTO_COOL__MEC
A,A_S_22_Zakkyo_P03_HVAC_S__MEC,CP_Mechanical,MEC,T_Mechanical_Color.png;T_Mechanical_Normal.png;T_Mechanical_Roughness.png;T_Mechanical_Metalness.png,SurfaceAppearance,32,PROTO_HVAC_S__MEC
A,A_S_22_Zakkyo__CON,CP_ConcreteDark,CON,T_ConcreteDark_Color.png;T_ConcreteDark_Normal.png;T_ConcreteDark_Roughness.png;T_ConcreteDark_Metalness.png,SurfaceAppearance,72,
A,A_S_22_Zakkyo__GLS,CP_GlassCurtain,GLS,T_GlassCurtain_Color.png;T_GlassCurtain_Normal.png;T_GlassCurtain_Roughness.png;T_GlassCurtain_Metalness.png,SurfaceAppearance (Color/Normal/Roughness/Metalness),12,
A,A_S_22_Zakkyo__MEC,CP_Mechanical,MEC,T_Mechanical_Color.png;T_Mechanical_Normal.png;T_Mechanical_Roughness.png;T_Mechanical_Metalness.png,SurfaceAppearance,110,
A,A_S_22_Zakkyo__NEON_CYN,CP_NEON_CYN,NEON_CYN,F_NEON_CYN.png (swatch only),"Material=Neon, Color=0,230,255 (CyberpunkConfig.NeonColors)",80,
A,A_S_22_Zakkyo__NEON_RED,CP_NEON_RED,NEON_RED,F_NEON_RED.png (swatch only),"Material=Neon, Color=255,32,45 (CyberpunkConfig.NeonColors)",32,
A,A_S_22_Zakkyo__NEON_VIO,CP_NEON_VIO,NEON_VIO,F_NEON_VIO.png (swatch only),"Material=Neon, Color=150,45,255 (CyberpunkConfig.NeonColors)",20,
A,A_S_22_Zakkyo__PNL,CP_PanelMetal,PNL,T_PanelMetal_Color.png;T_PanelMetal_Normal.png;T_PanelMetal_Roughness.png;T_PanelMetal_Metalness.png,SurfaceAppearance,26,
A,A_S_22_Zakkyo__RIB,CP_GlassRibbon,RIB,T_GlassRibbon_Color.png;T_GlassRibbon_Normal.png;T_GlassRibbon_Roughness.png;T_GlassRibbon_Metalness.png,SurfaceAppearance,2,
A,A_S_22_Zakkyo__ROF,CP_RoofDeck,ROF,T_RoofDeck_Color.png;T_RoofDeck_Normal.png;T_RoofDeck_Roughness.png;T_RoofDeck_Metalness.png,SurfaceAppearance,6,
A,A_S_22_Zakkyo__SGH,CP_SignsH,SGH,signs_h.png,TextureID / SurfaceAppearance ColorMap (atlas),2,
A,A_S_22_Zakkyo__SGV,CP_SignsV,SGV,signs_v.png,TextureID / SurfaceAppearance ColorMap (atlas),6,
A,A_S_22_Zakkyo__STL,CP_Steel,STL,T_Steel_Color.png;T_Steel_Normal.png;T_Steel_Roughness.png;T_Steel_Metalness.png,SurfaceAppearance,480,
A,A_S_22_Zakkyo__WIN_VIO,CP_WIN_VIO,WIN_VIO,F_WIN_VIO.png (swatch only),"Material=Neon, Color=170,130,255 (CyberpunkConfig.NeonColors)",28,
A,A_S_22_Zakkyo__WIN_WRM,CP_WIN_WRM,WIN_WRM,F_WIN_WRM.png (swatch only),"Material=Neon, Color=255,190,125 (CyberpunkConfig.NeonColors)",158,
A,A_S_23_Zakkyo_P01_COOL__MEC,CP_Mechanical,MEC,T_Mechanical_Color.png;T_Mechanical_Normal.png;T_Mechanical_Roughness.png;T_Mechanical_Metalness.png,SurfaceAppearance,66,PROTO_COOL__MEC
A,A_S_23_Zakkyo_P02_VENT__MEC,CP_Mechanical,MEC,T_Mechanical_Color.png;T_Mechanical_Normal.png;T_Mechanical_Roughness.png;T_Mechanical_Metalness.png,SurfaceAppearance,44,PROTO_VENT__MEC
A,A_S_23_Zakkyo_P03_STACK__MEC,CP_Mechanical,MEC,T_Mechanical_Color.png;T_Mechanical_Normal.png;T_Mechanical_Roughness.png;T_Mechanical_Metalness.png,SurfaceAppearance,128,PROTO_STACK__MEC
A,A_S_23_Zakkyo_P04_HVAC_S__MEC,CP_Mechanical,MEC,T_Mechanical_Color.png;T_Mechanical_Normal.png;T_Mechanical_Roughness.png;T_Mechanical_Metalness.png,SurfaceAppearance,32,PROTO_HVAC_S__MEC
A,A_S_23_Zakkyo_P05_COOL__MEC,CP_Mechanical,MEC,T_Mechanical_Color.png;T_Mechanical_Normal.png;T_Mechanical_Roughness.png;T_Mechanical_Metalness.png,SurfaceAppearance,66,PROTO_COOL__MEC
A,A_S_23_Zakkyo_P06_VENT__MEC,CP_Mechanical,MEC,T_Mechanical_Color.png;T_Mechanical_Normal.png;T_Mechanical_Roughness.png;T_Mechanical_Metalness.png,SurfaceAppearance,44,PROTO_VENT__MEC
A,A_S_23_Zakkyo_P07_COOL__MEC,CP_Mechanical,MEC,T_Mechanical_Color.png;T_Mechanical_Normal.png;T_Mechanical_Roughness.png;T_Mechanical_Metalness.png,SurfaceAppearance,66,PROTO_COOL__MEC
A,A_S_23_Zakkyo_P08_GEN__MEC,CP_Mechanical,MEC,T_Mechanical_Color.png;T_Mechanical_Normal.png;T_Mechanical_Roughness.png;T_Mechanical_Metalness.png,SurfaceAppearance,70,PROTO_GEN__MEC
A,A_S_23_Zakkyo_P09_DISH__MEC,CP_Mechanical,MEC,T_Mechanical_Color.png;T_Mechanical_Normal.png;T_Mechanical_Roughness.png;T_Mechanical_Metalness.png,SurfaceAppearance,22,PROTO_DISH__MEC
A,A_S_23_Zakkyo_P10_TANK__MEC,CP_Mechanical,MEC,T_Mechanical_Color.png;T_Mechanical_Normal.png;T_Mechanical_Roughness.png;T_Mechanical_Metalness.png,SurfaceAppearance,84,PROTO_TANK__MEC
A,A_S_23_Zakkyo_P11_VENT__MEC,CP_Mechanical,MEC,T_Mechanical_Color.png;T_Mechanical_Normal.png;T_Mechanical_Roughness.png;T_Mechanical_Metalness.png,SurfaceAppearance,44,PROTO_VENT__MEC
A,A_S_23_Zakkyo_P12_STACK__MEC,CP_Mechanical,MEC,T_Mechanical_Color.png;T_Mechanical_Normal.png;T_Mechanical_Roughness.png;T_Mechanical_Metalness.png,SurfaceAppearance,128,PROTO_STACK__MEC
A,A_S_23_Zakkyo_P13_VENT__MEC,CP_Mechanical,MEC,T_Mechanical_Color.png;T_Mechanical_Normal.png;T_Mechanical_Roughness.png;T_Mechanical_Metalness.png,SurfaceAppearance,44,PROTO_VENT__MEC
A,A_S_23_Zakkyo_P14_VENT__MEC,CP_Mechanical,MEC,T_Mechanical_Color.png;T_Mechanical_Normal.png;T_Mechanical_Roughness.png;T_Mechanical_Metalness.png,SurfaceAppearance,44,PROTO_VENT__MEC
A,A_S_23_Zakkyo__CON,CP_ConcreteDark,CON,T_ConcreteDark_Color.png;T_ConcreteDark_Normal.png;T_ConcreteDark_Roughness.png;T_ConcreteDark_Metalness.png,SurfaceAppearance,148,
A,A_S_23_Zakkyo__GLS,CP_GlassCurtain,GLS,T_GlassCurtain_Color.png;T_GlassCurtain_Normal.png;T_GlassCurtain_Roughness.png;T_GlassCurtain_Metalness.png,SurfaceAppearance (Color/Normal/Roughness/Metalness),52,
A,A_S_23_Zakkyo__MEC,CP_Mechanical,MEC,T_Mechanical_Color.png;T_Mechanical_Normal.png;T_Mechanical_Roughness.png;T_Mechanical_Metalness.png,SurfaceAppearance,110,
A,A_S_23_Zakkyo__NEON_AMB,CP_NEON_AMB,NEON_AMB,F_NEON_AMB.png (swatch only),"Material=Neon, Color=255,150,25 (CyberpunkConfig.NeonColors)",36,
A,A_S_23_Zakkyo__NEON_BLU,CP_NEON_BLU,NEON_BLU,F_NEON_BLU.png (swatch only),"Material=Neon, Color=30,95,255 (CyberpunkConfig.NeonColors)",140,
A,A_S_23_Zakkyo__NEON_MAG,CP_NEON_MAG,NEON_MAG,F_NEON_MAG.png (swatch only),"Material=Neon, Color=255,25,175 (CyberpunkConfig.NeonColors)",30,
A,A_S_23_Zakkyo__NEON_RED,CP_NEON_RED,NEON_RED,F_NEON_RED.png (swatch only),"Material=Neon, Color=255,32,45 (CyberpunkConfig.NeonColors)",52,
A,A_S_23_Zakkyo__NEON_WHT,CP_NEON_WHT,NEON_WHT,F_NEON_WHT.png (swatch only),"Material=Neon, Color=215,228,255 (CyberpunkConfig.NeonColors)",30,
A,A_S_23_Zakkyo__PNL,CP_PanelMetal,PNL,T_PanelMetal_Color.png;T_PanelMetal_Normal.png;T_PanelMetal_Roughness.png;T_PanelMetal_Metalness.png,SurfaceAppearance,330,
A,A_S_23_Zakkyo__ROF,CP_RoofDeck,ROF,T_RoofDeck_Color.png;T_RoofDeck_Normal.png;T_RoofDeck_Roughness.png;T_RoofDeck_Metalness.png,SurfaceAppearance,6,
A,A_S_23_Zakkyo__SGH,CP_SignsH,SGH,signs_h.png,TextureID / SurfaceAppearance ColorMap (atlas),14,
A,A_S_23_Zakkyo__SGV,CP_SignsV,SGV,signs_v.png,TextureID / SurfaceAppearance ColorMap (atlas),12,
A,A_S_23_Zakkyo__SHOP_LIT,CP_SHOP_LIT,SHOP_LIT,F_SHOP_LIT.png (swatch only),"Material=Neon, Color=255,232,205 (CyberpunkConfig.NeonColors)",2,
A,A_S_23_Zakkyo__STL,CP_Steel,STL,T_Steel_Color.png;T_Steel_Normal.png;T_Steel_Roughness.png;T_Steel_Metalness.png,SurfaceAppearance,1086,
A,A_S_23_Zakkyo__WIN_COL,CP_WIN_COL,WIN_COL,F_WIN_COL.png (swatch only),"Material=Neon, Color=140,195,255 (CyberpunkConfig.NeonColors)",182,
A,A_S_23_Zakkyo__WIN_PNK,CP_WIN_PNK,WIN_PNK,F_WIN_PNK.png (swatch only),"Material=Neon, Color=255,120,200 (CyberpunkConfig.NeonColors)",2,
A,A_S_23_Zakkyo__WIN_VIO,CP_WIN_VIO,WIN_VIO,F_WIN_VIO.png (swatch only),"Material=Neon, Color=170,130,255 (CyberpunkConfig.NeonColors)",2,
A,A_S_23_Zakkyo__WIN_WRM,CP_WIN_WRM,WIN_WRM,F_WIN_WRM.png (swatch only),"Material=Neon, Color=255,190,125 (CyberpunkConfig.NeonColors)",30,
A,A_S_24_Mansion_P01_HVAC_S__MEC,CP_Mechanical,MEC,T_Mechanical_Color.png;T_Mechanical_Normal.png;T_Mechanical_Roughness.png;T_Mechanical_Metalness.png,SurfaceAppearance,32,PROTO_HVAC_S__MEC
A,A_S_24_Mansion_P02_STACK__MEC,CP_Mechanical,MEC,T_Mechanical_Color.png;T_Mechanical_Normal.png;T_Mechanical_Roughness.png;T_Mechanical_Metalness.png,SurfaceAppearance,128,PROTO_STACK__MEC
A,A_S_24_Mansion_P03_DISH__MEC,CP_Mechanical,MEC,T_Mechanical_Color.png;T_Mechanical_Normal.png;T_Mechanical_Roughness.png;T_Mechanical_Metalness.png,SurfaceAppearance,22,PROTO_DISH__MEC
A,A_S_24_Mansion_P04_FANBOX__MEC,CP_Mechanical,MEC,T_Mechanical_Color.png;T_Mechanical_Normal.png;T_Mechanical_Roughness.png;T_Mechanical_Metalness.png,SurfaceAppearance,50,PROTO_FANBOX__MEC
A,A_S_24_Mansion_P05_STACK__MEC,CP_Mechanical,MEC,T_Mechanical_Color.png;T_Mechanical_Normal.png;T_Mechanical_Roughness.png;T_Mechanical_Metalness.png,SurfaceAppearance,128,PROTO_STACK__MEC
A,A_S_24_Mansion_P06_HVAC_S__MEC,CP_Mechanical,MEC,T_Mechanical_Color.png;T_Mechanical_Normal.png;T_Mechanical_Roughness.png;T_Mechanical_Metalness.png,SurfaceAppearance,32,PROTO_HVAC_S__MEC
A,A_S_24_Mansion_P07_HVAC_S__MEC,CP_Mechanical,MEC,T_Mechanical_Color.png;T_Mechanical_Normal.png;T_Mechanical_Roughness.png;T_Mechanical_Metalness.png,SurfaceAppearance,32,PROTO_HVAC_S__MEC
A,A_S_24_Mansion__CON,CP_ConcreteDark,CON,T_ConcreteDark_Color.png;T_ConcreteDark_Normal.png;T_ConcreteDark_Roughness.png;T_ConcreteDark_Metalness.png,SurfaceAppearance,248,
A,A_S_24_Mansion__GLS,CP_GlassCurtain,GLS,T_GlassCurtain_Color.png;T_GlassCurtain_Normal.png;T_GlassCurtain_Roughness.png;T_GlassCurtain_Metalness.png,SurfaceAppearance (Color/Normal/Roughness/Metalness),2,
A,A_S_24_Mansion__MEC,CP_Mechanical,MEC,T_Mechanical_Color.png;T_Mechanical_Normal.png;T_Mechanical_Roughness.png;T_Mechanical_Metalness.png,SurfaceAppearance,124,
A,A_S_24_Mansion__NEON_AMB,CP_NEON_AMB,NEON_AMB,F_NEON_AMB.png (swatch only),"Material=Neon, Color=255,150,25 (CyberpunkConfig.NeonColors)",12,
A,A_S_24_Mansion__NEON_CYN,CP_NEON_CYN,NEON_CYN,F_NEON_CYN.png (swatch only),"Material=Neon, Color=0,230,255 (CyberpunkConfig.NeonColors)",10,
A,A_S_24_Mansion__NEON_MAG,CP_NEON_MAG,NEON_MAG,F_NEON_MAG.png (swatch only),"Material=Neon, Color=255,25,175 (CyberpunkConfig.NeonColors)",40,
A,A_S_24_Mansion__NEON_RED,CP_NEON_RED,NEON_RED,F_NEON_RED.png (swatch only),"Material=Neon, Color=255,32,45 (CyberpunkConfig.NeonColors)",62,
A,A_S_24_Mansion__PNL,CP_PanelMetal,PNL,T_PanelMetal_Color.png;T_PanelMetal_Normal.png;T_PanelMetal_Roughness.png;T_PanelMetal_Metalness.png,SurfaceAppearance,46,
A,A_S_24_Mansion__ROF,CP_RoofDeck,ROF,T_RoofDeck_Color.png;T_RoofDeck_Normal.png;T_RoofDeck_Roughness.png;T_RoofDeck_Metalness.png,SurfaceAppearance,4,
A,A_S_24_Mansion__SGH,CP_SignsH,SGH,signs_h.png,TextureID / SurfaceAppearance ColorMap (atlas),10,
A,A_S_24_Mansion__SGV,CP_SignsV,SGV,signs_v.png,TextureID / SurfaceAppearance ColorMap (atlas),12,
A,A_S_24_Mansion__SHOP_LIT,CP_SHOP_LIT,SHOP_LIT,F_SHOP_LIT.png (swatch only),"Material=Neon, Color=255,232,205 (CyberpunkConfig.NeonColors)",4,
A,A_S_24_Mansion__STL,CP_Steel,STL,T_Steel_Color.png;T_Steel_Normal.png;T_Steel_Roughness.png;T_Steel_Metalness.png,SurfaceAppearance,562,
A,A_S_24_Mansion__TEC,CP_TechPanel,TEC,T_TechPanel_Color.png;T_TechPanel_Normal.png;T_TechPanel_Roughness.png;T_TechPanel_Metalness.png,SurfaceAppearance,50,
A,A_S_24_Mansion__WIN_WRM,CP_WIN_WRM,WIN_WRM,F_WIN_WRM.png (swatch only),"Material=Neon, Color=255,190,125 (CyberpunkConfig.NeonColors)",130,
A,A_S_25_Zakkyo_P02_HVAC_S__MEC,CP_Mechanical,MEC,T_Mechanical_Color.png;T_Mechanical_Normal.png;T_Mechanical_Roughness.png;T_Mechanical_Metalness.png,SurfaceAppearance,32,PROTO_HVAC_S__MEC
A,A_S_25_Zakkyo_P03_VENT__MEC,CP_Mechanical,MEC,T_Mechanical_Color.png;T_Mechanical_Normal.png;T_Mechanical_Roughness.png;T_Mechanical_Metalness.png,SurfaceAppearance,44,PROTO_VENT__MEC
A,A_S_25_Zakkyo_P04_HVAC_S__MEC,CP_Mechanical,MEC,T_Mechanical_Color.png;T_Mechanical_Normal.png;T_Mechanical_Roughness.png;T_Mechanical_Metalness.png,SurfaceAppearance,32,PROTO_HVAC_S__MEC
A,A_S_25_Zakkyo_P05_HVAC_S__MEC,CP_Mechanical,MEC,T_Mechanical_Color.png;T_Mechanical_Normal.png;T_Mechanical_Roughness.png;T_Mechanical_Metalness.png,SurfaceAppearance,32,PROTO_HVAC_S__MEC
A,A_S_25_Zakkyo_P06_VENT__MEC,CP_Mechanical,MEC,T_Mechanical_Color.png;T_Mechanical_Normal.png;T_Mechanical_Roughness.png;T_Mechanical_Metalness.png,SurfaceAppearance,44,PROTO_VENT__MEC
A,A_S_25_Zakkyo_P07_HVAC_S__MEC,CP_Mechanical,MEC,T_Mechanical_Color.png;T_Mechanical_Normal.png;T_Mechanical_Roughness.png;T_Mechanical_Metalness.png,SurfaceAppearance,32,PROTO_HVAC_S__MEC
A,A_S_25_Zakkyo_P08_STACK__MEC,CP_Mechanical,MEC,T_Mechanical_Color.png;T_Mechanical_Normal.png;T_Mechanical_Roughness.png;T_Mechanical_Metalness.png,SurfaceAppearance,128,PROTO_STACK__MEC
A,A_S_25_Zakkyo_P09_VENT__MEC,CP_Mechanical,MEC,T_Mechanical_Color.png;T_Mechanical_Normal.png;T_Mechanical_Roughness.png;T_Mechanical_Metalness.png,SurfaceAppearance,44,PROTO_VENT__MEC
A,A_S_25_Zakkyo_P10_VENT__MEC,CP_Mechanical,MEC,T_Mechanical_Color.png;T_Mechanical_Normal.png;T_Mechanical_Roughness.png;T_Mechanical_Metalness.png,SurfaceAppearance,44,PROTO_VENT__MEC
A,A_S_25_Zakkyo_P11_VENT__MEC,CP_Mechanical,MEC,T_Mechanical_Color.png;T_Mechanical_Normal.png;T_Mechanical_Roughness.png;T_Mechanical_Metalness.png,SurfaceAppearance,44,PROTO_VENT__MEC
A,A_S_25_Zakkyo_P12_VENT__MEC,CP_Mechanical,MEC,T_Mechanical_Color.png;T_Mechanical_Normal.png;T_Mechanical_Roughness.png;T_Mechanical_Metalness.png,SurfaceAppearance,44,PROTO_VENT__MEC
A,A_S_25_Zakkyo_P13_VENT__MEC,CP_Mechanical,MEC,T_Mechanical_Color.png;T_Mechanical_Normal.png;T_Mechanical_Roughness.png;T_Mechanical_Metalness.png,SurfaceAppearance,44,PROTO_VENT__MEC
A,A_S_25_Zakkyo_P14_HVAC_S__MEC,CP_Mechanical,MEC,T_Mechanical_Color.png;T_Mechanical_Normal.png;T_Mechanical_Roughness.png;T_Mechanical_Metalness.png,SurfaceAppearance,32,PROTO_HVAC_S__MEC
A,A_S_25_Zakkyo_P15_HVAC_S__MEC,CP_Mechanical,MEC,T_Mechanical_Color.png;T_Mechanical_Normal.png;T_Mechanical_Roughness.png;T_Mechanical_Metalness.png,SurfaceAppearance,32,PROTO_HVAC_S__MEC
A,A_S_25_Zakkyo_V01_VEND_BODY__PNL,CP_PanelMetal,PNL,T_PanelMetal_Color.png;T_PanelMetal_Normal.png;T_PanelMetal_Roughness.png;T_PanelMetal_Metalness.png,SurfaceAppearance,10,PROTO_VEND_BODY__PNL
A,A_S_25_Zakkyo_V01_VEND_FACE__SHOP_LIT,CP_SHOP_LIT,SHOP_LIT,F_SHOP_LIT.png (swatch only),"Material=Neon, Color=255,232,205 (CyberpunkConfig.NeonColors)",2,PROTO_VEND_FACE__SHOP_LIT
A,A_S_25_Zakkyo__CON,CP_ConcreteDark,CON,T_ConcreteDark_Color.png;T_ConcreteDark_Normal.png;T_ConcreteDark_Roughness.png;T_ConcreteDark_Metalness.png,SurfaceAppearance,100,
A,A_S_25_Zakkyo__GLS,CP_GlassCurtain,GLS,T_GlassCurtain_Color.png;T_GlassCurtain_Normal.png;T_GlassCurtain_Roughness.png;T_GlassCurtain_Metalness.png,SurfaceAppearance (Color/Normal/Roughness/Metalness),76,
A,A_S_25_Zakkyo__MEC,CP_Mechanical,MEC,T_Mechanical_Color.png;T_Mechanical_Normal.png;T_Mechanical_Roughness.png;T_Mechanical_Metalness.png,SurfaceAppearance,134,
A,A_S_25_Zakkyo__NEON_AMB,CP_NEON_AMB,NEON_AMB,F_NEON_AMB.png (swatch only),"Material=Neon, Color=255,150,25 (CyberpunkConfig.NeonColors)",12,
A,A_S_25_Zakkyo__NEON_CYN,CP_NEON_CYN,NEON_CYN,F_NEON_CYN.png (swatch only),"Material=Neon, Color=0,230,255 (CyberpunkConfig.NeonColors)",50,
A,A_S_25_Zakkyo__NEON_MAG,CP_NEON_MAG,NEON_MAG,F_NEON_MAG.png (swatch only),"Material=Neon, Color=255,25,175 (CyberpunkConfig.NeonColors)",160,
A,A_S_25_Zakkyo__NEON_RED,CP_NEON_RED,NEON_RED,F_NEON_RED.png (swatch only),"Material=Neon, Color=255,32,45 (CyberpunkConfig.NeonColors)",32,
A,A_S_25_Zakkyo__NEON_WHT,CP_NEON_WHT,NEON_WHT,F_NEON_WHT.png (swatch only),"Material=Neon, Color=215,228,255 (CyberpunkConfig.NeonColors)",48,
A,A_S_25_Zakkyo__PNL,CP_PanelMetal,PNL,T_PanelMetal_Color.png;T_PanelMetal_Normal.png;T_PanelMetal_Roughness.png;T_PanelMetal_Metalness.png,SurfaceAppearance,446,
A,A_S_25_Zakkyo__RIB,CP_GlassRibbon,RIB,T_GlassRibbon_Color.png;T_GlassRibbon_Normal.png;T_GlassRibbon_Roughness.png;T_GlassRibbon_Metalness.png,SurfaceAppearance,2,
A,A_S_25_Zakkyo__ROF,CP_RoofDeck,ROF,T_RoofDeck_Color.png;T_RoofDeck_Normal.png;T_RoofDeck_Roughness.png;T_RoofDeck_Metalness.png,SurfaceAppearance,8,
A,A_S_25_Zakkyo__SGH,CP_SignsH,SGH,signs_h.png,TextureID / SurfaceAppearance ColorMap (atlas),20,
A,A_S_25_Zakkyo__SGV,CP_SignsV,SGV,signs_v.png,TextureID / SurfaceAppearance ColorMap (atlas),16,
A,A_S_25_Zakkyo__SHOP_LIT,CP_SHOP_LIT,SHOP_LIT,F_SHOP_LIT.png (swatch only),"Material=Neon, Color=255,232,205 (CyberpunkConfig.NeonColors)",2,
A,A_S_25_Zakkyo__STL,CP_Steel,STL,T_Steel_Color.png;T_Steel_Normal.png;T_Steel_Roughness.png;T_Steel_Metalness.png,SurfaceAppearance,1208,
A,A_S_25_Zakkyo__TEC,CP_TechPanel,TEC,T_TechPanel_Color.png;T_TechPanel_Normal.png;T_TechPanel_Roughness.png;T_TechPanel_Metalness.png,SurfaceAppearance,8,
A,A_S_25_Zakkyo__WIN_COL,CP_WIN_COL,WIN_COL,F_WIN_COL.png (swatch only),"Material=Neon, Color=140,195,255 (CyberpunkConfig.NeonColors)",2,
A,A_S_25_Zakkyo__WIN_WRM,CP_WIN_WRM,WIN_WRM,F_WIN_WRM.png (swatch only),"Material=Neon, Color=255,190,125 (CyberpunkConfig.NeonColors)",210,
A,A_S_26_Louver_P02_VENT__MEC,CP_Mechanical,MEC,T_Mechanical_Color.png;T_Mechanical_Normal.png;T_Mechanical_Roughness.png;T_Mechanical_Metalness.png,SurfaceAppearance,44,PROTO_VENT__MEC
A,A_S_26_Louver_P03_VENT__MEC,CP_Mechanical,MEC,T_Mechanical_Color.png;T_Mechanical_Normal.png;T_Mechanical_Roughness.png;T_Mechanical_Metalness.png,SurfaceAppearance,44,PROTO_VENT__MEC
A,A_S_26_Louver_P04_VENT__MEC,CP_Mechanical,MEC,T_Mechanical_Color.png;T_Mechanical_Normal.png;T_Mechanical_Roughness.png;T_Mechanical_Metalness.png,SurfaceAppearance,44,PROTO_VENT__MEC
A,A_S_26_Louver_P05_VENT__MEC,CP_Mechanical,MEC,T_Mechanical_Color.png;T_Mechanical_Normal.png;T_Mechanical_Roughness.png;T_Mechanical_Metalness.png,SurfaceAppearance,44,PROTO_VENT__MEC
A,A_S_26_Louver_P06_HVAC_S__MEC,CP_Mechanical,MEC,T_Mechanical_Color.png;T_Mechanical_Normal.png;T_Mechanical_Roughness.png;T_Mechanical_Metalness.png,SurfaceAppearance,32,PROTO_HVAC_S__MEC
A,A_S_26_Louver_P07_HVAC_S__MEC,CP_Mechanical,MEC,T_Mechanical_Color.png;T_Mechanical_Normal.png;T_Mechanical_Roughness.png;T_Mechanical_Metalness.png,SurfaceAppearance,32,PROTO_HVAC_S__MEC
A,A_S_26_Louver_P08_HVAC_L__MEC,CP_Mechanical,MEC,T_Mechanical_Color.png;T_Mechanical_Normal.png;T_Mechanical_Roughness.png;T_Mechanical_Metalness.png,SurfaceAppearance,76,PROTO_HVAC_L__MEC
A,A_S_26_Louver_V01_VEND_BODY__PNL,CP_PanelMetal,PNL,T_PanelMetal_Color.png;T_PanelMetal_Normal.png;T_PanelMetal_Roughness.png;T_PanelMetal_Metalness.png,SurfaceAppearance,10,PROTO_VEND_BODY__PNL
A,A_S_26_Louver_V01_VEND_FACE__SHOP_LIT,CP_SHOP_LIT,SHOP_LIT,F_SHOP_LIT.png (swatch only),"Material=Neon, Color=255,232,205 (CyberpunkConfig.NeonColors)",2,PROTO_VEND_FACE__SHOP_LIT
A,A_S_26_Louver__CON,CP_ConcreteDark,CON,T_ConcreteDark_Color.png;T_ConcreteDark_Normal.png;T_ConcreteDark_Roughness.png;T_ConcreteDark_Metalness.png,SurfaceAppearance,110,
A,A_S_26_Louver__GLS,CP_GlassCurtain,GLS,T_GlassCurtain_Color.png;T_GlassCurtain_Normal.png;T_GlassCurtain_Roughness.png;T_GlassCurtain_Metalness.png,SurfaceAppearance (Color/Normal/Roughness/Metalness),6,
A,A_S_26_Louver__MEC,CP_Mechanical,MEC,T_Mechanical_Color.png;T_Mechanical_Normal.png;T_Mechanical_Roughness.png;T_Mechanical_Metalness.png,SurfaceAppearance,130,
A,A_S_26_Louver__NEON_AMB,CP_NEON_AMB,NEON_AMB,F_NEON_AMB.png (swatch only),"Material=Neon, Color=255,150,25 (CyberpunkConfig.NeonColors)",12,
A,A_S_26_Louver__NEON_CYN,CP_NEON_CYN,NEON_CYN,F_NEON_CYN.png (swatch only),"Material=Neon, Color=0,230,255 (CyberpunkConfig.NeonColors)",20,
A,A_S_26_Louver__NEON_MAG,CP_NEON_MAG,NEON_MAG,F_NEON_MAG.png (swatch only),"Material=Neon, Color=255,25,175 (CyberpunkConfig.NeonColors)",10,
A,A_S_26_Louver__NEON_RED,CP_NEON_RED,NEON_RED,F_NEON_RED.png (swatch only),"Material=Neon, Color=255,32,45 (CyberpunkConfig.NeonColors)",44,
A,A_S_26_Louver__PNL,CP_PanelMetal,PNL,T_PanelMetal_Color.png;T_PanelMetal_Normal.png;T_PanelMetal_Roughness.png;T_PanelMetal_Metalness.png,SurfaceAppearance,132,
A,A_S_26_Louver__RIB,CP_GlassRibbon,RIB,T_GlassRibbon_Color.png;T_GlassRibbon_Normal.png;T_GlassRibbon_Roughness.png;T_GlassRibbon_Metalness.png,SurfaceAppearance,2,
A,A_S_26_Louver__ROF,CP_RoofDeck,ROF,T_RoofDeck_Color.png;T_RoofDeck_Normal.png;T_RoofDeck_Roughness.png;T_RoofDeck_Metalness.png,SurfaceAppearance,12,
A,A_S_26_Louver__SGH,CP_SignsH,SGH,signs_h.png,TextureID / SurfaceAppearance ColorMap (atlas),6,
A,A_S_26_Louver__SGV,CP_SignsV,SGV,signs_v.png,TextureID / SurfaceAppearance ColorMap (atlas),2,
A,A_S_26_Louver__SHOP_LIT,CP_SHOP_LIT,SHOP_LIT,F_SHOP_LIT.png (swatch only),"Material=Neon, Color=255,232,205 (CyberpunkConfig.NeonColors)",4,
A,A_S_26_Louver__STL,CP_Steel,STL,T_Steel_Color.png;T_Steel_Normal.png;T_Steel_Roughness.png;T_Steel_Metalness.png,SurfaceAppearance,1174,
A,A_S_26_Louver__WIN_COL,CP_WIN_COL,WIN_COL,F_WIN_COL.png (swatch only),"Material=Neon, Color=140,195,255 (CyberpunkConfig.NeonColors)",150,
A,A_S_26_Louver__WIN_WRM,CP_WIN_WRM,WIN_WRM,F_WIN_WRM.png (swatch only),"Material=Neon, Color=255,190,125 (CyberpunkConfig.NeonColors)",24,
A,A_S_27_Zakkyo_P01_HVAC_S__MEC,CP_Mechanical,MEC,T_Mechanical_Color.png;T_Mechanical_Normal.png;T_Mechanical_Roughness.png;T_Mechanical_Metalness.png,SurfaceAppearance,32,PROTO_HVAC_S__MEC
A,A_S_27_Zakkyo_P02_STACK__MEC,CP_Mechanical,MEC,T_Mechanical_Color.png;T_Mechanical_Normal.png;T_Mechanical_Roughness.png;T_Mechanical_Metalness.png,SurfaceAppearance,128,PROTO_STACK__MEC
A,A_S_27_Zakkyo_P03_HVAC_S__MEC,CP_Mechanical,MEC,T_Mechanical_Color.png;T_Mechanical_Normal.png;T_Mechanical_Roughness.png;T_Mechanical_Metalness.png,SurfaceAppearance,32,PROTO_HVAC_S__MEC
A,A_S_27_Zakkyo_P04_STACK__MEC,CP_Mechanical,MEC,T_Mechanical_Color.png;T_Mechanical_Normal.png;T_Mechanical_Roughness.png;T_Mechanical_Metalness.png,SurfaceAppearance,128,PROTO_STACK__MEC
A,A_S_27_Zakkyo_P05_VENT__MEC,CP_Mechanical,MEC,T_Mechanical_Color.png;T_Mechanical_Normal.png;T_Mechanical_Roughness.png;T_Mechanical_Metalness.png,SurfaceAppearance,44,PROTO_VENT__MEC
A,A_S_27_Zakkyo_P06_VENT__MEC,CP_Mechanical,MEC,T_Mechanical_Color.png;T_Mechanical_Normal.png;T_Mechanical_Roughness.png;T_Mechanical_Metalness.png,SurfaceAppearance,44,PROTO_VENT__MEC
A,A_S_27_Zakkyo_P07_HVAC_S__MEC,CP_Mechanical,MEC,T_Mechanical_Color.png;T_Mechanical_Normal.png;T_Mechanical_Roughness.png;T_Mechanical_Metalness.png,SurfaceAppearance,32,PROTO_HVAC_S__MEC
A,A_S_27_Zakkyo_P08_DISH__MEC,CP_Mechanical,MEC,T_Mechanical_Color.png;T_Mechanical_Normal.png;T_Mechanical_Roughness.png;T_Mechanical_Metalness.png,SurfaceAppearance,22,PROTO_DISH__MEC
A,A_S_27_Zakkyo_P09_HVAC_S__MEC,CP_Mechanical,MEC,T_Mechanical_Color.png;T_Mechanical_Normal.png;T_Mechanical_Roughness.png;T_Mechanical_Metalness.png,SurfaceAppearance,32,PROTO_HVAC_S__MEC
A,A_S_27_Zakkyo__CON,CP_ConcreteDark,CON,T_ConcreteDark_Color.png;T_ConcreteDark_Normal.png;T_ConcreteDark_Roughness.png;T_ConcreteDark_Metalness.png,SurfaceAppearance,112,
A,A_S_27_Zakkyo__GLS,CP_GlassCurtain,GLS,T_GlassCurtain_Color.png;T_GlassCurtain_Normal.png;T_GlassCurtain_Roughness.png;T_GlassCurtain_Metalness.png,SurfaceAppearance (Color/Normal/Roughness/Metalness),56,
A,A_S_27_Zakkyo__MEC,CP_Mechanical,MEC,T_Mechanical_Color.png;T_Mechanical_Normal.png;T_Mechanical_Roughness.png;T_Mechanical_Metalness.png,SurfaceAppearance,126,
A,A_S_27_Zakkyo__NEON_MAG,CP_NEON_MAG,NEON_MAG,F_NEON_MAG.png (swatch only),"Material=Neon, Color=255,25,175 (CyberpunkConfig.NeonColors)",20,
A,A_S_27_Zakkyo__NEON_RED,CP_NEON_RED,NEON_RED,F_NEON_RED.png (swatch only),"Material=Neon, Color=255,32,45 (CyberpunkConfig.NeonColors)",12,
A,A_S_27_Zakkyo__NEON_VIO,CP_NEON_VIO,NEON_VIO,F_NEON_VIO.png (swatch only),"Material=Neon, Color=150,45,255 (CyberpunkConfig.NeonColors)",20,
A,A_S_27_Zakkyo__PNL,CP_PanelMetal,PNL,T_PanelMetal_Color.png;T_PanelMetal_Normal.png;T_PanelMetal_Roughness.png;T_PanelMetal_Metalness.png,SurfaceAppearance,336,
A,A_S_27_Zakkyo__ROF,CP_RoofDeck,ROF,T_RoofDeck_Color.png;T_RoofDeck_Normal.png;T_RoofDeck_Roughness.png;T_RoofDeck_Metalness.png,SurfaceAppearance,10,
A,A_S_27_Zakkyo__SGH,CP_SignsH,SGH,signs_h.png,TextureID / SurfaceAppearance ColorMap (atlas),14,
A,A_S_27_Zakkyo__SGV,CP_SignsV,SGV,signs_v.png,TextureID / SurfaceAppearance ColorMap (atlas),10,
A,A_S_27_Zakkyo__SHOP_LIT,CP_SHOP_LIT,SHOP_LIT,F_SHOP_LIT.png (swatch only),"Material=Neon, Color=255,232,205 (CyberpunkConfig.NeonColors)",2,
A,A_S_27_Zakkyo__STL,CP_Steel,STL,T_Steel_Color.png;T_Steel_Normal.png;T_Steel_Roughness.png;T_Steel_Metalness.png,SurfaceAppearance,594,
A,A_S_27_Zakkyo__TEC,CP_TechPanel,TEC,T_TechPanel_Color.png;T_TechPanel_Normal.png;T_TechPanel_Roughness.png;T_TechPanel_Metalness.png,SurfaceAppearance,8,
A,A_S_27_Zakkyo__WIN_VIO,CP_WIN_VIO,WIN_VIO,F_WIN_VIO.png (swatch only),"Material=Neon, Color=170,130,255 (CyberpunkConfig.NeonColors)",18,
A,A_S_27_Zakkyo__WIN_WRM,CP_WIN_WRM,WIN_WRM,F_WIN_WRM.png (swatch only),"Material=Neon, Color=255,190,125 (CyberpunkConfig.NeonColors)",144,
A,A_S_28_Low_P03_FANBOX__MEC,CP_Mechanical,MEC,T_Mechanical_Color.png;T_Mechanical_Normal.png;T_Mechanical_Roughness.png;T_Mechanical_Metalness.png,SurfaceAppearance,50,PROTO_FANBOX__MEC
A,A_S_28_Low_P04_STACK__MEC,CP_Mechanical,MEC,T_Mechanical_Color.png;T_Mechanical_Normal.png;T_Mechanical_Roughness.png;T_Mechanical_Metalness.png,SurfaceAppearance,128,PROTO_STACK__MEC
A,A_S_28_Low_P05_HVAC_S__MEC,CP_Mechanical,MEC,T_Mechanical_Color.png;T_Mechanical_Normal.png;T_Mechanical_Roughness.png;T_Mechanical_Metalness.png,SurfaceAppearance,32,PROTO_HVAC_S__MEC
A,A_S_28_Low_P06_VENT__MEC,CP_Mechanical,MEC,T_Mechanical_Color.png;T_Mechanical_Normal.png;T_Mechanical_Roughness.png;T_Mechanical_Metalness.png,SurfaceAppearance,44,PROTO_VENT__MEC
A,A_S_28_Low_P07_VENT__MEC,CP_Mechanical,MEC,T_Mechanical_Color.png;T_Mechanical_Normal.png;T_Mechanical_Roughness.png;T_Mechanical_Metalness.png,SurfaceAppearance,44,PROTO_VENT__MEC
A,A_S_28_Low_P08_HVAC_S__MEC,CP_Mechanical,MEC,T_Mechanical_Color.png;T_Mechanical_Normal.png;T_Mechanical_Roughness.png;T_Mechanical_Metalness.png,SurfaceAppearance,32,PROTO_HVAC_S__MEC
A,A_S_28_Low_P09_VENT__MEC,CP_Mechanical,MEC,T_Mechanical_Color.png;T_Mechanical_Normal.png;T_Mechanical_Roughness.png;T_Mechanical_Metalness.png,SurfaceAppearance,44,PROTO_VENT__MEC
A,A_S_28_Low_P10_VENT__MEC,CP_Mechanical,MEC,T_Mechanical_Color.png;T_Mechanical_Normal.png;T_Mechanical_Roughness.png;T_Mechanical_Metalness.png,SurfaceAppearance,44,PROTO_VENT__MEC
A,A_S_28_Low_P11_STACK__MEC,CP_Mechanical,MEC,T_Mechanical_Color.png;T_Mechanical_Normal.png;T_Mechanical_Roughness.png;T_Mechanical_Metalness.png,SurfaceAppearance,128,PROTO_STACK__MEC
A,A_S_28_Low_P12_HVAC_S__MEC,CP_Mechanical,MEC,T_Mechanical_Color.png;T_Mechanical_Normal.png;T_Mechanical_Roughness.png;T_Mechanical_Metalness.png,SurfaceAppearance,32,PROTO_HVAC_S__MEC
A,A_S_28_Low_V01_VEND_BODY__PNL,CP_PanelMetal,PNL,T_PanelMetal_Color.png;T_PanelMetal_Normal.png;T_PanelMetal_Roughness.png;T_PanelMetal_Metalness.png,SurfaceAppearance,10,PROTO_VEND_BODY__PNL
A,A_S_28_Low_V01_VEND_FACE__SHOP_LIT,CP_SHOP_LIT,SHOP_LIT,F_SHOP_LIT.png (swatch only),"Material=Neon, Color=255,232,205 (CyberpunkConfig.NeonColors)",2,PROTO_VEND_FACE__SHOP_LIT
A,A_S_28_Low_V02_VEND_BODY__PNL,CP_PanelMetal,PNL,T_PanelMetal_Color.png;T_PanelMetal_Normal.png;T_PanelMetal_Roughness.png;T_PanelMetal_Metalness.png,SurfaceAppearance,10,PROTO_VEND_BODY__PNL
A,A_S_28_Low_V02_VEND_FACE__SHOP_LIT,CP_SHOP_LIT,SHOP_LIT,F_SHOP_LIT.png (swatch only),"Material=Neon, Color=255,232,205 (CyberpunkConfig.NeonColors)",2,PROTO_VEND_FACE__SHOP_LIT
A,A_S_28_Low__CON,CP_ConcreteDark,CON,T_ConcreteDark_Color.png;T_ConcreteDark_Normal.png;T_ConcreteDark_Roughness.png;T_ConcreteDark_Metalness.png,SurfaceAppearance,128,
A,A_S_28_Low__GLS,CP_GlassCurtain,GLS,T_GlassCurtain_Color.png;T_GlassCurtain_Normal.png;T_GlassCurtain_Roughness.png;T_GlassCurtain_Metalness.png,SurfaceAppearance (Color/Normal/Roughness/Metalness),2,
A,A_S_28_Low__MEC,CP_Mechanical,MEC,T_Mechanical_Color.png;T_Mechanical_Normal.png;T_Mechanical_Roughness.png;T_Mechanical_Metalness.png,SurfaceAppearance,20,
A,A_S_28_Low__NEON_AMB,CP_NEON_AMB,NEON_AMB,F_NEON_AMB.png (swatch only),"Material=Neon, Color=255,150,25 (CyberpunkConfig.NeonColors)",12,
A,A_S_28_Low__NEON_CYN,CP_NEON_CYN,NEON_CYN,F_NEON_CYN.png (swatch only),"Material=Neon, Color=0,230,255 (CyberpunkConfig.NeonColors)",10,
A,A_S_28_Low__NEON_MAG,CP_NEON_MAG,NEON_MAG,F_NEON_MAG.png (swatch only),"Material=Neon, Color=255,25,175 (CyberpunkConfig.NeonColors)",10,
A,A_S_28_Low__NEON_RED,CP_NEON_RED,NEON_RED,F_NEON_RED.png (swatch only),"Material=Neon, Color=255,32,45 (CyberpunkConfig.NeonColors)",20,
A,A_S_28_Low__NEON_VIO,CP_NEON_VIO,NEON_VIO,F_NEON_VIO.png (swatch only),"Material=Neon, Color=150,45,255 (CyberpunkConfig.NeonColors)",10,
A,A_S_28_Low__NEON_WHT,CP_NEON_WHT,NEON_WHT,F_NEON_WHT.png (swatch only),"Material=Neon, Color=215,228,255 (CyberpunkConfig.NeonColors)",68,
A,A_S_28_Low__PNL,CP_PanelMetal,PNL,T_PanelMetal_Color.png;T_PanelMetal_Normal.png;T_PanelMetal_Roughness.png;T_PanelMetal_Metalness.png,SurfaceAppearance,50,
A,A_S_28_Low__RIB,CP_GlassRibbon,RIB,T_GlassRibbon_Color.png;T_GlassRibbon_Normal.png;T_GlassRibbon_Roughness.png;T_GlassRibbon_Metalness.png,SurfaceAppearance,2,
A,A_S_28_Low__ROF,CP_RoofDeck,ROF,T_RoofDeck_Color.png;T_RoofDeck_Normal.png;T_RoofDeck_Roughness.png;T_RoofDeck_Metalness.png,SurfaceAppearance,4,
A,A_S_28_Low__SGH,CP_SignsH,SGH,signs_h.png,TextureID / SurfaceAppearance ColorMap (atlas),14,
A,A_S_28_Low__SGV,CP_SignsV,SGV,signs_v.png,TextureID / SurfaceAppearance ColorMap (atlas),4,
A,A_S_28_Low__STL,CP_Steel,STL,T_Steel_Color.png;T_Steel_Normal.png;T_Steel_Roughness.png;T_Steel_Metalness.png,SurfaceAppearance,468,
A,A_S_28_Low__TEC,CP_TechPanel,TEC,T_TechPanel_Color.png;T_TechPanel_Normal.png;T_TechPanel_Roughness.png;T_TechPanel_Metalness.png,SurfaceAppearance,2,
A,A_S_28_Low__WIN_COL,CP_WIN_COL,WIN_COL,F_WIN_COL.png (swatch only),"Material=Neon, Color=140,195,255 (CyberpunkConfig.NeonColors)",112,
A,A_S_28_Low__WIN_PNK,CP_WIN_PNK,WIN_PNK,F_WIN_PNK.png (swatch only),"Material=Neon, Color=255,120,200 (CyberpunkConfig.NeonColors)",16,
A,A_S_28_Low__WIN_WRM,CP_WIN_WRM,WIN_WRM,F_WIN_WRM.png (swatch only),"Material=Neon, Color=255,190,125 (CyberpunkConfig.NeonColors)",4,
A,A_W_01_Pencil_P02_DISH__MEC,CP_Mechanical,MEC,T_Mechanical_Color.png;T_Mechanical_Normal.png;T_Mechanical_Roughness.png;T_Mechanical_Metalness.png,SurfaceAppearance,22,PROTO_DISH__MEC
A,A_W_01_Pencil_P03_VENT__MEC,CP_Mechanical,MEC,T_Mechanical_Color.png;T_Mechanical_Normal.png;T_Mechanical_Roughness.png;T_Mechanical_Metalness.png,SurfaceAppearance,44,PROTO_VENT__MEC
A,A_W_01_Pencil_P04_STACK__MEC,CP_Mechanical,MEC,T_Mechanical_Color.png;T_Mechanical_Normal.png;T_Mechanical_Roughness.png;T_Mechanical_Metalness.png,SurfaceAppearance,128,PROTO_STACK__MEC
A,A_W_01_Pencil_P05_VENT__MEC,CP_Mechanical,MEC,T_Mechanical_Color.png;T_Mechanical_Normal.png;T_Mechanical_Roughness.png;T_Mechanical_Metalness.png,SurfaceAppearance,44,PROTO_VENT__MEC
A,A_W_01_Pencil_P06_HVAC_S__MEC,CP_Mechanical,MEC,T_Mechanical_Color.png;T_Mechanical_Normal.png;T_Mechanical_Roughness.png;T_Mechanical_Metalness.png,SurfaceAppearance,32,PROTO_HVAC_S__MEC
A,A_W_01_Pencil_P07_VENT__MEC,CP_Mechanical,MEC,T_Mechanical_Color.png;T_Mechanical_Normal.png;T_Mechanical_Roughness.png;T_Mechanical_Metalness.png,SurfaceAppearance,44,PROTO_VENT__MEC
A,A_W_01_Pencil_V01_VEND_BODY__PNL,CP_PanelMetal,PNL,T_PanelMetal_Color.png;T_PanelMetal_Normal.png;T_PanelMetal_Roughness.png;T_PanelMetal_Metalness.png,SurfaceAppearance,10,PROTO_VEND_BODY__PNL
A,A_W_01_Pencil_V01_VEND_FACE__SHOP_LIT,CP_SHOP_LIT,SHOP_LIT,F_SHOP_LIT.png (swatch only),"Material=Neon, Color=255,232,205 (CyberpunkConfig.NeonColors)",2,PROTO_VEND_FACE__SHOP_LIT
A,A_W_01_Pencil__CON,CP_ConcreteDark,CON,T_ConcreteDark_Color.png;T_ConcreteDark_Normal.png;T_ConcreteDark_Roughness.png;T_ConcreteDark_Metalness.png,SurfaceAppearance,72,
A,A_W_01_Pencil__GLS,CP_GlassCurtain,GLS,T_GlassCurtain_Color.png;T_GlassCurtain_Normal.png;T_GlassCurtain_Roughness.png;T_GlassCurtain_Metalness.png,SurfaceAppearance (Color/Normal/Roughness/Metalness),2,
A,A_W_01_Pencil__MEC,CP_Mechanical,MEC,T_Mechanical_Color.png;T_Mechanical_Normal.png;T_Mechanical_Roughness.png;T_Mechanical_Metalness.png,SurfaceAppearance,40,
A,A_W_01_Pencil__NEON_BLU,CP_NEON_BLU,NEON_BLU,F_NEON_BLU.png (swatch only),"Material=Neon, Color=30,95,255 (CyberpunkConfig.NeonColors)",20,
A,A_W_01_Pencil__NEON_CYN,CP_NEON_CYN,NEON_CYN,F_NEON_CYN.png (swatch only),"Material=Neon, Color=0,230,255 (CyberpunkConfig.NeonColors)",10,
A,A_W_01_Pencil__NEON_WHT,CP_NEON_WHT,NEON_WHT,F_NEON_WHT.png (swatch only),"Material=Neon, Color=215,228,255 (CyberpunkConfig.NeonColors)",10,
A,A_W_01_Pencil__PNL,CP_PanelMetal,PNL,T_PanelMetal_Color.png;T_PanelMetal_Normal.png;T_PanelMetal_Roughness.png;T_PanelMetal_Metalness.png,SurfaceAppearance,26,
A,A_W_01_Pencil__ROF,CP_RoofDeck,ROF,T_RoofDeck_Color.png;T_RoofDeck_Normal.png;T_RoofDeck_Roughness.png;T_RoofDeck_Metalness.png,SurfaceAppearance,6,
A,A_W_01_Pencil__STL,CP_Steel,STL,T_Steel_Color.png;T_Steel_Normal.png;T_Steel_Roughness.png;T_Steel_Metalness.png,SurfaceAppearance,186,
A,A_W_01_Pencil__TEC,CP_TechPanel,TEC,T_TechPanel_Color.png;T_TechPanel_Normal.png;T_TechPanel_Roughness.png;T_TechPanel_Metalness.png,SurfaceAppearance,6,
A,A_W_01_Pencil__WIN_COL,CP_WIN_COL,WIN_COL,F_WIN_COL.png (swatch only),"Material=Neon, Color=140,195,255 (CyberpunkConfig.NeonColors)",2,
A,A_W_01_Pencil__WIN_PNK,CP_WIN_PNK,WIN_PNK,F_WIN_PNK.png (swatch only),"Material=Neon, Color=255,120,200 (CyberpunkConfig.NeonColors)",124,
A,A_W_01_Pencil__WIN_WRM,CP_WIN_WRM,WIN_WRM,F_WIN_WRM.png (swatch only),"Material=Neon, Color=255,190,125 (CyberpunkConfig.NeonColors)",22,
A,A_W_02_Louver_P01_FANBOX__MEC,CP_Mechanical,MEC,T_Mechanical_Color.png;T_Mechanical_Normal.png;T_Mechanical_Roughness.png;T_Mechanical_Metalness.png,SurfaceAppearance,50,PROTO_FANBOX__MEC
A,A_W_02_Louver_P02_HVAC_S__MEC,CP_Mechanical,MEC,T_Mechanical_Color.png;T_Mechanical_Normal.png;T_Mechanical_Roughness.png;T_Mechanical_Metalness.png,SurfaceAppearance,32,PROTO_HVAC_S__MEC
A,A_W_02_Louver_P03_HVAC_S__MEC,CP_Mechanical,MEC,T_Mechanical_Color.png;T_Mechanical_Normal.png;T_Mechanical_Roughness.png;T_Mechanical_Metalness.png,SurfaceAppearance,32,PROTO_HVAC_S__MEC
A,A_W_02_Louver_P04_STACK__MEC,CP_Mechanical,MEC,T_Mechanical_Color.png;T_Mechanical_Normal.png;T_Mechanical_Roughness.png;T_Mechanical_Metalness.png,SurfaceAppearance,128,PROTO_STACK__MEC
A,A_W_02_Louver_P05_HVAC_S__MEC,CP_Mechanical,MEC,T_Mechanical_Color.png;T_Mechanical_Normal.png;T_Mechanical_Roughness.png;T_Mechanical_Metalness.png,SurfaceAppearance,32,PROTO_HVAC_S__MEC
A,A_W_02_Louver_P06_VENT__MEC,CP_Mechanical,MEC,T_Mechanical_Color.png;T_Mechanical_Normal.png;T_Mechanical_Roughness.png;T_Mechanical_Metalness.png,SurfaceAppearance,44,PROTO_VENT__MEC
A,A_W_02_Louver_P07_HVAC_S__MEC,CP_Mechanical,MEC,T_Mechanical_Color.png;T_Mechanical_Normal.png;T_Mechanical_Roughness.png;T_Mechanical_Metalness.png,SurfaceAppearance,32,PROTO_HVAC_S__MEC
A,A_W_02_Louver__CON,CP_ConcreteDark,CON,T_ConcreteDark_Color.png;T_ConcreteDark_Normal.png;T_ConcreteDark_Roughness.png;T_ConcreteDark_Metalness.png,SurfaceAppearance,100,
A,A_W_02_Louver__GLS,CP_GlassCurtain,GLS,T_GlassCurtain_Color.png;T_GlassCurtain_Normal.png;T_GlassCurtain_Roughness.png;T_GlassCurtain_Metalness.png,SurfaceAppearance (Color/Normal/Roughness/Metalness),10,
A,A_W_02_Louver__MEC,CP_Mechanical,MEC,T_Mechanical_Color.png;T_Mechanical_Normal.png;T_Mechanical_Roughness.png;T_Mechanical_Metalness.png,SurfaceAppearance,60,
A,A_W_02_Louver__NEON_CYN,CP_NEON_CYN,NEON_CYN,F_NEON_CYN.png (swatch only),"Material=Neon, Color=0,230,255 (CyberpunkConfig.NeonColors)",10,
A,A_W_02_Louver__NEON_MAG,CP_NEON_MAG,NEON_MAG,F_NEON_MAG.png (swatch only),"Material=Neon, Color=255,25,175 (CyberpunkConfig.NeonColors)",10,
A,A_W_02_Louver__PNL,CP_PanelMetal,PNL,T_PanelMetal_Color.png;T_PanelMetal_Normal.png;T_PanelMetal_Roughness.png;T_PanelMetal_Metalness.png,SurfaceAppearance,174,
A,A_W_02_Louver__ROF,CP_RoofDeck,ROF,T_RoofDeck_Color.png;T_RoofDeck_Normal.png;T_RoofDeck_Roughness.png;T_RoofDeck_Metalness.png,SurfaceAppearance,8,
A,A_W_02_Louver__SGH,CP_SignsH,SGH,signs_h.png,TextureID / SurfaceAppearance ColorMap (atlas),10,
A,A_W_02_Louver__SGV,CP_SignsV,SGV,signs_v.png,TextureID / SurfaceAppearance ColorMap (atlas),6,
A,A_W_02_Louver__SHOP_LIT,CP_SHOP_LIT,SHOP_LIT,F_SHOP_LIT.png (swatch only),"Material=Neon, Color=255,232,205 (CyberpunkConfig.NeonColors)",2,
A,A_W_02_Louver__STL,CP_Steel,STL,T_Steel_Color.png;T_Steel_Normal.png;T_Steel_Roughness.png;T_Steel_Metalness.png,SurfaceAppearance,602,
A,A_W_02_Louver__TEC,CP_TechPanel,TEC,T_TechPanel_Color.png;T_TechPanel_Normal.png;T_TechPanel_Roughness.png;T_TechPanel_Metalness.png,SurfaceAppearance,8,
A,A_W_02_Louver__WIN_COL,CP_WIN_COL,WIN_COL,F_WIN_COL.png (swatch only),"Material=Neon, Color=140,195,255 (CyberpunkConfig.NeonColors)",2,
A,A_W_02_Louver__WIN_WRM,CP_WIN_WRM,WIN_WRM,F_WIN_WRM.png (swatch only),"Material=Neon, Color=255,190,125 (CyberpunkConfig.NeonColors)",166,
A,A_W_03_Low_P01_COOL__MEC,CP_Mechanical,MEC,T_Mechanical_Color.png;T_Mechanical_Normal.png;T_Mechanical_Roughness.png;T_Mechanical_Metalness.png,SurfaceAppearance,66,PROTO_COOL__MEC
A,A_W_03_Low_P02_DISH__MEC,CP_Mechanical,MEC,T_Mechanical_Color.png;T_Mechanical_Normal.png;T_Mechanical_Roughness.png;T_Mechanical_Metalness.png,SurfaceAppearance,22,PROTO_DISH__MEC
A,A_W_03_Low_P03_FANBOX__MEC,CP_Mechanical,MEC,T_Mechanical_Color.png;T_Mechanical_Normal.png;T_Mechanical_Roughness.png;T_Mechanical_Metalness.png,SurfaceAppearance,50,PROTO_FANBOX__MEC
A,A_W_03_Low_P04_VENT__MEC,CP_Mechanical,MEC,T_Mechanical_Color.png;T_Mechanical_Normal.png;T_Mechanical_Roughness.png;T_Mechanical_Metalness.png,SurfaceAppearance,44,PROTO_VENT__MEC
A,A_W_03_Low_P05_VENT__MEC,CP_Mechanical,MEC,T_Mechanical_Color.png;T_Mechanical_Normal.png;T_Mechanical_Roughness.png;T_Mechanical_Metalness.png,SurfaceAppearance,44,PROTO_VENT__MEC
A,A_W_03_Low_P06_VENT__MEC,CP_Mechanical,MEC,T_Mechanical_Color.png;T_Mechanical_Normal.png;T_Mechanical_Roughness.png;T_Mechanical_Metalness.png,SurfaceAppearance,44,PROTO_VENT__MEC
A,A_W_03_Low_P07_DISH__MEC,CP_Mechanical,MEC,T_Mechanical_Color.png;T_Mechanical_Normal.png;T_Mechanical_Roughness.png;T_Mechanical_Metalness.png,SurfaceAppearance,22,PROTO_DISH__MEC
A,A_W_03_Low_P08_TANK__MEC,CP_Mechanical,MEC,T_Mechanical_Color.png;T_Mechanical_Normal.png;T_Mechanical_Roughness.png;T_Mechanical_Metalness.png,SurfaceAppearance,84,PROTO_TANK__MEC
A,A_W_03_Low_P09_DISH__MEC,CP_Mechanical,MEC,T_Mechanical_Color.png;T_Mechanical_Normal.png;T_Mechanical_Roughness.png;T_Mechanical_Metalness.png,SurfaceAppearance,22,PROTO_DISH__MEC
A,A_W_03_Low_P10_HVAC_S__MEC,CP_Mechanical,MEC,T_Mechanical_Color.png;T_Mechanical_Normal.png;T_Mechanical_Roughness.png;T_Mechanical_Metalness.png,SurfaceAppearance,32,PROTO_HVAC_S__MEC
A,A_W_03_Low__CON,CP_ConcreteDark,CON,T_ConcreteDark_Color.png;T_ConcreteDark_Normal.png;T_ConcreteDark_Roughness.png;T_ConcreteDark_Metalness.png,SurfaceAppearance,114,
A,A_W_03_Low__GLS,CP_GlassCurtain,GLS,T_GlassCurtain_Color.png;T_GlassCurtain_Normal.png;T_GlassCurtain_Roughness.png;T_GlassCurtain_Metalness.png,SurfaceAppearance (Color/Normal/Roughness/Metalness),4,
A,A_W_03_Low__MEC,CP_Mechanical,MEC,T_Mechanical_Color.png;T_Mechanical_Normal.png;T_Mechanical_Roughness.png;T_Mechanical_Metalness.png,SurfaceAppearance,60,
A,A_W_03_Low__NEON_AMB,CP_NEON_AMB,NEON_AMB,F_NEON_AMB.png (swatch only),"Material=Neon, Color=255,150,25 (CyberpunkConfig.NeonColors)",12,
A,A_W_03_Low__NEON_BLU,CP_NEON_BLU,NEON_BLU,F_NEON_BLU.png (swatch only),"Material=Neon, Color=30,95,255 (CyberpunkConfig.NeonColors)",10,
A,A_W_03_Low__NEON_CYN,CP_NEON_CYN,NEON_CYN,F_NEON_CYN.png (swatch only),"Material=Neon, Color=0,230,255 (CyberpunkConfig.NeonColors)",10,
A,A_W_03_Low__NEON_RED,CP_NEON_RED,NEON_RED,F_NEON_RED.png (swatch only),"Material=Neon, Color=255,32,45 (CyberpunkConfig.NeonColors)",20,
A,A_W_03_Low__NEON_WHT,CP_NEON_WHT,NEON_WHT,F_NEON_WHT.png (swatch only),"Material=Neon, Color=215,228,255 (CyberpunkConfig.NeonColors)",58,
A,A_W_03_Low__PNL,CP_PanelMetal,PNL,T_PanelMetal_Color.png;T_PanelMetal_Normal.png;T_PanelMetal_Roughness.png;T_PanelMetal_Metalness.png,SurfaceAppearance,34,
A,A_W_03_Low__ROF,CP_RoofDeck,ROF,T_RoofDeck_Color.png;T_RoofDeck_Normal.png;T_RoofDeck_Roughness.png;T_RoofDeck_Metalness.png,SurfaceAppearance,4,
A,A_W_03_Low__SGH,CP_SignsH,SGH,signs_h.png,TextureID / SurfaceAppearance ColorMap (atlas),12,
A,A_W_03_Low__SGV,CP_SignsV,SGV,signs_v.png,TextureID / SurfaceAppearance ColorMap (atlas),4,
A,A_W_03_Low__SHOP_LIT,CP_SHOP_LIT,SHOP_LIT,F_SHOP_LIT.png (swatch only),"Material=Neon, Color=255,232,205 (CyberpunkConfig.NeonColors)",2,
A,A_W_03_Low__STL,CP_Steel,STL,T_Steel_Color.png;T_Steel_Normal.png;T_Steel_Roughness.png;T_Steel_Metalness.png,SurfaceAppearance,508,
A,A_W_03_Low__WIN_VIO,CP_WIN_VIO,WIN_VIO,F_WIN_VIO.png (swatch only),"Material=Neon, Color=170,130,255 (CyberpunkConfig.NeonColors)",2,
A,A_W_03_Low__WIN_WRM,CP_WIN_WRM,WIN_WRM,F_WIN_WRM.png (swatch only),"Material=Neon, Color=255,190,125 (CyberpunkConfig.NeonColors)",82,
A,A_W_04_Zakkyo_P01_COOL__MEC,CP_Mechanical,MEC,T_Mechanical_Color.png;T_Mechanical_Normal.png;T_Mechanical_Roughness.png;T_Mechanical_Metalness.png,SurfaceAppearance,66,PROTO_COOL__MEC
A,A_W_04_Zakkyo_P02_HVAC_S__MEC,CP_Mechanical,MEC,T_Mechanical_Color.png;T_Mechanical_Normal.png;T_Mechanical_Roughness.png;T_Mechanical_Metalness.png,SurfaceAppearance,32,PROTO_HVAC_S__MEC
A,A_W_04_Zakkyo_P03_HVAC_S__MEC,CP_Mechanical,MEC,T_Mechanical_Color.png;T_Mechanical_Normal.png;T_Mechanical_Roughness.png;T_Mechanical_Metalness.png,SurfaceAppearance,32,PROTO_HVAC_S__MEC
A,A_W_04_Zakkyo_P04_STACK__MEC,CP_Mechanical,MEC,T_Mechanical_Color.png;T_Mechanical_Normal.png;T_Mechanical_Roughness.png;T_Mechanical_Metalness.png,SurfaceAppearance,128,PROTO_STACK__MEC
A,A_W_04_Zakkyo_P05_VENT__MEC,CP_Mechanical,MEC,T_Mechanical_Color.png;T_Mechanical_Normal.png;T_Mechanical_Roughness.png;T_Mechanical_Metalness.png,SurfaceAppearance,44,PROTO_VENT__MEC
A,A_W_04_Zakkyo_P06_HVAC_S__MEC,CP_Mechanical,MEC,T_Mechanical_Color.png;T_Mechanical_Normal.png;T_Mechanical_Roughness.png;T_Mechanical_Metalness.png,SurfaceAppearance,32,PROTO_HVAC_S__MEC
A,A_W_04_Zakkyo_P07_VENT__MEC,CP_Mechanical,MEC,T_Mechanical_Color.png;T_Mechanical_Normal.png;T_Mechanical_Roughness.png;T_Mechanical_Metalness.png,SurfaceAppearance,44,PROTO_VENT__MEC
A,A_W_04_Zakkyo_P08_HVAC_S__MEC,CP_Mechanical,MEC,T_Mechanical_Color.png;T_Mechanical_Normal.png;T_Mechanical_Roughness.png;T_Mechanical_Metalness.png,SurfaceAppearance,32,PROTO_HVAC_S__MEC
A,A_W_04_Zakkyo__CON,CP_ConcreteDark,CON,T_ConcreteDark_Color.png;T_ConcreteDark_Normal.png;T_ConcreteDark_Roughness.png;T_ConcreteDark_Metalness.png,SurfaceAppearance,80,
A,A_W_04_Zakkyo__MEC,CP_Mechanical,MEC,T_Mechanical_Color.png;T_Mechanical_Normal.png;T_Mechanical_Roughness.png;T_Mechanical_Metalness.png,SurfaceAppearance,50,
A,A_W_04_Zakkyo__NEON_AMB,CP_NEON_AMB,NEON_AMB,F_NEON_AMB.png (swatch only),"Material=Neon, Color=255,150,25 (CyberpunkConfig.NeonColors)",12,
A,A_W_04_Zakkyo__NEON_CYN,CP_NEON_CYN,NEON_CYN,F_NEON_CYN.png (swatch only),"Material=Neon, Color=0,230,255 (CyberpunkConfig.NeonColors)",20,
A,A_W_04_Zakkyo__NEON_RED,CP_NEON_RED,NEON_RED,F_NEON_RED.png (swatch only),"Material=Neon, Color=255,32,45 (CyberpunkConfig.NeonColors)",76,
A,A_W_04_Zakkyo__NEON_VIO,CP_NEON_VIO,NEON_VIO,F_NEON_VIO.png (swatch only),"Material=Neon, Color=150,45,255 (CyberpunkConfig.NeonColors)",20,
A,A_W_04_Zakkyo__PNL,CP_PanelMetal,PNL,T_PanelMetal_Color.png;T_PanelMetal_Normal.png;T_PanelMetal_Roughness.png;T_PanelMetal_Metalness.png,SurfaceAppearance,44,
A,A_W_04_Zakkyo__RIB,CP_GlassRibbon,RIB,T_GlassRibbon_Color.png;T_GlassRibbon_Normal.png;T_GlassRibbon_Roughness.png;T_GlassRibbon_Metalness.png,SurfaceAppearance,4,
A,A_W_04_Zakkyo__ROF,CP_RoofDeck,ROF,T_RoofDeck_Color.png;T_RoofDeck_Normal.png;T_RoofDeck_Roughness.png;T_RoofDeck_Metalness.png,SurfaceAppearance,4,
A,A_W_04_Zakkyo__SGH,CP_SignsH,SGH,signs_h.png,TextureID / SurfaceAppearance ColorMap (atlas),20,
A,A_W_04_Zakkyo__SGV,CP_SignsV,SGV,signs_v.png,TextureID / SurfaceAppearance ColorMap (atlas),8,
A,A_W_04_Zakkyo__SHOP_LIT,CP_SHOP_LIT,SHOP_LIT,F_SHOP_LIT.png (swatch only),"Material=Neon, Color=255,232,205 (CyberpunkConfig.NeonColors)",2,
A,A_W_04_Zakkyo__STL,CP_Steel,STL,T_Steel_Color.png;T_Steel_Normal.png;T_Steel_Roughness.png;T_Steel_Metalness.png,SurfaceAppearance,1460,
A,A_W_04_Zakkyo__WIN_PNK,CP_WIN_PNK,WIN_PNK,F_WIN_PNK.png (swatch only),"Material=Neon, Color=255,120,200 (CyberpunkConfig.NeonColors)",38,
A,A_W_04_Zakkyo__WIN_WRM,CP_WIN_WRM,WIN_WRM,F_WIN_WRM.png (swatch only),"Material=Neon, Color=255,190,125 (CyberpunkConfig.NeonColors)",196,
A,A_W_05_Modern_P01_VENT__MEC,CP_Mechanical,MEC,T_Mechanical_Color.png;T_Mechanical_Normal.png;T_Mechanical_Roughness.png;T_Mechanical_Metalness.png,SurfaceAppearance,44,PROTO_VENT__MEC
A,A_W_05_Modern_P02_DISH__MEC,CP_Mechanical,MEC,T_Mechanical_Color.png;T_Mechanical_Normal.png;T_Mechanical_Roughness.png;T_Mechanical_Metalness.png,SurfaceAppearance,22,PROTO_DISH__MEC
A,A_W_05_Modern_P03_VENT__MEC,CP_Mechanical,MEC,T_Mechanical_Color.png;T_Mechanical_Normal.png;T_Mechanical_Roughness.png;T_Mechanical_Metalness.png,SurfaceAppearance,44,PROTO_VENT__MEC
A,A_W_05_Modern_P04_STACK__MEC,CP_Mechanical,MEC,T_Mechanical_Color.png;T_Mechanical_Normal.png;T_Mechanical_Roughness.png;T_Mechanical_Metalness.png,SurfaceAppearance,128,PROTO_STACK__MEC
A,A_W_05_Modern_P05_DISH__MEC,CP_Mechanical,MEC,T_Mechanical_Color.png;T_Mechanical_Normal.png;T_Mechanical_Roughness.png;T_Mechanical_Metalness.png,SurfaceAppearance,22,PROTO_DISH__MEC
A,A_W_05_Modern_P06_VENT__MEC,CP_Mechanical,MEC,T_Mechanical_Color.png;T_Mechanical_Normal.png;T_Mechanical_Roughness.png;T_Mechanical_Metalness.png,SurfaceAppearance,44,PROTO_VENT__MEC
A,A_W_05_Modern_P07_HVAC_S__MEC,CP_Mechanical,MEC,T_Mechanical_Color.png;T_Mechanical_Normal.png;T_Mechanical_Roughness.png;T_Mechanical_Metalness.png,SurfaceAppearance,32,PROTO_HVAC_S__MEC
A,A_W_05_Modern_P08_HVAC_S__MEC,CP_Mechanical,MEC,T_Mechanical_Color.png;T_Mechanical_Normal.png;T_Mechanical_Roughness.png;T_Mechanical_Metalness.png,SurfaceAppearance,32,PROTO_HVAC_S__MEC
A,A_W_05_Modern_P09_VENT__MEC,CP_Mechanical,MEC,T_Mechanical_Color.png;T_Mechanical_Normal.png;T_Mechanical_Roughness.png;T_Mechanical_Metalness.png,SurfaceAppearance,44,PROTO_VENT__MEC
A,A_W_05_Modern_P10_VENT__MEC,CP_Mechanical,MEC,T_Mechanical_Color.png;T_Mechanical_Normal.png;T_Mechanical_Roughness.png;T_Mechanical_Metalness.png,SurfaceAppearance,44,PROTO_VENT__MEC
A,A_W_05_Modern_P11_VENT__MEC,CP_Mechanical,MEC,T_Mechanical_Color.png;T_Mechanical_Normal.png;T_Mechanical_Roughness.png;T_Mechanical_Metalness.png,SurfaceAppearance,44,PROTO_VENT__MEC
A,A_W_05_Modern_P12_DISH__MEC,CP_Mechanical,MEC,T_Mechanical_Color.png;T_Mechanical_Normal.png;T_Mechanical_Roughness.png;T_Mechanical_Metalness.png,SurfaceAppearance,22,PROTO_DISH__MEC
A,A_W_05_Modern_P13_HVAC_S__MEC,CP_Mechanical,MEC,T_Mechanical_Color.png;T_Mechanical_Normal.png;T_Mechanical_Roughness.png;T_Mechanical_Metalness.png,SurfaceAppearance,32,PROTO_HVAC_S__MEC
A,A_W_05_Modern_P14_VENT__MEC,CP_Mechanical,MEC,T_Mechanical_Color.png;T_Mechanical_Normal.png;T_Mechanical_Roughness.png;T_Mechanical_Metalness.png,SurfaceAppearance,44,PROTO_VENT__MEC
A,A_W_05_Modern_P15_DISH__MEC,CP_Mechanical,MEC,T_Mechanical_Color.png;T_Mechanical_Normal.png;T_Mechanical_Roughness.png;T_Mechanical_Metalness.png,SurfaceAppearance,22,PROTO_DISH__MEC
A,A_W_05_Modern_P16_VENT__MEC,CP_Mechanical,MEC,T_Mechanical_Color.png;T_Mechanical_Normal.png;T_Mechanical_Roughness.png;T_Mechanical_Metalness.png,SurfaceAppearance,44,PROTO_VENT__MEC
A,A_W_05_Modern_P17_HVAC_S__MEC,CP_Mechanical,MEC,T_Mechanical_Color.png;T_Mechanical_Normal.png;T_Mechanical_Roughness.png;T_Mechanical_Metalness.png,SurfaceAppearance,32,PROTO_HVAC_S__MEC
A,A_W_05_Modern_P18_DISH__MEC,CP_Mechanical,MEC,T_Mechanical_Color.png;T_Mechanical_Normal.png;T_Mechanical_Roughness.png;T_Mechanical_Metalness.png,SurfaceAppearance,22,PROTO_DISH__MEC
A,A_W_05_Modern_P19_HVAC_S__MEC,CP_Mechanical,MEC,T_Mechanical_Color.png;T_Mechanical_Normal.png;T_Mechanical_Roughness.png;T_Mechanical_Metalness.png,SurfaceAppearance,32,PROTO_HVAC_S__MEC
A,A_W_05_Modern__CON,CP_ConcreteDark,CON,T_ConcreteDark_Color.png;T_ConcreteDark_Normal.png;T_ConcreteDark_Roughness.png;T_ConcreteDark_Metalness.png,SurfaceAppearance,188,
A,A_W_05_Modern__GLS,CP_GlassCurtain,GLS,T_GlassCurtain_Color.png;T_GlassCurtain_Normal.png;T_GlassCurtain_Roughness.png;T_GlassCurtain_Metalness.png,SurfaceAppearance (Color/Normal/Roughness/Metalness),6,
A,A_W_05_Modern__MEC,CP_Mechanical,MEC,T_Mechanical_Color.png;T_Mechanical_Normal.png;T_Mechanical_Roughness.png;T_Mechanical_Metalness.png,SurfaceAppearance,170,
A,A_W_05_Modern__NEON_AMB,CP_NEON_AMB,NEON_AMB,F_NEON_AMB.png (swatch only),"Material=Neon, Color=255,150,25 (CyberpunkConfig.NeonColors)",12,
A,A_W_05_Modern__NEON_BLU,CP_NEON_BLU,NEON_BLU,F_NEON_BLU.png (swatch only),"Material=Neon, Color=30,95,255 (CyberpunkConfig.NeonColors)",20,
A,A_W_05_Modern__NEON_CYN,CP_NEON_CYN,NEON_CYN,F_NEON_CYN.png (swatch only),"Material=Neon, Color=0,230,255 (CyberpunkConfig.NeonColors)",46,
A,A_W_05_Modern__NEON_RED,CP_NEON_RED,NEON_RED,F_NEON_RED.png (swatch only),"Material=Neon, Color=255,32,45 (CyberpunkConfig.NeonColors)",20,
A,A_W_05_Modern__NEON_VIO,CP_NEON_VIO,NEON_VIO,F_NEON_VIO.png (swatch only),"Material=Neon, Color=150,45,255 (CyberpunkConfig.NeonColors)",130,
A,A_W_05_Modern__PNL,CP_PanelMetal,PNL,T_PanelMetal_Color.png;T_PanelMetal_Normal.png;T_PanelMetal_Roughness.png;T_PanelMetal_Metalness.png,SurfaceAppearance,182,
A,A_W_05_Modern__ROF,CP_RoofDeck,ROF,T_RoofDeck_Color.png;T_RoofDeck_Normal.png;T_RoofDeck_Roughness.png;T_RoofDeck_Metalness.png,SurfaceAppearance,8,
A,A_W_05_Modern__SGH,CP_SignsH,SGH,signs_h.png,TextureID / SurfaceAppearance ColorMap (atlas),18,
A,A_W_05_Modern__SGV,CP_SignsV,SGV,signs_v.png,TextureID / SurfaceAppearance ColorMap (atlas),12,
A,A_W_05_Modern__SHOP_LIT,CP_SHOP_LIT,SHOP_LIT,F_SHOP_LIT.png (swatch only),"Material=Neon, Color=255,232,205 (CyberpunkConfig.NeonColors)",4,
A,A_W_05_Modern__STL,CP_Steel,STL,T_Steel_Color.png;T_Steel_Normal.png;T_Steel_Roughness.png;T_Steel_Metalness.png,SurfaceAppearance,828,
A,A_W_05_Modern__TEC,CP_TechPanel,TEC,T_TechPanel_Color.png;T_TechPanel_Normal.png;T_TechPanel_Roughness.png;T_TechPanel_Metalness.png,SurfaceAppearance,4,
A,A_W_05_Modern__WIN_COL,CP_WIN_COL,WIN_COL,F_WIN_COL.png (swatch only),"Material=Neon, Color=140,195,255 (CyberpunkConfig.NeonColors)",50,
A,A_W_05_Modern__WIN_WRM,CP_WIN_WRM,WIN_WRM,F_WIN_WRM.png (swatch only),"Material=Neon, Color=255,190,125 (CyberpunkConfig.NeonColors)",270,
A,A_W_06_Zakkyo_P01_DISH__MEC,CP_Mechanical,MEC,T_Mechanical_Color.png;T_Mechanical_Normal.png;T_Mechanical_Roughness.png;T_Mechanical_Metalness.png,SurfaceAppearance,22,PROTO_DISH__MEC
A,A_W_06_Zakkyo_P02_HVAC_S__MEC,CP_Mechanical,MEC,T_Mechanical_Color.png;T_Mechanical_Normal.png;T_Mechanical_Roughness.png;T_Mechanical_Metalness.png,SurfaceAppearance,32,PROTO_HVAC_S__MEC
A,A_W_06_Zakkyo_P03_VENT__MEC,CP_Mechanical,MEC,T_Mechanical_Color.png;T_Mechanical_Normal.png;T_Mechanical_Roughness.png;T_Mechanical_Metalness.png,SurfaceAppearance,44,PROTO_VENT__MEC
A,A_W_06_Zakkyo_P04_FANBOX__MEC,CP_Mechanical,MEC,T_Mechanical_Color.png;T_Mechanical_Normal.png;T_Mechanical_Roughness.png;T_Mechanical_Metalness.png,SurfaceAppearance,50,PROTO_FANBOX__MEC
A,A_W_06_Zakkyo_P05_VENT__MEC,CP_Mechanical,MEC,T_Mechanical_Color.png;T_Mechanical_Normal.png;T_Mechanical_Roughness.png;T_Mechanical_Metalness.png,SurfaceAppearance,44,PROTO_VENT__MEC
A,A_W_06_Zakkyo_P06_VENT__MEC,CP_Mechanical,MEC,T_Mechanical_Color.png;T_Mechanical_Normal.png;T_Mechanical_Roughness.png;T_Mechanical_Metalness.png,SurfaceAppearance,44,PROTO_VENT__MEC
A,A_W_06_Zakkyo_P07_VENT__MEC,CP_Mechanical,MEC,T_Mechanical_Color.png;T_Mechanical_Normal.png;T_Mechanical_Roughness.png;T_Mechanical_Metalness.png,SurfaceAppearance,44,PROTO_VENT__MEC
A,A_W_06_Zakkyo_P08_HVAC_L__MEC,CP_Mechanical,MEC,T_Mechanical_Color.png;T_Mechanical_Normal.png;T_Mechanical_Roughness.png;T_Mechanical_Metalness.png,SurfaceAppearance,76,PROTO_HVAC_L__MEC
A,A_W_06_Zakkyo_P09_VENT__MEC,CP_Mechanical,MEC,T_Mechanical_Color.png;T_Mechanical_Normal.png;T_Mechanical_Roughness.png;T_Mechanical_Metalness.png,SurfaceAppearance,44,PROTO_VENT__MEC
A,A_W_06_Zakkyo_P10_COOL__MEC,CP_Mechanical,MEC,T_Mechanical_Color.png;T_Mechanical_Normal.png;T_Mechanical_Roughness.png;T_Mechanical_Metalness.png,SurfaceAppearance,66,PROTO_COOL__MEC
A,A_W_06_Zakkyo_P11_HVAC_S__MEC,CP_Mechanical,MEC,T_Mechanical_Color.png;T_Mechanical_Normal.png;T_Mechanical_Roughness.png;T_Mechanical_Metalness.png,SurfaceAppearance,32,PROTO_HVAC_S__MEC
A,A_W_06_Zakkyo_P12_VENT__MEC,CP_Mechanical,MEC,T_Mechanical_Color.png;T_Mechanical_Normal.png;T_Mechanical_Roughness.png;T_Mechanical_Metalness.png,SurfaceAppearance,44,PROTO_VENT__MEC
A,A_W_06_Zakkyo_P13_HVAC_L__MEC,CP_Mechanical,MEC,T_Mechanical_Color.png;T_Mechanical_Normal.png;T_Mechanical_Roughness.png;T_Mechanical_Metalness.png,SurfaceAppearance,76,PROTO_HVAC_L__MEC
A,A_W_06_Zakkyo_P14_GEN__MEC,CP_Mechanical,MEC,T_Mechanical_Color.png;T_Mechanical_Normal.png;T_Mechanical_Roughness.png;T_Mechanical_Metalness.png,SurfaceAppearance,70,PROTO_GEN__MEC
A,A_W_06_Zakkyo_P15_HVAC_S__MEC,CP_Mechanical,MEC,T_Mechanical_Color.png;T_Mechanical_Normal.png;T_Mechanical_Roughness.png;T_Mechanical_Metalness.png,SurfaceAppearance,32,PROTO_HVAC_S__MEC
A,A_W_06_Zakkyo_P16_VENT__MEC,CP_Mechanical,MEC,T_Mechanical_Color.png;T_Mechanical_Normal.png;T_Mechanical_Roughness.png;T_Mechanical_Metalness.png,SurfaceAppearance,44,PROTO_VENT__MEC
A,A_W_06_Zakkyo_P17_HVAC_S__MEC,CP_Mechanical,MEC,T_Mechanical_Color.png;T_Mechanical_Normal.png;T_Mechanical_Roughness.png;T_Mechanical_Metalness.png,SurfaceAppearance,32,PROTO_HVAC_S__MEC
A,A_W_06_Zakkyo__CON,CP_ConcreteDark,CON,T_ConcreteDark_Color.png;T_ConcreteDark_Normal.png;T_ConcreteDark_Roughness.png;T_ConcreteDark_Metalness.png,SurfaceAppearance,120,
A,A_W_06_Zakkyo__GLS,CP_GlassCurtain,GLS,T_GlassCurtain_Color.png;T_GlassCurtain_Normal.png;T_GlassCurtain_Roughness.png;T_GlassCurtain_Metalness.png,SurfaceAppearance (Color/Normal/Roughness/Metalness),12,
A,A_W_06_Zakkyo__MEC,CP_Mechanical,MEC,T_Mechanical_Color.png;T_Mechanical_Normal.png;T_Mechanical_Roughness.png;T_Mechanical_Metalness.png,SurfaceAppearance,50,
A,A_W_06_Zakkyo__NEON_AMB,CP_NEON_AMB,NEON_AMB,F_NEON_AMB.png (swatch only),"Material=Neon, Color=255,150,25 (CyberpunkConfig.NeonColors)",10,
A,A_W_06_Zakkyo__NEON_CYN,CP_NEON_CYN,NEON_CYN,F_NEON_CYN.png (swatch only),"Material=Neon, Color=0,230,255 (CyberpunkConfig.NeonColors)",110,
A,A_W_06_Zakkyo__NEON_MAG,CP_NEON_MAG,NEON_MAG,F_NEON_MAG.png (swatch only),"Material=Neon, Color=255,25,175 (CyberpunkConfig.NeonColors)",30,
A,A_W_06_Zakkyo__PNL,CP_PanelMetal,PNL,T_PanelMetal_Color.png;T_PanelMetal_Normal.png;T_PanelMetal_Roughness.png;T_PanelMetal_Metalness.png,SurfaceAppearance,152,
A,A_W_06_Zakkyo__RIB,CP_GlassRibbon,RIB,T_GlassRibbon_Color.png;T_GlassRibbon_Normal.png;T_GlassRibbon_Roughness.png;T_GlassRibbon_Metalness.png,SurfaceAppearance,2,
A,A_W_06_Zakkyo__ROF,CP_RoofDeck,ROF,T_RoofDeck_Color.png;T_RoofDeck_Normal.png;T_RoofDeck_Roughness.png;T_RoofDeck_Metalness.png,SurfaceAppearance,8,
A,A_W_06_Zakkyo__SGH,CP_SignsH,SGH,signs_h.png,TextureID / SurfaceAppearance ColorMap (atlas),14,
A,A_W_06_Zakkyo__SGV,CP_SignsV,SGV,signs_v.png,TextureID / SurfaceAppearance ColorMap (atlas),12,
A,A_W_06_Zakkyo__STL,CP_Steel,STL,T_Steel_Color.png;T_Steel_Normal.png;T_Steel_Roughness.png;T_Steel_Metalness.png,SurfaceAppearance,914,
A,A_W_06_Zakkyo__TEC,CP_TechPanel,TEC,T_TechPanel_Color.png;T_TechPanel_Normal.png;T_TechPanel_Roughness.png;T_TechPanel_Metalness.png,SurfaceAppearance,8,
A,A_W_06_Zakkyo__WIN_COL,CP_WIN_COL,WIN_COL,F_WIN_COL.png (swatch only),"Material=Neon, Color=140,195,255 (CyberpunkConfig.NeonColors)",32,
A,A_W_06_Zakkyo__WIN_VIO,CP_WIN_VIO,WIN_VIO,F_WIN_VIO.png (swatch only),"Material=Neon, Color=170,130,255 (CyberpunkConfig.NeonColors)",2,
A,A_W_06_Zakkyo__WIN_WRM,CP_WIN_WRM,WIN_WRM,F_WIN_WRM.png (swatch only),"Material=Neon, Color=255,190,125 (CyberpunkConfig.NeonColors)",150,
A,A_W_07_Zakkyo_P02_FANBOX__MEC,CP_Mechanical,MEC,T_Mechanical_Color.png;T_Mechanical_Normal.png;T_Mechanical_Roughness.png;T_Mechanical_Metalness.png,SurfaceAppearance,50,PROTO_FANBOX__MEC
A,A_W_07_Zakkyo_P03_STACK__MEC,CP_Mechanical,MEC,T_Mechanical_Color.png;T_Mechanical_Normal.png;T_Mechanical_Roughness.png;T_Mechanical_Metalness.png,SurfaceAppearance,128,PROTO_STACK__MEC
A,A_W_07_Zakkyo_P04_STACK__MEC,CP_Mechanical,MEC,T_Mechanical_Color.png;T_Mechanical_Normal.png;T_Mechanical_Roughness.png;T_Mechanical_Metalness.png,SurfaceAppearance,128,PROTO_STACK__MEC
A,A_W_07_Zakkyo_P05_HVAC_S__MEC,CP_Mechanical,MEC,T_Mechanical_Color.png;T_Mechanical_Normal.png;T_Mechanical_Roughness.png;T_Mechanical_Metalness.png,SurfaceAppearance,32,PROTO_HVAC_S__MEC
A,A_W_07_Zakkyo_P06_HVAC_L__MEC,CP_Mechanical,MEC,T_Mechanical_Color.png;T_Mechanical_Normal.png;T_Mechanical_Roughness.png;T_Mechanical_Metalness.png,SurfaceAppearance,76,PROTO_HVAC_L__MEC
A,A_W_07_Zakkyo_P07_STACK__MEC,CP_Mechanical,MEC,T_Mechanical_Color.png;T_Mechanical_Normal.png;T_Mechanical_Roughness.png;T_Mechanical_Metalness.png,SurfaceAppearance,128,PROTO_STACK__MEC
A,A_W_07_Zakkyo_P08_VENT__MEC,CP_Mechanical,MEC,T_Mechanical_Color.png;T_Mechanical_Normal.png;T_Mechanical_Roughness.png;T_Mechanical_Metalness.png,SurfaceAppearance,44,PROTO_VENT__MEC
A,A_W_07_Zakkyo_V01_VEND_BODY__PNL,CP_PanelMetal,PNL,T_PanelMetal_Color.png;T_PanelMetal_Normal.png;T_PanelMetal_Roughness.png;T_PanelMetal_Metalness.png,SurfaceAppearance,10,PROTO_VEND_BODY__PNL
A,A_W_07_Zakkyo_V01_VEND_FACE__SHOP_LIT,CP_SHOP_LIT,SHOP_LIT,F_SHOP_LIT.png (swatch only),"Material=Neon, Color=255,232,205 (CyberpunkConfig.NeonColors)",2,PROTO_VEND_FACE__SHOP_LIT
A,A_W_07_Zakkyo__CON,CP_ConcreteDark,CON,T_ConcreteDark_Color.png;T_ConcreteDark_Normal.png;T_ConcreteDark_Roughness.png;T_ConcreteDark_Metalness.png,SurfaceAppearance,108,
A,A_W_07_Zakkyo__GLS,CP_GlassCurtain,GLS,T_GlassCurtain_Color.png;T_GlassCurtain_Normal.png;T_GlassCurtain_Roughness.png;T_GlassCurtain_Metalness.png,SurfaceAppearance (Color/Normal/Roughness/Metalness),4,
A,A_W_07_Zakkyo__MEC,CP_Mechanical,MEC,T_Mechanical_Color.png;T_Mechanical_Normal.png;T_Mechanical_Roughness.png;T_Mechanical_Metalness.png,SurfaceAppearance,90,
A,A_W_07_Zakkyo__NEON_AMB,CP_NEON_AMB,NEON_AMB,F_NEON_AMB.png (swatch only),"Material=Neon, Color=255,150,25 (CyberpunkConfig.NeonColors)",12,
A,A_W_07_Zakkyo__NEON_CYN,CP_NEON_CYN,NEON_CYN,F_NEON_CYN.png (swatch only),"Material=Neon, Color=0,230,255 (CyberpunkConfig.NeonColors)",20,
A,A_W_07_Zakkyo__NEON_RED,CP_NEON_RED,NEON_RED,F_NEON_RED.png (swatch only),"Material=Neon, Color=255,32,45 (CyberpunkConfig.NeonColors)",44,
A,A_W_07_Zakkyo__NEON_VIO,CP_NEON_VIO,NEON_VIO,F_NEON_VIO.png (swatch only),"Material=Neon, Color=150,45,255 (CyberpunkConfig.NeonColors)",40,
A,A_W_07_Zakkyo__NEON_WHT,CP_NEON_WHT,NEON_WHT,F_NEON_WHT.png (swatch only),"Material=Neon, Color=215,228,255 (CyberpunkConfig.NeonColors)",72,
A,A_W_07_Zakkyo__PNL,CP_PanelMetal,PNL,T_PanelMetal_Color.png;T_PanelMetal_Normal.png;T_PanelMetal_Roughness.png;T_PanelMetal_Metalness.png,SurfaceAppearance,80,
A,A_W_07_Zakkyo__RIB,CP_GlassRibbon,RIB,T_GlassRibbon_Color.png;T_GlassRibbon_Normal.png;T_GlassRibbon_Roughness.png;T_GlassRibbon_Metalness.png,SurfaceAppearance,8,
A,A_W_07_Zakkyo__ROF,CP_RoofDeck,ROF,T_RoofDeck_Color.png;T_RoofDeck_Normal.png;T_RoofDeck_Roughness.png;T_RoofDeck_Metalness.png,SurfaceAppearance,10,
A,A_W_07_Zakkyo__SGH,CP_SignsH,SGH,signs_h.png,TextureID / SurfaceAppearance ColorMap (atlas),14,
A,A_W_07_Zakkyo__SGV,CP_SignsV,SGV,signs_v.png,TextureID / SurfaceAppearance ColorMap (atlas),18,
A,A_W_07_Zakkyo__SHOP_LIT,CP_SHOP_LIT,SHOP_LIT,F_SHOP_LIT.png (swatch only),"Material=Neon, Color=255,232,205 (CyberpunkConfig.NeonColors)",2,
A,A_W_07_Zakkyo__STL,CP_Steel,STL,T_Steel_Color.png;T_Steel_Normal.png;T_Steel_Roughness.png;T_Steel_Metalness.png,SurfaceAppearance,1506,
A,A_W_07_Zakkyo__TEC,CP_TechPanel,TEC,T_TechPanel_Color.png;T_TechPanel_Normal.png;T_TechPanel_Roughness.png;T_TechPanel_Metalness.png,SurfaceAppearance,8,
A,A_W_07_Zakkyo__WIN_COL,CP_WIN_COL,WIN_COL,F_WIN_COL.png (swatch only),"Material=Neon, Color=140,195,255 (CyberpunkConfig.NeonColors)",2,
A,A_W_07_Zakkyo__WIN_PNK,CP_WIN_PNK,WIN_PNK,F_WIN_PNK.png (swatch only),"Material=Neon, Color=255,120,200 (CyberpunkConfig.NeonColors)",218,
A,A_W_07_Zakkyo__WIN_WRM,CP_WIN_WRM,WIN_WRM,F_WIN_WRM.png (swatch only),"Material=Neon, Color=255,190,125 (CyberpunkConfig.NeonColors)",36,
A,A_W_08_Zakkyo_P01_VENT__MEC,CP_Mechanical,MEC,T_Mechanical_Color.png;T_Mechanical_Normal.png;T_Mechanical_Roughness.png;T_Mechanical_Metalness.png,SurfaceAppearance,44,PROTO_VENT__MEC
A,A_W_08_Zakkyo_P02_TANK__MEC,CP_Mechanical,MEC,T_Mechanical_Color.png;T_Mechanical_Normal.png;T_Mechanical_Roughness.png;T_Mechanical_Metalness.png,SurfaceAppearance,84,PROTO_TANK__MEC
A,A_W_08_Zakkyo_P03_COOL__MEC,CP_Mechanical,MEC,T_Mechanical_Color.png;T_Mechanical_Normal.png;T_Mechanical_Roughness.png;T_Mechanical_Metalness.png,SurfaceAppearance,66,PROTO_COOL__MEC
A,A_W_08_Zakkyo_P04_TANK__MEC,CP_Mechanical,MEC,T_Mechanical_Color.png;T_Mechanical_Normal.png;T_Mechanical_Roughness.png;T_Mechanical_Metalness.png,SurfaceAppearance,84,PROTO_TANK__MEC
A,A_W_08_Zakkyo_P05_GEN__MEC,CP_Mechanical,MEC,T_Mechanical_Color.png;T_Mechanical_Normal.png;T_Mechanical_Roughness.png;T_Mechanical_Metalness.png,SurfaceAppearance,70,PROTO_GEN__MEC
A,A_W_08_Zakkyo_P06_HVAC_S__MEC,CP_Mechanical,MEC,T_Mechanical_Color.png;T_Mechanical_Normal.png;T_Mechanical_Roughness.png;T_Mechanical_Metalness.png,SurfaceAppearance,32,PROTO_HVAC_S__MEC
A,A_W_08_Zakkyo_P07_HVAC_S__MEC,CP_Mechanical,MEC,T_Mechanical_Color.png;T_Mechanical_Normal.png;T_Mechanical_Roughness.png;T_Mechanical_Metalness.png,SurfaceAppearance,32,PROTO_HVAC_S__MEC
A,A_W_08_Zakkyo_P08_DISH__MEC,CP_Mechanical,MEC,T_Mechanical_Color.png;T_Mechanical_Normal.png;T_Mechanical_Roughness.png;T_Mechanical_Metalness.png,SurfaceAppearance,22,PROTO_DISH__MEC
A,A_W_08_Zakkyo_P09_FANBOX__MEC,CP_Mechanical,MEC,T_Mechanical_Color.png;T_Mechanical_Normal.png;T_Mechanical_Roughness.png;T_Mechanical_Metalness.png,SurfaceAppearance,50,PROTO_FANBOX__MEC
A,A_W_08_Zakkyo_P10_HVAC_S__MEC,CP_Mechanical,MEC,T_Mechanical_Color.png;T_Mechanical_Normal.png;T_Mechanical_Roughness.png;T_Mechanical_Metalness.png,SurfaceAppearance,32,PROTO_HVAC_S__MEC
A,A_W_08_Zakkyo_P11_VENT__MEC,CP_Mechanical,MEC,T_Mechanical_Color.png;T_Mechanical_Normal.png;T_Mechanical_Roughness.png;T_Mechanical_Metalness.png,SurfaceAppearance,44,PROTO_VENT__MEC
A,A_W_08_Zakkyo_P12_COOL__MEC,CP_Mechanical,MEC,T_Mechanical_Color.png;T_Mechanical_Normal.png;T_Mechanical_Roughness.png;T_Mechanical_Metalness.png,SurfaceAppearance,66,PROTO_COOL__MEC
A,A_W_08_Zakkyo_P13_TANK__MEC,CP_Mechanical,MEC,T_Mechanical_Color.png;T_Mechanical_Normal.png;T_Mechanical_Roughness.png;T_Mechanical_Metalness.png,SurfaceAppearance,84,PROTO_TANK__MEC
A,A_W_08_Zakkyo_P14_HVAC_S__MEC,CP_Mechanical,MEC,T_Mechanical_Color.png;T_Mechanical_Normal.png;T_Mechanical_Roughness.png;T_Mechanical_Metalness.png,SurfaceAppearance,32,PROTO_HVAC_S__MEC
A,A_W_08_Zakkyo_P15_HVAC_S__MEC,CP_Mechanical,MEC,T_Mechanical_Color.png;T_Mechanical_Normal.png;T_Mechanical_Roughness.png;T_Mechanical_Metalness.png,SurfaceAppearance,32,PROTO_HVAC_S__MEC
A,A_W_08_Zakkyo_P16_VENT__MEC,CP_Mechanical,MEC,T_Mechanical_Color.png;T_Mechanical_Normal.png;T_Mechanical_Roughness.png;T_Mechanical_Metalness.png,SurfaceAppearance,44,PROTO_VENT__MEC
A,A_W_08_Zakkyo_P17_TANK__MEC,CP_Mechanical,MEC,T_Mechanical_Color.png;T_Mechanical_Normal.png;T_Mechanical_Roughness.png;T_Mechanical_Metalness.png,SurfaceAppearance,84,PROTO_TANK__MEC
A,A_W_08_Zakkyo_P18_VENT__MEC,CP_Mechanical,MEC,T_Mechanical_Color.png;T_Mechanical_Normal.png;T_Mechanical_Roughness.png;T_Mechanical_Metalness.png,SurfaceAppearance,44,PROTO_VENT__MEC
A,A_W_08_Zakkyo__CON,CP_ConcreteDark,CON,T_ConcreteDark_Color.png;T_ConcreteDark_Normal.png;T_ConcreteDark_Roughness.png;T_ConcreteDark_Metalness.png,SurfaceAppearance,116,
A,A_W_08_Zakkyo__GLS,CP_GlassCurtain,GLS,T_GlassCurtain_Color.png;T_GlassCurtain_Normal.png;T_GlassCurtain_Roughness.png;T_GlassCurtain_Metalness.png,SurfaceAppearance (Color/Normal/Roughness/Metalness),6,
A,A_W_08_Zakkyo__MEC,CP_Mechanical,MEC,T_Mechanical_Color.png;T_Mechanical_Normal.png;T_Mechanical_Roughness.png;T_Mechanical_Metalness.png,SurfaceAppearance,130,
A,A_W_08_Zakkyo__NEON_AMB,CP_NEON_AMB,NEON_AMB,F_NEON_AMB.png (swatch only),"Material=Neon, Color=255,150,25 (CyberpunkConfig.NeonColors)",24,
A,A_W_08_Zakkyo__NEON_CYN,CP_NEON_CYN,NEON_CYN,F_NEON_CYN.png (swatch only),"Material=Neon, Color=0,230,255 (CyberpunkConfig.NeonColors)",140,
A,A_W_08_Zakkyo__NEON_MAG,CP_NEON_MAG,NEON_MAG,F_NEON_MAG.png (swatch only),"Material=Neon, Color=255,25,175 (CyberpunkConfig.NeonColors)",20,
A,A_W_08_Zakkyo__NEON_RED,CP_NEON_RED,NEON_RED,F_NEON_RED.png (swatch only),"Material=Neon, Color=255,32,45 (CyberpunkConfig.NeonColors)",32,
A,A_W_08_Zakkyo__NEON_VIO,CP_NEON_VIO,NEON_VIO,F_NEON_VIO.png (swatch only),"Material=Neon, Color=150,45,255 (CyberpunkConfig.NeonColors)",136,
A,A_W_08_Zakkyo__PNL,CP_PanelMetal,PNL,T_PanelMetal_Color.png;T_PanelMetal_Normal.png;T_PanelMetal_Roughness.png;T_PanelMetal_Metalness.png,SurfaceAppearance,174,
A,A_W_08_Zakkyo__ROF,CP_RoofDeck,ROF,T_RoofDeck_Color.png;T_RoofDeck_Normal.png;T_RoofDeck_Roughness.png;T_RoofDeck_Metalness.png,SurfaceAppearance,6,
A,A_W_08_Zakkyo__SGH,CP_SignsH,SGH,signs_h.png,TextureID / SurfaceAppearance ColorMap (atlas),12,
A,A_W_08_Zakkyo__SGV,CP_SignsV,SGV,signs_v.png,TextureID / SurfaceAppearance ColorMap (atlas),18,
A,A_W_08_Zakkyo__SHOP_LIT,CP_SHOP_LIT,SHOP_LIT,F_SHOP_LIT.png (swatch only),"Material=Neon, Color=255,232,205 (CyberpunkConfig.NeonColors)",4,
A,A_W_08_Zakkyo__STL,CP_Steel,STL,T_Steel_Color.png;T_Steel_Normal.png;T_Steel_Roughness.png;T_Steel_Metalness.png,SurfaceAppearance,930,
A,A_W_08_Zakkyo__TEC,CP_TechPanel,TEC,T_TechPanel_Color.png;T_TechPanel_Normal.png;T_TechPanel_Roughness.png;T_TechPanel_Metalness.png,SurfaceAppearance,6,
A,A_W_08_Zakkyo__WIN_COL,CP_WIN_COL,WIN_COL,F_WIN_COL.png (swatch only),"Material=Neon, Color=140,195,255 (CyberpunkConfig.NeonColors)",126,
A,A_W_08_Zakkyo__WIN_VIO,CP_WIN_VIO,WIN_VIO,F_WIN_VIO.png (swatch only),"Material=Neon, Color=170,130,255 (CyberpunkConfig.NeonColors)",22,
A,A_W_08_Zakkyo__WIN_WRM,CP_WIN_WRM,WIN_WRM,F_WIN_WRM.png (swatch only),"Material=Neon, Color=255,190,125 (CyberpunkConfig.NeonColors)",2,
A,A_W_09_Arcade_P02_TANK__MEC,CP_Mechanical,MEC,T_Mechanical_Color.png;T_Mechanical_Normal.png;T_Mechanical_Roughness.png;T_Mechanical_Metalness.png,SurfaceAppearance,84,PROTO_TANK__MEC
A,A_W_09_Arcade_P03_STACK__MEC,CP_Mechanical,MEC,T_Mechanical_Color.png;T_Mechanical_Normal.png;T_Mechanical_Roughness.png;T_Mechanical_Metalness.png,SurfaceAppearance,128,PROTO_STACK__MEC
A,A_W_09_Arcade_P04_VENT__MEC,CP_Mechanical,MEC,T_Mechanical_Color.png;T_Mechanical_Normal.png;T_Mechanical_Roughness.png;T_Mechanical_Metalness.png,SurfaceAppearance,44,PROTO_VENT__MEC
A,A_W_09_Arcade_P05_DISH__MEC,CP_Mechanical,MEC,T_Mechanical_Color.png;T_Mechanical_Normal.png;T_Mechanical_Roughness.png;T_Mechanical_Metalness.png,SurfaceAppearance,22,PROTO_DISH__MEC
A,A_W_09_Arcade_P06_HVAC_L__MEC,CP_Mechanical,MEC,T_Mechanical_Color.png;T_Mechanical_Normal.png;T_Mechanical_Roughness.png;T_Mechanical_Metalness.png,SurfaceAppearance,76,PROTO_HVAC_L__MEC
A,A_W_09_Arcade_P07_HVAC_S__MEC,CP_Mechanical,MEC,T_Mechanical_Color.png;T_Mechanical_Normal.png;T_Mechanical_Roughness.png;T_Mechanical_Metalness.png,SurfaceAppearance,32,PROTO_HVAC_S__MEC
A,A_W_09_Arcade_P08_HVAC_S__MEC,CP_Mechanical,MEC,T_Mechanical_Color.png;T_Mechanical_Normal.png;T_Mechanical_Roughness.png;T_Mechanical_Metalness.png,SurfaceAppearance,32,PROTO_HVAC_S__MEC
A,A_W_09_Arcade_P09_STACK__MEC,CP_Mechanical,MEC,T_Mechanical_Color.png;T_Mechanical_Normal.png;T_Mechanical_Roughness.png;T_Mechanical_Metalness.png,SurfaceAppearance,128,PROTO_STACK__MEC
A,A_W_09_Arcade_V01_VEND_BODY__PNL,CP_PanelMetal,PNL,T_PanelMetal_Color.png;T_PanelMetal_Normal.png;T_PanelMetal_Roughness.png;T_PanelMetal_Metalness.png,SurfaceAppearance,10,PROTO_VEND_BODY__PNL
A,A_W_09_Arcade_V01_VEND_FACE__SHOP_LIT,CP_SHOP_LIT,SHOP_LIT,F_SHOP_LIT.png (swatch only),"Material=Neon, Color=255,232,205 (CyberpunkConfig.NeonColors)",2,PROTO_VEND_FACE__SHOP_LIT
A,A_W_09_Arcade__CON,CP_ConcreteDark,CON,T_ConcreteDark_Color.png;T_ConcreteDark_Normal.png;T_ConcreteDark_Roughness.png;T_ConcreteDark_Metalness.png,SurfaceAppearance,128,
A,A_W_09_Arcade__MEC,CP_Mechanical,MEC,T_Mechanical_Color.png;T_Mechanical_Normal.png;T_Mechanical_Roughness.png;T_Mechanical_Metalness.png,SurfaceAppearance,30,
A,A_W_09_Arcade__NEON_AMB,CP_NEON_AMB,NEON_AMB,F_NEON_AMB.png (swatch only),"Material=Neon, Color=255,150,25 (CyberpunkConfig.NeonColors)",12,
A,A_W_09_Arcade__NEON_CYN,CP_NEON_CYN,NEON_CYN,F_NEON_CYN.png (swatch only),"Material=Neon, Color=0,230,255 (CyberpunkConfig.NeonColors)",350,
A,A_W_09_Arcade__NEON_MAG,CP_NEON_MAG,NEON_MAG,F_NEON_MAG.png (swatch only),"Material=Neon, Color=255,25,175 (CyberpunkConfig.NeonColors)",460,
A,A_W_09_Arcade__NEON_RED,CP_NEON_RED,NEON_RED,F_NEON_RED.png (swatch only),"Material=Neon, Color=255,32,45 (CyberpunkConfig.NeonColors)",20,
A,A_W_09_Arcade__NEON_VIO,CP_NEON_VIO,NEON_VIO,F_NEON_VIO.png (swatch only),"Material=Neon, Color=150,45,255 (CyberpunkConfig.NeonColors)",20,
A,A_W_09_Arcade__NEON_WHT,CP_NEON_WHT,NEON_WHT,F_NEON_WHT.png (swatch only),"Material=Neon, Color=215,228,255 (CyberpunkConfig.NeonColors)",10,
A,A_W_09_Arcade__PNL,CP_PanelMetal,PNL,T_PanelMetal_Color.png;T_PanelMetal_Normal.png;T_PanelMetal_Roughness.png;T_PanelMetal_Metalness.png,SurfaceAppearance,58,
A,A_W_09_Arcade__RIB,CP_GlassRibbon,RIB,T_GlassRibbon_Color.png;T_GlassRibbon_Normal.png;T_GlassRibbon_Roughness.png;T_GlassRibbon_Metalness.png,SurfaceAppearance,2,
A,A_W_09_Arcade__ROF,CP_RoofDeck,ROF,T_RoofDeck_Color.png;T_RoofDeck_Normal.png;T_RoofDeck_Roughness.png;T_RoofDeck_Metalness.png,SurfaceAppearance,4,
A,A_W_09_Arcade__SGH,CP_SignsH,SGH,signs_h.png,TextureID / SurfaceAppearance ColorMap (atlas),6,
A,A_W_09_Arcade__SGV,CP_SignsV,SGV,signs_v.png,TextureID / SurfaceAppearance ColorMap (atlas),10,
A,A_W_09_Arcade__SHOP_LIT,CP_SHOP_LIT,SHOP_LIT,F_SHOP_LIT.png (swatch only),"Material=Neon, Color=255,232,205 (CyberpunkConfig.NeonColors)",2,
A,A_W_09_Arcade__STL,CP_Steel,STL,T_Steel_Color.png;T_Steel_Normal.png;T_Steel_Roughness.png;T_Steel_Metalness.png,SurfaceAppearance,772,
A,A_W_09_Arcade__TEC,CP_TechPanel,TEC,T_TechPanel_Color.png;T_TechPanel_Normal.png;T_TechPanel_Roughness.png;T_TechPanel_Metalness.png,SurfaceAppearance,8,
A,A_W_09_Arcade__WIN_PNK,CP_WIN_PNK,WIN_PNK,F_WIN_PNK.png (swatch only),"Material=Neon, Color=255,120,200 (CyberpunkConfig.NeonColors)",16,
A,A_W_09_Arcade__WIN_WRM,CP_WIN_WRM,WIN_WRM,F_WIN_WRM.png (swatch only),"Material=Neon, Color=255,190,125 (CyberpunkConfig.NeonColors)",96,
A,A_W_10_Louver_P01_FANBOX__MEC,CP_Mechanical,MEC,T_Mechanical_Color.png;T_Mechanical_Normal.png;T_Mechanical_Roughness.png;T_Mechanical_Metalness.png,SurfaceAppearance,50,PROTO_FANBOX__MEC
A,A_W_10_Louver_P02_HVAC_L__MEC,CP_Mechanical,MEC,T_Mechanical_Color.png;T_Mechanical_Normal.png;T_Mechanical_Roughness.png;T_Mechanical_Metalness.png,SurfaceAppearance,76,PROTO_HVAC_L__MEC
A,A_W_10_Louver_P03_VENT__MEC,CP_Mechanical,MEC,T_Mechanical_Color.png;T_Mechanical_Normal.png;T_Mechanical_Roughness.png;T_Mechanical_Metalness.png,SurfaceAppearance,44,PROTO_VENT__MEC
A,A_W_10_Louver_P04_STACK__MEC,CP_Mechanical,MEC,T_Mechanical_Color.png;T_Mechanical_Normal.png;T_Mechanical_Roughness.png;T_Mechanical_Metalness.png,SurfaceAppearance,128,PROTO_STACK__MEC
A,A_W_10_Louver_P05_VENT__MEC,CP_Mechanical,MEC,T_Mechanical_Color.png;T_Mechanical_Normal.png;T_Mechanical_Roughness.png;T_Mechanical_Metalness.png,SurfaceAppearance,44,PROTO_VENT__MEC
A,A_W_10_Louver_P06_DISH__MEC,CP_Mechanical,MEC,T_Mechanical_Color.png;T_Mechanical_Normal.png;T_Mechanical_Roughness.png;T_Mechanical_Metalness.png,SurfaceAppearance,22,PROTO_DISH__MEC
A,A_W_10_Louver_P07_VENT__MEC,CP_Mechanical,MEC,T_Mechanical_Color.png;T_Mechanical_Normal.png;T_Mechanical_Roughness.png;T_Mechanical_Metalness.png,SurfaceAppearance,44,PROTO_VENT__MEC
A,A_W_10_Louver_P08_STACK__MEC,CP_Mechanical,MEC,T_Mechanical_Color.png;T_Mechanical_Normal.png;T_Mechanical_Roughness.png;T_Mechanical_Metalness.png,SurfaceAppearance,128,PROTO_STACK__MEC
A,A_W_10_Louver_P09_HVAC_S__MEC,CP_Mechanical,MEC,T_Mechanical_Color.png;T_Mechanical_Normal.png;T_Mechanical_Roughness.png;T_Mechanical_Metalness.png,SurfaceAppearance,32,PROTO_HVAC_S__MEC
A,A_W_10_Louver_P10_VENT__MEC,CP_Mechanical,MEC,T_Mechanical_Color.png;T_Mechanical_Normal.png;T_Mechanical_Roughness.png;T_Mechanical_Metalness.png,SurfaceAppearance,44,PROTO_VENT__MEC
A,A_W_10_Louver_P11_HVAC_S__MEC,CP_Mechanical,MEC,T_Mechanical_Color.png;T_Mechanical_Normal.png;T_Mechanical_Roughness.png;T_Mechanical_Metalness.png,SurfaceAppearance,32,PROTO_HVAC_S__MEC
A,A_W_10_Louver_P12_STACK__MEC,CP_Mechanical,MEC,T_Mechanical_Color.png;T_Mechanical_Normal.png;T_Mechanical_Roughness.png;T_Mechanical_Metalness.png,SurfaceAppearance,128,PROTO_STACK__MEC
A,A_W_10_Louver__CON,CP_ConcreteDark,CON,T_ConcreteDark_Color.png;T_ConcreteDark_Normal.png;T_ConcreteDark_Roughness.png;T_ConcreteDark_Metalness.png,SurfaceAppearance,140,
A,A_W_10_Louver__GLS,CP_GlassCurtain,GLS,T_GlassCurtain_Color.png;T_GlassCurtain_Normal.png;T_GlassCurtain_Roughness.png;T_GlassCurtain_Metalness.png,SurfaceAppearance (Color/Normal/Roughness/Metalness),8,
A,A_W_10_Louver__MEC,CP_Mechanical,MEC,T_Mechanical_Color.png;T_Mechanical_Normal.png;T_Mechanical_Roughness.png;T_Mechanical_Metalness.png,SurfaceAppearance,230,
A,A_W_10_Louver__NEON_CYN,CP_NEON_CYN,NEON_CYN,F_NEON_CYN.png (swatch only),"Material=Neon, Color=0,230,255 (CyberpunkConfig.NeonColors)",20,
A,A_W_10_Louver__NEON_MAG,CP_NEON_MAG,NEON_MAG,F_NEON_MAG.png (swatch only),"Material=Neon, Color=255,25,175 (CyberpunkConfig.NeonColors)",60,
A,A_W_10_Louver__NEON_VIO,CP_NEON_VIO,NEON_VIO,F_NEON_VIO.png (swatch only),"Material=Neon, Color=150,45,255 (CyberpunkConfig.NeonColors)",10,
A,A_W_10_Louver__PNL,CP_PanelMetal,PNL,T_PanelMetal_Color.png;T_PanelMetal_Normal.png;T_PanelMetal_Roughness.png;T_PanelMetal_Metalness.png,SurfaceAppearance,96,
A,A_W_10_Louver__ROF,CP_RoofDeck,ROF,T_RoofDeck_Color.png;T_RoofDeck_Normal.png;T_RoofDeck_Roughness.png;T_RoofDeck_Metalness.png,SurfaceAppearance,8,
A,A_W_10_Louver__SGH,CP_SignsH,SGH,signs_h.png,TextureID / SurfaceAppearance ColorMap (atlas),8,
A,A_W_10_Louver__SGV,CP_SignsV,SGV,signs_v.png,TextureID / SurfaceAppearance ColorMap (atlas),8,
A,A_W_10_Louver__SHOP_LIT,CP_SHOP_LIT,SHOP_LIT,F_SHOP_LIT.png (swatch only),"Material=Neon, Color=255,232,205 (CyberpunkConfig.NeonColors)",2,
A,A_W_10_Louver__STL,CP_Steel,STL,T_Steel_Color.png;T_Steel_Normal.png;T_Steel_Roughness.png;T_Steel_Metalness.png,SurfaceAppearance,512,
A,A_W_10_Louver__TEC,CP_TechPanel,TEC,T_TechPanel_Color.png;T_TechPanel_Normal.png;T_TechPanel_Roughness.png;T_TechPanel_Metalness.png,SurfaceAppearance,2,
A,A_W_10_Louver__WIN_PNK,CP_WIN_PNK,WIN_PNK,F_WIN_PNK.png (swatch only),"Material=Neon, Color=255,120,200 (CyberpunkConfig.NeonColors)",14,
A,A_W_10_Louver__WIN_VIO,CP_WIN_VIO,WIN_VIO,F_WIN_VIO.png (swatch only),"Material=Neon, Color=170,130,255 (CyberpunkConfig.NeonColors)",148,
A,A_W_11_Zakkyo_P02_HVAC_L__MEC,CP_Mechanical,MEC,T_Mechanical_Color.png;T_Mechanical_Normal.png;T_Mechanical_Roughness.png;T_Mechanical_Metalness.png,SurfaceAppearance,76,PROTO_HVAC_L__MEC
A,A_W_11_Zakkyo_P03_STACK__MEC,CP_Mechanical,MEC,T_Mechanical_Color.png;T_Mechanical_Normal.png;T_Mechanical_Roughness.png;T_Mechanical_Metalness.png,SurfaceAppearance,128,PROTO_STACK__MEC
A,A_W_11_Zakkyo_P04_TANK__MEC,CP_Mechanical,MEC,T_Mechanical_Color.png;T_Mechanical_Normal.png;T_Mechanical_Roughness.png;T_Mechanical_Metalness.png,SurfaceAppearance,84,PROTO_TANK__MEC
A,A_W_11_Zakkyo_P05_DISH__MEC,CP_Mechanical,MEC,T_Mechanical_Color.png;T_Mechanical_Normal.png;T_Mechanical_Roughness.png;T_Mechanical_Metalness.png,SurfaceAppearance,22,PROTO_DISH__MEC
A,A_W_11_Zakkyo_P06_VENT__MEC,CP_Mechanical,MEC,T_Mechanical_Color.png;T_Mechanical_Normal.png;T_Mechanical_Roughness.png;T_Mechanical_Metalness.png,SurfaceAppearance,44,PROTO_VENT__MEC
A,A_W_11_Zakkyo_P07_VENT__MEC,CP_Mechanical,MEC,T_Mechanical_Color.png;T_Mechanical_Normal.png;T_Mechanical_Roughness.png;T_Mechanical_Metalness.png,SurfaceAppearance,44,PROTO_VENT__MEC
A,A_W_11_Zakkyo_P08_VENT__MEC,CP_Mechanical,MEC,T_Mechanical_Color.png;T_Mechanical_Normal.png;T_Mechanical_Roughness.png;T_Mechanical_Metalness.png,SurfaceAppearance,44,PROTO_VENT__MEC
A,A_W_11_Zakkyo_P09_HVAC_S__MEC,CP_Mechanical,MEC,T_Mechanical_Color.png;T_Mechanical_Normal.png;T_Mechanical_Roughness.png;T_Mechanical_Metalness.png,SurfaceAppearance,32,PROTO_HVAC_S__MEC
A,A_W_11_Zakkyo_P10_DISH__MEC,CP_Mechanical,MEC,T_Mechanical_Color.png;T_Mechanical_Normal.png;T_Mechanical_Roughness.png;T_Mechanical_Metalness.png,SurfaceAppearance,22,PROTO_DISH__MEC
A,A_W_11_Zakkyo_P11_VENT__MEC,CP_Mechanical,MEC,T_Mechanical_Color.png;T_Mechanical_Normal.png;T_Mechanical_Roughness.png;T_Mechanical_Metalness.png,SurfaceAppearance,44,PROTO_VENT__MEC
A,A_W_11_Zakkyo_P12_VENT__MEC,CP_Mechanical,MEC,T_Mechanical_Color.png;T_Mechanical_Normal.png;T_Mechanical_Roughness.png;T_Mechanical_Metalness.png,SurfaceAppearance,44,PROTO_VENT__MEC
A,A_W_11_Zakkyo_P13_VENT__MEC,CP_Mechanical,MEC,T_Mechanical_Color.png;T_Mechanical_Normal.png;T_Mechanical_Roughness.png;T_Mechanical_Metalness.png,SurfaceAppearance,44,PROTO_VENT__MEC
A,A_W_11_Zakkyo_P14_HVAC_S__MEC,CP_Mechanical,MEC,T_Mechanical_Color.png;T_Mechanical_Normal.png;T_Mechanical_Roughness.png;T_Mechanical_Metalness.png,SurfaceAppearance,32,PROTO_HVAC_S__MEC
A,A_W_11_Zakkyo_P15_STACK__MEC,CP_Mechanical,MEC,T_Mechanical_Color.png;T_Mechanical_Normal.png;T_Mechanical_Roughness.png;T_Mechanical_Metalness.png,SurfaceAppearance,128,PROTO_STACK__MEC
A,A_W_11_Zakkyo_P16_HVAC_S__MEC,CP_Mechanical,MEC,T_Mechanical_Color.png;T_Mechanical_Normal.png;T_Mechanical_Roughness.png;T_Mechanical_Metalness.png,SurfaceAppearance,32,PROTO_HVAC_S__MEC
A,A_W_11_Zakkyo_V01_VEND_BODY__PNL,CP_PanelMetal,PNL,T_PanelMetal_Color.png;T_PanelMetal_Normal.png;T_PanelMetal_Roughness.png;T_PanelMetal_Metalness.png,SurfaceAppearance,10,PROTO_VEND_BODY__PNL
A,A_W_11_Zakkyo_V01_VEND_FACE__SHOP_LIT,CP_SHOP_LIT,SHOP_LIT,F_SHOP_LIT.png (swatch only),"Material=Neon, Color=255,232,205 (CyberpunkConfig.NeonColors)",2,PROTO_VEND_FACE__SHOP_LIT
A,A_W_11_Zakkyo__CON,CP_ConcreteDark,CON,T_ConcreteDark_Color.png;T_ConcreteDark_Normal.png;T_ConcreteDark_Roughness.png;T_ConcreteDark_Metalness.png,SurfaceAppearance,110,
A,A_W_11_Zakkyo__GLS,CP_GlassCurtain,GLS,T_GlassCurtain_Color.png;T_GlassCurtain_Normal.png;T_GlassCurtain_Roughness.png;T_GlassCurtain_Metalness.png,SurfaceAppearance (Color/Normal/Roughness/Metalness),56,
A,A_W_11_Zakkyo__MEC,CP_Mechanical,MEC,T_Mechanical_Color.png;T_Mechanical_Normal.png;T_Mechanical_Roughness.png;T_Mechanical_Metalness.png,SurfaceAppearance,90,
A,A_W_11_Zakkyo__NEON_AMB,CP_NEON_AMB,NEON_AMB,F_NEON_AMB.png (swatch only),"Material=Neon, Color=255,150,25 (CyberpunkConfig.NeonColors)",12,
A,A_W_11_Zakkyo__NEON_BLU,CP_NEON_BLU,NEON_BLU,F_NEON_BLU.png (swatch only),"Material=Neon, Color=30,95,255 (CyberpunkConfig.NeonColors)",30,
A,A_W_11_Zakkyo__NEON_MAG,CP_NEON_MAG,NEON_MAG,F_NEON_MAG.png (swatch only),"Material=Neon, Color=255,25,175 (CyberpunkConfig.NeonColors)",20,
A,A_W_11_Zakkyo__NEON_RED,CP_NEON_RED,NEON_RED,F_NEON_RED.png (swatch only),"Material=Neon, Color=255,32,45 (CyberpunkConfig.NeonColors)",44,
A,A_W_11_Zakkyo__NEON_WHT,CP_NEON_WHT,NEON_WHT,F_NEON_WHT.png (swatch only),"Material=Neon, Color=215,228,255 (CyberpunkConfig.NeonColors)",90,
A,A_W_11_Zakkyo__PNL,CP_PanelMetal,PNL,T_PanelMetal_Color.png;T_PanelMetal_Normal.png;T_PanelMetal_Roughness.png;T_PanelMetal_Metalness.png,SurfaceAppearance,344,
A,A_W_11_Zakkyo__ROF,CP_RoofDeck,ROF,T_RoofDeck_Color.png;T_RoofDeck_Normal.png;T_RoofDeck_Roughness.png;T_RoofDeck_Metalness.png,SurfaceAppearance,12,
A,A_W_11_Zakkyo__SGH,CP_SignsH,SGH,signs_h.png,TextureID / SurfaceAppearance ColorMap (atlas),20,
A,A_W_11_Zakkyo__SGV,CP_SignsV,SGV,signs_v.png,TextureID / SurfaceAppearance ColorMap (atlas),20,
A,A_W_11_Zakkyo__SHOP_LIT,CP_SHOP_LIT,SHOP_LIT,F_SHOP_LIT.png (swatch only),"Material=Neon, Color=255,232,205 (CyberpunkConfig.NeonColors)",4,
A,A_W_11_Zakkyo__STL,CP_Steel,STL,T_Steel_Color.png;T_Steel_Normal.png;T_Steel_Roughness.png;T_Steel_Metalness.png,SurfaceAppearance,1198,
A,A_W_11_Zakkyo__TEC,CP_TechPanel,TEC,T_TechPanel_Color.png;T_TechPanel_Normal.png;T_TechPanel_Roughness.png;T_TechPanel_Metalness.png,SurfaceAppearance,2,
A,A_W_11_Zakkyo__WIN_COL,CP_WIN_COL,WIN_COL,F_WIN_COL.png (swatch only),"Material=Neon, Color=140,195,255 (CyberpunkConfig.NeonColors)",126,
A,A_W_12_Mansion_P02_COOL__MEC,CP_Mechanical,MEC,T_Mechanical_Color.png;T_Mechanical_Normal.png;T_Mechanical_Roughness.png;T_Mechanical_Metalness.png,SurfaceAppearance,66,PROTO_COOL__MEC
A,A_W_12_Mansion_P03_VENT__MEC,CP_Mechanical,MEC,T_Mechanical_Color.png;T_Mechanical_Normal.png;T_Mechanical_Roughness.png;T_Mechanical_Metalness.png,SurfaceAppearance,44,PROTO_VENT__MEC
A,A_W_12_Mansion_P04_STACK__MEC,CP_Mechanical,MEC,T_Mechanical_Color.png;T_Mechanical_Normal.png;T_Mechanical_Roughness.png;T_Mechanical_Metalness.png,SurfaceAppearance,128,PROTO_STACK__MEC
A,A_W_12_Mansion_P05_HVAC_S__MEC,CP_Mechanical,MEC,T_Mechanical_Color.png;T_Mechanical_Normal.png;T_Mechanical_Roughness.png;T_Mechanical_Metalness.png,SurfaceAppearance,32,PROTO_HVAC_S__MEC
A,A_W_12_Mansion_P06_DISH__MEC,CP_Mechanical,MEC,T_Mechanical_Color.png;T_Mechanical_Normal.png;T_Mechanical_Roughness.png;T_Mechanical_Metalness.png,SurfaceAppearance,22,PROTO_DISH__MEC
A,A_W_12_Mansion_P07_STACK__MEC,CP_Mechanical,MEC,T_Mechanical_Color.png;T_Mechanical_Normal.png;T_Mechanical_Roughness.png;T_Mechanical_Metalness.png,SurfaceAppearance,128,PROTO_STACK__MEC
A,A_W_12_Mansion_P08_HVAC_S__MEC,CP_Mechanical,MEC,T_Mechanical_Color.png;T_Mechanical_Normal.png;T_Mechanical_Roughness.png;T_Mechanical_Metalness.png,SurfaceAppearance,32,PROTO_HVAC_S__MEC
A,A_W_12_Mansion_P09_COOL__MEC,CP_Mechanical,MEC,T_Mechanical_Color.png;T_Mechanical_Normal.png;T_Mechanical_Roughness.png;T_Mechanical_Metalness.png,SurfaceAppearance,66,PROTO_COOL__MEC
A,A_W_12_Mansion_P10_VENT__MEC,CP_Mechanical,MEC,T_Mechanical_Color.png;T_Mechanical_Normal.png;T_Mechanical_Roughness.png;T_Mechanical_Metalness.png,SurfaceAppearance,44,PROTO_VENT__MEC
A,A_W_12_Mansion_P11_HVAC_L__MEC,CP_Mechanical,MEC,T_Mechanical_Color.png;T_Mechanical_Normal.png;T_Mechanical_Roughness.png;T_Mechanical_Metalness.png,SurfaceAppearance,76,PROTO_HVAC_L__MEC
A,A_W_12_Mansion_P12_STACK__MEC,CP_Mechanical,MEC,T_Mechanical_Color.png;T_Mechanical_Normal.png;T_Mechanical_Roughness.png;T_Mechanical_Metalness.png,SurfaceAppearance,128,PROTO_STACK__MEC
A,A_W_12_Mansion_P13_VENT__MEC,CP_Mechanical,MEC,T_Mechanical_Color.png;T_Mechanical_Normal.png;T_Mechanical_Roughness.png;T_Mechanical_Metalness.png,SurfaceAppearance,44,PROTO_VENT__MEC
A,A_W_12_Mansion_V01_VEND_BODY__PNL,CP_PanelMetal,PNL,T_PanelMetal_Color.png;T_PanelMetal_Normal.png;T_PanelMetal_Roughness.png;T_PanelMetal_Metalness.png,SurfaceAppearance,10,PROTO_VEND_BODY__PNL
A,A_W_12_Mansion_V01_VEND_FACE__SHOP_LIT,CP_SHOP_LIT,SHOP_LIT,F_SHOP_LIT.png (swatch only),"Material=Neon, Color=255,232,205 (CyberpunkConfig.NeonColors)",2,PROTO_VEND_FACE__SHOP_LIT
A,A_W_12_Mansion__CON,CP_ConcreteDark,CON,T_ConcreteDark_Color.png;T_ConcreteDark_Normal.png;T_ConcreteDark_Roughness.png;T_ConcreteDark_Metalness.png,SurfaceAppearance,360,
A,A_W_12_Mansion__GLS,CP_GlassCurtain,GLS,T_GlassCurtain_Color.png;T_GlassCurtain_Normal.png;T_GlassCurtain_Roughness.png;T_GlassCurtain_Metalness.png,SurfaceAppearance (Color/Normal/Roughness/Metalness),6,
A,A_W_12_Mansion__MEC,CP_Mechanical,MEC,T_Mechanical_Color.png;T_Mechanical_Normal.png;T_Mechanical_Roughness.png;T_Mechanical_Metalness.png,SurfaceAppearance,268,
A,A_W_12_Mansion__NEON_AMB,CP_NEON_AMB,NEON_AMB,F_NEON_AMB.png (swatch only),"Material=Neon, Color=255,150,25 (CyberpunkConfig.NeonColors)",24,
A,A_W_12_Mansion__NEON_CYN,CP_NEON_CYN,NEON_CYN,F_NEON_CYN.png (swatch only),"Material=Neon, Color=0,230,255 (CyberpunkConfig.NeonColors)",10,
A,A_W_12_Mansion__NEON_MAG,CP_NEON_MAG,NEON_MAG,F_NEON_MAG.png (swatch only),"Material=Neon, Color=255,25,175 (CyberpunkConfig.NeonColors)",20,
A,A_W_12_Mansion__NEON_RED,CP_NEON_RED,NEON_RED,F_NEON_RED.png (swatch only),"Material=Neon, Color=255,32,45 (CyberpunkConfig.NeonColors)",8,
A,A_W_12_Mansion__NEON_VIO,CP_NEON_VIO,NEON_VIO,F_NEON_VIO.png (swatch only),"Material=Neon, Color=150,45,255 (CyberpunkConfig.NeonColors)",136,
A,A_W_12_Mansion__NEON_WHT,CP_NEON_WHT,NEON_WHT,F_NEON_WHT.png (swatch only),"Material=Neon, Color=215,228,255 (CyberpunkConfig.NeonColors)",10,
A,A_W_12_Mansion__PNL,CP_PanelMetal,PNL,T_PanelMetal_Color.png;T_PanelMetal_Normal.png;T_PanelMetal_Roughness.png;T_PanelMetal_Metalness.png,SurfaceAppearance,146,
A,A_W_12_Mansion__ROF,CP_RoofDeck,ROF,T_RoofDeck_Color.png;T_RoofDeck_Normal.png;T_RoofDeck_Roughness.png;T_RoofDeck_Metalness.png,SurfaceAppearance,4,
A,A_W_12_Mansion__SGH,CP_SignsH,SGH,signs_h.png,TextureID / SurfaceAppearance ColorMap (atlas),20,
A,A_W_12_Mansion__SGV,CP_SignsV,SGV,signs_v.png,TextureID / SurfaceAppearance ColorMap (atlas),14,
A,A_W_12_Mansion__SHOP_LIT,CP_SHOP_LIT,SHOP_LIT,F_SHOP_LIT.png (swatch only),"Material=Neon, Color=255,232,205 (CyberpunkConfig.NeonColors)",4,
A,A_W_12_Mansion__STL,CP_Steel,STL,T_Steel_Color.png;T_Steel_Normal.png;T_Steel_Roughness.png;T_Steel_Metalness.png,SurfaceAppearance,704,
A,A_W_12_Mansion__TEC,CP_TechPanel,TEC,T_TechPanel_Color.png;T_TechPanel_Normal.png;T_TechPanel_Roughness.png;T_TechPanel_Metalness.png,SurfaceAppearance,64,
A,A_W_12_Mansion__WIN_PNK,CP_WIN_PNK,WIN_PNK,F_WIN_PNK.png (swatch only),"Material=Neon, Color=255,120,200 (CyberpunkConfig.NeonColors)",16,
A,A_W_12_Mansion__WIN_VIO,CP_WIN_VIO,WIN_VIO,F_WIN_VIO.png (swatch only),"Material=Neon, Color=170,130,255 (CyberpunkConfig.NeonColors)",2,
A,A_W_12_Mansion__WIN_WRM,CP_WIN_WRM,WIN_WRM,F_WIN_WRM.png (swatch only),"Material=Neon, Color=255,190,125 (CyberpunkConfig.NeonColors)",168,
A,A_W_13_Pencil_P01_HVAC_L__MEC,CP_Mechanical,MEC,T_Mechanical_Color.png;T_Mechanical_Normal.png;T_Mechanical_Roughness.png;T_Mechanical_Metalness.png,SurfaceAppearance,76,PROTO_HVAC_L__MEC
A,A_W_13_Pencil_P02_FANBOX__MEC,CP_Mechanical,MEC,T_Mechanical_Color.png;T_Mechanical_Normal.png;T_Mechanical_Roughness.png;T_Mechanical_Metalness.png,SurfaceAppearance,50,PROTO_FANBOX__MEC
A,A_W_13_Pencil_P03_VENT__MEC,CP_Mechanical,MEC,T_Mechanical_Color.png;T_Mechanical_Normal.png;T_Mechanical_Roughness.png;T_Mechanical_Metalness.png,SurfaceAppearance,44,PROTO_VENT__MEC
A,A_W_13_Pencil_P04_STACK__MEC,CP_Mechanical,MEC,T_Mechanical_Color.png;T_Mechanical_Normal.png;T_Mechanical_Roughness.png;T_Mechanical_Metalness.png,SurfaceAppearance,128,PROTO_STACK__MEC
A,A_W_13_Pencil__CON,CP_ConcreteDark,CON,T_ConcreteDark_Color.png;T_ConcreteDark_Normal.png;T_ConcreteDark_Roughness.png;T_ConcreteDark_Metalness.png,SurfaceAppearance,72,
A,A_W_13_Pencil__GLS,CP_GlassCurtain,GLS,T_GlassCurtain_Color.png;T_GlassCurtain_Normal.png;T_GlassCurtain_Roughness.png;T_GlassCurtain_Metalness.png,SurfaceAppearance (Color/Normal/Roughness/Metalness),12,
A,A_W_13_Pencil__NEON_CYN,CP_NEON_CYN,NEON_CYN,F_NEON_CYN.png (swatch only),"Material=Neon, Color=0,230,255 (CyberpunkConfig.NeonColors)",10,
A,A_W_13_Pencil__NEON_MAG,CP_NEON_MAG,NEON_MAG,F_NEON_MAG.png (swatch only),"Material=Neon, Color=255,25,175 (CyberpunkConfig.NeonColors)",60,
A,A_W_13_Pencil__NEON_RED,CP_NEON_RED,NEON_RED,F_NEON_RED.png (swatch only),"Material=Neon, Color=255,32,45 (CyberpunkConfig.NeonColors)",32,
A,A_W_13_Pencil__PNL,CP_PanelMetal,PNL,T_PanelMetal_Color.png;T_PanelMetal_Normal.png;T_PanelMetal_Roughness.png;T_PanelMetal_Metalness.png,SurfaceAppearance,26,
A,A_W_13_Pencil__RIB,CP_GlassRibbon,RIB,T_GlassRibbon_Color.png;T_GlassRibbon_Normal.png;T_GlassRibbon_Roughness.png;T_GlassRibbon_Metalness.png,SurfaceAppearance,2,
A,A_W_13_Pencil__ROF,CP_RoofDeck,ROF,T_RoofDeck_Color.png;T_RoofDeck_Normal.png;T_RoofDeck_Roughness.png;T_RoofDeck_Metalness.png,SurfaceAppearance,6,
A,A_W_13_Pencil__SGH,CP_SignsH,SGH,signs_h.png,TextureID / SurfaceAppearance ColorMap (atlas),2,
A,A_W_13_Pencil__SGV,CP_SignsV,SGV,signs_v.png,TextureID / SurfaceAppearance ColorMap (atlas),4,
A,A_W_13_Pencil__STL,CP_Steel,STL,T_Steel_Color.png;T_Steel_Normal.png;T_Steel_Roughness.png;T_Steel_Metalness.png,SurfaceAppearance,928,
A,A_W_13_Pencil__WIN_COL,CP_WIN_COL,WIN_COL,F_WIN_COL.png (swatch only),"Material=Neon, Color=140,195,255 (CyberpunkConfig.NeonColors)",32,
A,A_W_13_Pencil__WIN_WRM,CP_WIN_WRM,WIN_WRM,F_WIN_WRM.png (swatch only),"Material=Neon, Color=255,190,125 (CyberpunkConfig.NeonColors)",92,
A,A_W_14_Zakkyo_P02_HVAC_L__MEC,CP_Mechanical,MEC,T_Mechanical_Color.png;T_Mechanical_Normal.png;T_Mechanical_Roughness.png;T_Mechanical_Metalness.png,SurfaceAppearance,76,PROTO_HVAC_L__MEC
A,A_W_14_Zakkyo_P03_STACK__MEC,CP_Mechanical,MEC,T_Mechanical_Color.png;T_Mechanical_Normal.png;T_Mechanical_Roughness.png;T_Mechanical_Metalness.png,SurfaceAppearance,128,PROTO_STACK__MEC
A,A_W_14_Zakkyo_P04_HVAC_S__MEC,CP_Mechanical,MEC,T_Mechanical_Color.png;T_Mechanical_Normal.png;T_Mechanical_Roughness.png;T_Mechanical_Metalness.png,SurfaceAppearance,32,PROTO_HVAC_S__MEC
A,A_W_14_Zakkyo_P05_GEN__MEC,CP_Mechanical,MEC,T_Mechanical_Color.png;T_Mechanical_Normal.png;T_Mechanical_Roughness.png;T_Mechanical_Metalness.png,SurfaceAppearance,70,PROTO_GEN__MEC
A,A_W_14_Zakkyo_P06_VENT__MEC,CP_Mechanical,MEC,T_Mechanical_Color.png;T_Mechanical_Normal.png;T_Mechanical_Roughness.png;T_Mechanical_Metalness.png,SurfaceAppearance,44,PROTO_VENT__MEC
A,A_W_14_Zakkyo_P07_VENT__MEC,CP_Mechanical,MEC,T_Mechanical_Color.png;T_Mechanical_Normal.png;T_Mechanical_Roughness.png;T_Mechanical_Metalness.png,SurfaceAppearance,44,PROTO_VENT__MEC
A,A_W_14_Zakkyo_P08_HVAC_S__MEC,CP_Mechanical,MEC,T_Mechanical_Color.png;T_Mechanical_Normal.png;T_Mechanical_Roughness.png;T_Mechanical_Metalness.png,SurfaceAppearance,32,PROTO_HVAC_S__MEC
A,A_W_14_Zakkyo_P09_HVAC_S__MEC,CP_Mechanical,MEC,T_Mechanical_Color.png;T_Mechanical_Normal.png;T_Mechanical_Roughness.png;T_Mechanical_Metalness.png,SurfaceAppearance,32,PROTO_HVAC_S__MEC
A,A_W_14_Zakkyo_P10_HVAC_S__MEC,CP_Mechanical,MEC,T_Mechanical_Color.png;T_Mechanical_Normal.png;T_Mechanical_Roughness.png;T_Mechanical_Metalness.png,SurfaceAppearance,32,PROTO_HVAC_S__MEC
A,A_W_14_Zakkyo_P11_VENT__MEC,CP_Mechanical,MEC,T_Mechanical_Color.png;T_Mechanical_Normal.png;T_Mechanical_Roughness.png;T_Mechanical_Metalness.png,SurfaceAppearance,44,PROTO_VENT__MEC
A,A_W_14_Zakkyo_P12_VENT__MEC,CP_Mechanical,MEC,T_Mechanical_Color.png;T_Mechanical_Normal.png;T_Mechanical_Roughness.png;T_Mechanical_Metalness.png,SurfaceAppearance,44,PROTO_VENT__MEC
A,A_W_14_Zakkyo_P13_VENT__MEC,CP_Mechanical,MEC,T_Mechanical_Color.png;T_Mechanical_Normal.png;T_Mechanical_Roughness.png;T_Mechanical_Metalness.png,SurfaceAppearance,44,PROTO_VENT__MEC
A,A_W_14_Zakkyo_P14_VENT__MEC,CP_Mechanical,MEC,T_Mechanical_Color.png;T_Mechanical_Normal.png;T_Mechanical_Roughness.png;T_Mechanical_Metalness.png,SurfaceAppearance,44,PROTO_VENT__MEC
A,A_W_14_Zakkyo_V01_VEND_BODY__PNL,CP_PanelMetal,PNL,T_PanelMetal_Color.png;T_PanelMetal_Normal.png;T_PanelMetal_Roughness.png;T_PanelMetal_Metalness.png,SurfaceAppearance,10,PROTO_VEND_BODY__PNL
A,A_W_14_Zakkyo_V01_VEND_FACE__SHOP_LIT,CP_SHOP_LIT,SHOP_LIT,F_SHOP_LIT.png (swatch only),"Material=Neon, Color=255,232,205 (CyberpunkConfig.NeonColors)",2,PROTO_VEND_FACE__SHOP_LIT
A,A_W_14_Zakkyo__CON,CP_ConcreteDark,CON,T_ConcreteDark_Color.png;T_ConcreteDark_Normal.png;T_ConcreteDark_Roughness.png;T_ConcreteDark_Metalness.png,SurfaceAppearance,120,
A,A_W_14_Zakkyo__GLS,CP_GlassCurtain,GLS,T_GlassCurtain_Color.png;T_GlassCurtain_Normal.png;T_GlassCurtain_Roughness.png;T_GlassCurtain_Metalness.png,SurfaceAppearance (Color/Normal/Roughness/Metalness),76,
A,A_W_14_Zakkyo__MEC,CP_Mechanical,MEC,T_Mechanical_Color.png;T_Mechanical_Normal.png;T_Mechanical_Roughness.png;T_Mechanical_Metalness.png,SurfaceAppearance,194,
A,A_W_14_Zakkyo__NEON_MAG,CP_NEON_MAG,NEON_MAG,F_NEON_MAG.png (swatch only),"Material=Neon, Color=255,25,175 (CyberpunkConfig.NeonColors)",70,
A,A_W_14_Zakkyo__NEON_RED,CP_NEON_RED,NEON_RED,F_NEON_RED.png (swatch only),"Material=Neon, Color=255,32,45 (CyberpunkConfig.NeonColors)",12,
A,A_W_14_Zakkyo__NEON_VIO,CP_NEON_VIO,NEON_VIO,F_NEON_VIO.png (swatch only),"Material=Neon, Color=150,45,255 (CyberpunkConfig.NeonColors)",70,
A,A_W_14_Zakkyo__PNL,CP_PanelMetal,PNL,T_PanelMetal_Color.png;T_PanelMetal_Normal.png;T_PanelMetal_Roughness.png;T_PanelMetal_Metalness.png,SurfaceAppearance,428,
A,A_W_14_Zakkyo__ROF,CP_RoofDeck,ROF,T_RoofDeck_Color.png;T_RoofDeck_Normal.png;T_RoofDeck_Roughness.png;T_RoofDeck_Metalness.png,SurfaceAppearance,10,
A,A_W_14_Zakkyo__SGH,CP_SignsH,SGH,signs_h.png,TextureID / SurfaceAppearance ColorMap (atlas),18,
A,A_W_14_Zakkyo__SGV,CP_SignsV,SGV,signs_v.png,TextureID / SurfaceAppearance ColorMap (atlas),10,
A,A_W_14_Zakkyo__SHOP_LIT,CP_SHOP_LIT,SHOP_LIT,F_SHOP_LIT.png (swatch only),"Material=Neon, Color=255,232,205 (CyberpunkConfig.NeonColors)",4,
A,A_W_14_Zakkyo__STL,CP_Steel,STL,T_Steel_Color.png;T_Steel_Normal.png;T_Steel_Roughness.png;T_Steel_Metalness.png,SurfaceAppearance,390,
A,A_W_14_Zakkyo__TEC,CP_TechPanel,TEC,T_TechPanel_Color.png;T_TechPanel_Normal.png;T_TechPanel_Roughness.png;T_TechPanel_Metalness.png,SurfaceAppearance,8,
A,A_W_14_Zakkyo__WIN_COL,CP_WIN_COL,WIN_COL,F_WIN_COL.png (swatch only),"Material=Neon, Color=140,195,255 (CyberpunkConfig.NeonColors)",92,
A,A_W_14_Zakkyo__WIN_WRM,CP_WIN_WRM,WIN_WRM,F_WIN_WRM.png (swatch only),"Material=Neon, Color=255,190,125 (CyberpunkConfig.NeonColors)",24,
A,A_W_15_Low_P01_GEN__MEC,CP_Mechanical,MEC,T_Mechanical_Color.png;T_Mechanical_Normal.png;T_Mechanical_Roughness.png;T_Mechanical_Metalness.png,SurfaceAppearance,70,PROTO_GEN__MEC
A,A_W_15_Low_P02_VENT__MEC,CP_Mechanical,MEC,T_Mechanical_Color.png;T_Mechanical_Normal.png;T_Mechanical_Roughness.png;T_Mechanical_Metalness.png,SurfaceAppearance,44,PROTO_VENT__MEC
A,A_W_15_Low_P03_DISH__MEC,CP_Mechanical,MEC,T_Mechanical_Color.png;T_Mechanical_Normal.png;T_Mechanical_Roughness.png;T_Mechanical_Metalness.png,SurfaceAppearance,22,PROTO_DISH__MEC
A,A_W_15_Low_P04_VENT__MEC,CP_Mechanical,MEC,T_Mechanical_Color.png;T_Mechanical_Normal.png;T_Mechanical_Roughness.png;T_Mechanical_Metalness.png,SurfaceAppearance,44,PROTO_VENT__MEC
A,A_W_15_Low_P05_VENT__MEC,CP_Mechanical,MEC,T_Mechanical_Color.png;T_Mechanical_Normal.png;T_Mechanical_Roughness.png;T_Mechanical_Metalness.png,SurfaceAppearance,44,PROTO_VENT__MEC
A,A_W_15_Low_P06_HVAC_S__MEC,CP_Mechanical,MEC,T_Mechanical_Color.png;T_Mechanical_Normal.png;T_Mechanical_Roughness.png;T_Mechanical_Metalness.png,SurfaceAppearance,32,PROTO_HVAC_S__MEC
A,A_W_15_Low_P07_HVAC_S__MEC,CP_Mechanical,MEC,T_Mechanical_Color.png;T_Mechanical_Normal.png;T_Mechanical_Roughness.png;T_Mechanical_Metalness.png,SurfaceAppearance,32,PROTO_HVAC_S__MEC
A,A_W_15_Low__CON,CP_ConcreteDark,CON,T_ConcreteDark_Color.png;T_ConcreteDark_Normal.png;T_ConcreteDark_Roughness.png;T_ConcreteDark_Metalness.png,SurfaceAppearance,120,
A,A_W_15_Low__GLS,CP_GlassCurtain,GLS,T_GlassCurtain_Color.png;T_GlassCurtain_Normal.png;T_GlassCurtain_Roughness.png;T_GlassCurtain_Metalness.png,SurfaceAppearance (Color/Normal/Roughness/Metalness),4,
A,A_W_15_Low__MEC,CP_Mechanical,MEC,T_Mechanical_Color.png;T_Mechanical_Normal.png;T_Mechanical_Roughness.png;T_Mechanical_Metalness.png,SurfaceAppearance,60,
A,A_W_15_Low__NEON_AMB,CP_NEON_AMB,NEON_AMB,F_NEON_AMB.png (swatch only),"Material=Neon, Color=255,150,25 (CyberpunkConfig.NeonColors)",12,
A,A_W_15_Low__NEON_MAG,CP_NEON_MAG,NEON_MAG,F_NEON_MAG.png (swatch only),"Material=Neon, Color=255,25,175 (CyberpunkConfig.NeonColors)",10,
A,A_W_15_Low__NEON_RED,CP_NEON_RED,NEON_RED,F_NEON_RED.png (swatch only),"Material=Neon, Color=255,32,45 (CyberpunkConfig.NeonColors)",30,
A,A_W_15_Low__NEON_VIO,CP_NEON_VIO,NEON_VIO,F_NEON_VIO.png (swatch only),"Material=Neon, Color=150,45,255 (CyberpunkConfig.NeonColors)",10,
A,A_W_15_Low__NEON_WHT,CP_NEON_WHT,NEON_WHT,F_NEON_WHT.png (swatch only),"Material=Neon, Color=215,228,255 (CyberpunkConfig.NeonColors)",36,
A,A_W_15_Low__PNL,CP_PanelMetal,PNL,T_PanelMetal_Color.png;T_PanelMetal_Normal.png;T_PanelMetal_Roughness.png;T_PanelMetal_Metalness.png,SurfaceAppearance,34,
A,A_W_15_Low__ROF,CP_RoofDeck,ROF,T_RoofDeck_Color.png;T_RoofDeck_Normal.png;T_RoofDeck_Roughness.png;T_RoofDeck_Metalness.png,SurfaceAppearance,4,
A,A_W_15_Low__SGH,CP_SignsH,SGH,signs_h.png,TextureID / SurfaceAppearance ColorMap (atlas),8,
A,A_W_15_Low__SGV,CP_SignsV,SGV,signs_v.png,TextureID / SurfaceAppearance ColorMap (atlas),8,
A,A_W_15_Low__SHOP_LIT,CP_SHOP_LIT,SHOP_LIT,F_SHOP_LIT.png (swatch only),"Material=Neon, Color=255,232,205 (CyberpunkConfig.NeonColors)",2,
A,A_W_15_Low__STL,CP_Steel,STL,T_Steel_Color.png;T_Steel_Normal.png;T_Steel_Roughness.png;T_Steel_Metalness.png,SurfaceAppearance,510,
A,A_W_15_Low__TEC,CP_TechPanel,TEC,T_TechPanel_Color.png;T_TechPanel_Normal.png;T_TechPanel_Roughness.png;T_TechPanel_Metalness.png,SurfaceAppearance,2,
A,A_W_15_Low__WIN_PNK,CP_WIN_PNK,WIN_PNK,F_WIN_PNK.png (swatch only),"Material=Neon, Color=255,120,200 (CyberpunkConfig.NeonColors)",14,
A,A_W_15_Low__WIN_WRM,CP_WIN_WRM,WIN_WRM,F_WIN_WRM.png (swatch only),"Material=Neon, Color=255,190,125 (CyberpunkConfig.NeonColors)",50,
A,A_W_16_LMBlock_P02_TANK__MEC,CP_Mechanical,MEC,T_Mechanical_Color.png;T_Mechanical_Normal.png;T_Mechanical_Roughness.png;T_Mechanical_Metalness.png,SurfaceAppearance,84,PROTO_TANK__MEC
A,A_W_16_LMBlock_P03_FANBOX__MEC,CP_Mechanical,MEC,T_Mechanical_Color.png;T_Mechanical_Normal.png;T_Mechanical_Roughness.png;T_Mechanical_Metalness.png,SurfaceAppearance,50,PROTO_FANBOX__MEC
A,A_W_16_LMBlock_P04_HVAC_S__MEC,CP_Mechanical,MEC,T_Mechanical_Color.png;T_Mechanical_Normal.png;T_Mechanical_Roughness.png;T_Mechanical_Metalness.png,SurfaceAppearance,32,PROTO_HVAC_S__MEC
A,A_W_16_LMBlock_P05_GEN__MEC,CP_Mechanical,MEC,T_Mechanical_Color.png;T_Mechanical_Normal.png;T_Mechanical_Roughness.png;T_Mechanical_Metalness.png,SurfaceAppearance,70,PROTO_GEN__MEC
A,A_W_16_LMBlock_P06_VENT__MEC,CP_Mechanical,MEC,T_Mechanical_Color.png;T_Mechanical_Normal.png;T_Mechanical_Roughness.png;T_Mechanical_Metalness.png,SurfaceAppearance,44,PROTO_VENT__MEC
A,A_W_16_LMBlock_P07_FANBOX__MEC,CP_Mechanical,MEC,T_Mechanical_Color.png;T_Mechanical_Normal.png;T_Mechanical_Roughness.png;T_Mechanical_Metalness.png,SurfaceAppearance,50,PROTO_FANBOX__MEC
A,A_W_16_LMBlock_P08_VENT__MEC,CP_Mechanical,MEC,T_Mechanical_Color.png;T_Mechanical_Normal.png;T_Mechanical_Roughness.png;T_Mechanical_Metalness.png,SurfaceAppearance,44,PROTO_VENT__MEC
A,A_W_16_LMBlock_P09_DISH__MEC,CP_Mechanical,MEC,T_Mechanical_Color.png;T_Mechanical_Normal.png;T_Mechanical_Roughness.png;T_Mechanical_Metalness.png,SurfaceAppearance,22,PROTO_DISH__MEC
A,A_W_16_LMBlock_P10_VENT__MEC,CP_Mechanical,MEC,T_Mechanical_Color.png;T_Mechanical_Normal.png;T_Mechanical_Roughness.png;T_Mechanical_Metalness.png,SurfaceAppearance,44,PROTO_VENT__MEC
A,A_W_16_LMBlock_V01_VEND_BODY__PNL,CP_PanelMetal,PNL,T_PanelMetal_Color.png;T_PanelMetal_Normal.png;T_PanelMetal_Roughness.png;T_PanelMetal_Metalness.png,SurfaceAppearance,10,PROTO_VEND_BODY__PNL
A,A_W_16_LMBlock_V01_VEND_FACE__SHOP_LIT,CP_SHOP_LIT,SHOP_LIT,F_SHOP_LIT.png (swatch only),"Material=Neon, Color=255,232,205 (CyberpunkConfig.NeonColors)",2,PROTO_VEND_FACE__SHOP_LIT
A,A_W_16_LMBlock__CON,CP_ConcreteDark,CON,T_ConcreteDark_Color.png;T_ConcreteDark_Normal.png;T_ConcreteDark_Roughness.png;T_ConcreteDark_Metalness.png,SurfaceAppearance,160,
A,A_W_16_LMBlock__GLS,CP_GlassCurtain,GLS,T_GlassCurtain_Color.png;T_GlassCurtain_Normal.png;T_GlassCurtain_Roughness.png;T_GlassCurtain_Metalness.png,SurfaceAppearance (Color/Normal/Roughness/Metalness),14,
A,A_W_16_LMBlock__MEC,CP_Mechanical,MEC,T_Mechanical_Color.png;T_Mechanical_Normal.png;T_Mechanical_Roughness.png;T_Mechanical_Metalness.png,SurfaceAppearance,128,
A,A_W_16_LMBlock__NEON_AMB,CP_NEON_AMB,NEON_AMB,F_NEON_AMB.png (swatch only),"Material=Neon, Color=255,150,25 (CyberpunkConfig.NeonColors)",24,
A,A_W_16_LMBlock__NEON_CYN,CP_NEON_CYN,NEON_CYN,F_NEON_CYN.png (swatch only),"Material=Neon, Color=0,230,255 (CyberpunkConfig.NeonColors)",130,
A,A_W_16_LMBlock__NEON_MAG,CP_NEON_MAG,NEON_MAG,F_NEON_MAG.png (swatch only),"Material=Neon, Color=255,25,175 (CyberpunkConfig.NeonColors)",240,
A,A_W_16_LMBlock__NEON_RED,CP_NEON_RED,NEON_RED,F_NEON_RED.png (swatch only),"Material=Neon, Color=255,32,45 (CyberpunkConfig.NeonColors)",94,
A,A_W_16_LMBlock__NEON_WHT,CP_NEON_WHT,NEON_WHT,F_NEON_WHT.png (swatch only),"Material=Neon, Color=215,228,255 (CyberpunkConfig.NeonColors)",120,
A,A_W_16_LMBlock__PNL,CP_PanelMetal,PNL,T_PanelMetal_Color.png;T_PanelMetal_Normal.png;T_PanelMetal_Roughness.png;T_PanelMetal_Metalness.png,SurfaceAppearance,228,
A,A_W_16_LMBlock__RIB,CP_GlassRibbon,RIB,T_GlassRibbon_Color.png;T_GlassRibbon_Normal.png;T_GlassRibbon_Roughness.png;T_GlassRibbon_Metalness.png,SurfaceAppearance,6,
A,A_W_16_LMBlock__ROF,CP_RoofDeck,ROF,T_RoofDeck_Color.png;T_RoofDeck_Normal.png;T_RoofDeck_Roughness.png;T_RoofDeck_Metalness.png,SurfaceAppearance,10,
A,A_W_16_LMBlock__SGH,CP_SignsH,SGH,signs_h.png,TextureID / SurfaceAppearance ColorMap (atlas),28,
A,A_W_16_LMBlock__SGV,CP_SignsV,SGV,signs_v.png,TextureID / SurfaceAppearance ColorMap (atlas),8,
A,A_W_16_LMBlock__SHOP_LIT,CP_SHOP_LIT,SHOP_LIT,F_SHOP_LIT.png (swatch only),"Material=Neon, Color=255,232,205 (CyberpunkConfig.NeonColors)",8,
A,A_W_16_LMBlock__STL,CP_Steel,STL,T_Steel_Color.png;T_Steel_Normal.png;T_Steel_Roughness.png;T_Steel_Metalness.png,SurfaceAppearance,3464,
A,A_W_16_LMBlock__WIN_COL,CP_WIN_COL,WIN_COL,F_WIN_COL.png (swatch only),"Material=Neon, Color=140,195,255 (CyberpunkConfig.NeonColors)",498,
A,A_W_16_LMBlock__WIN_VIO,CP_WIN_VIO,WIN_VIO,F_WIN_VIO.png (swatch only),"Material=Neon, Color=170,130,255 (CyberpunkConfig.NeonColors)",2,
A,A_W_16_LMBlock__WIN_WRM,CP_WIN_WRM,WIN_WRM,F_WIN_WRM.png (swatch only),"Material=Neon, Color=255,190,125 (CyberpunkConfig.NeonColors)",62,
A,A_W_17_Modern_P02_TANK__MEC,CP_Mechanical,MEC,T_Mechanical_Color.png;T_Mechanical_Normal.png;T_Mechanical_Roughness.png;T_Mechanical_Metalness.png,SurfaceAppearance,84,PROTO_TANK__MEC
A,A_W_17_Modern_P03_GEN__MEC,CP_Mechanical,MEC,T_Mechanical_Color.png;T_Mechanical_Normal.png;T_Mechanical_Roughness.png;T_Mechanical_Metalness.png,SurfaceAppearance,70,PROTO_GEN__MEC
A,A_W_17_Modern_P04_VENT__MEC,CP_Mechanical,MEC,T_Mechanical_Color.png;T_Mechanical_Normal.png;T_Mechanical_Roughness.png;T_Mechanical_Metalness.png,SurfaceAppearance,44,PROTO_VENT__MEC
A,A_W_17_Modern_P05_GEN__MEC,CP_Mechanical,MEC,T_Mechanical_Color.png;T_Mechanical_Normal.png;T_Mechanical_Roughness.png;T_Mechanical_Metalness.png,SurfaceAppearance,70,PROTO_GEN__MEC
A,A_W_17_Modern_P06_STACK__MEC,CP_Mechanical,MEC,T_Mechanical_Color.png;T_Mechanical_Normal.png;T_Mechanical_Roughness.png;T_Mechanical_Metalness.png,SurfaceAppearance,128,PROTO_STACK__MEC
A,A_W_17_Modern_P07_DISH__MEC,CP_Mechanical,MEC,T_Mechanical_Color.png;T_Mechanical_Normal.png;T_Mechanical_Roughness.png;T_Mechanical_Metalness.png,SurfaceAppearance,22,PROTO_DISH__MEC
A,A_W_17_Modern_P08_FANBOX__MEC,CP_Mechanical,MEC,T_Mechanical_Color.png;T_Mechanical_Normal.png;T_Mechanical_Roughness.png;T_Mechanical_Metalness.png,SurfaceAppearance,50,PROTO_FANBOX__MEC
A,A_W_17_Modern_P09_HVAC_S__MEC,CP_Mechanical,MEC,T_Mechanical_Color.png;T_Mechanical_Normal.png;T_Mechanical_Roughness.png;T_Mechanical_Metalness.png,SurfaceAppearance,32,PROTO_HVAC_S__MEC
A,A_W_17_Modern_P10_HVAC_S__MEC,CP_Mechanical,MEC,T_Mechanical_Color.png;T_Mechanical_Normal.png;T_Mechanical_Roughness.png;T_Mechanical_Metalness.png,SurfaceAppearance,32,PROTO_HVAC_S__MEC
A,A_W_17_Modern_P11_GEN__MEC,CP_Mechanical,MEC,T_Mechanical_Color.png;T_Mechanical_Normal.png;T_Mechanical_Roughness.png;T_Mechanical_Metalness.png,SurfaceAppearance,70,PROTO_GEN__MEC
A,A_W_17_Modern_P12_STACK__MEC,CP_Mechanical,MEC,T_Mechanical_Color.png;T_Mechanical_Normal.png;T_Mechanical_Roughness.png;T_Mechanical_Metalness.png,SurfaceAppearance,128,PROTO_STACK__MEC
A,A_W_17_Modern_P13_STACK__MEC,CP_Mechanical,MEC,T_Mechanical_Color.png;T_Mechanical_Normal.png;T_Mechanical_Roughness.png;T_Mechanical_Metalness.png,SurfaceAppearance,128,PROTO_STACK__MEC
A,A_W_17_Modern_P14_STACK__MEC,CP_Mechanical,MEC,T_Mechanical_Color.png;T_Mechanical_Normal.png;T_Mechanical_Roughness.png;T_Mechanical_Metalness.png,SurfaceAppearance,128,PROTO_STACK__MEC
A,A_W_17_Modern_P15_VENT__MEC,CP_Mechanical,MEC,T_Mechanical_Color.png;T_Mechanical_Normal.png;T_Mechanical_Roughness.png;T_Mechanical_Metalness.png,SurfaceAppearance,44,PROTO_VENT__MEC
A,A_W_17_Modern_P16_VENT__MEC,CP_Mechanical,MEC,T_Mechanical_Color.png;T_Mechanical_Normal.png;T_Mechanical_Roughness.png;T_Mechanical_Metalness.png,SurfaceAppearance,44,PROTO_VENT__MEC
A,A_W_17_Modern_P17_VENT__MEC,CP_Mechanical,MEC,T_Mechanical_Color.png;T_Mechanical_Normal.png;T_Mechanical_Roughness.png;T_Mechanical_Metalness.png,SurfaceAppearance,44,PROTO_VENT__MEC
A,A_W_17_Modern_P18_HVAC_S__MEC,CP_Mechanical,MEC,T_Mechanical_Color.png;T_Mechanical_Normal.png;T_Mechanical_Roughness.png;T_Mechanical_Metalness.png,SurfaceAppearance,32,PROTO_HVAC_S__MEC
A,A_W_17_Modern_V01_VEND_BODY__PNL,CP_PanelMetal,PNL,T_PanelMetal_Color.png;T_PanelMetal_Normal.png;T_PanelMetal_Roughness.png;T_PanelMetal_Metalness.png,SurfaceAppearance,10,PROTO_VEND_BODY__PNL
A,A_W_17_Modern_V01_VEND_FACE__SHOP_LIT,CP_SHOP_LIT,SHOP_LIT,F_SHOP_LIT.png (swatch only),"Material=Neon, Color=255,232,205 (CyberpunkConfig.NeonColors)",2,PROTO_VEND_FACE__SHOP_LIT
A,A_W_17_Modern__CON,CP_ConcreteDark,CON,T_ConcreteDark_Color.png;T_ConcreteDark_Normal.png;T_ConcreteDark_Roughness.png;T_ConcreteDark_Metalness.png,SurfaceAppearance,116,
A,A_W_17_Modern__GLS,CP_GlassCurtain,GLS,T_GlassCurtain_Color.png;T_GlassCurtain_Normal.png;T_GlassCurtain_Roughness.png;T_GlassCurtain_Metalness.png,SurfaceAppearance (Color/Normal/Roughness/Metalness),8,
A,A_W_17_Modern__MEC,CP_Mechanical,MEC,T_Mechanical_Color.png;T_Mechanical_Normal.png;T_Mechanical_Roughness.png;T_Mechanical_Metalness.png,SurfaceAppearance,40,
A,A_W_17_Modern__NEON_AMB,CP_NEON_AMB,NEON_AMB,F_NEON_AMB.png (swatch only),"Material=Neon, Color=255,150,25 (CyberpunkConfig.NeonColors)",10,
A,A_W_17_Modern__NEON_CYN,CP_NEON_CYN,NEON_CYN,F_NEON_CYN.png (swatch only),"Material=Neon, Color=0,230,255 (CyberpunkConfig.NeonColors)",50,
A,A_W_17_Modern__NEON_VIO,CP_NEON_VIO,NEON_VIO,F_NEON_VIO.png (swatch only),"Material=Neon, Color=150,45,255 (CyberpunkConfig.NeonColors)",150,
A,A_W_17_Modern__NEON_WHT,CP_NEON_WHT,NEON_WHT,F_NEON_WHT.png (swatch only),"Material=Neon, Color=215,228,255 (CyberpunkConfig.NeonColors)",20,
A,A_W_17_Modern__PNL,CP_PanelMetal,PNL,T_PanelMetal_Color.png;T_PanelMetal_Normal.png;T_PanelMetal_Roughness.png;T_PanelMetal_Metalness.png,SurfaceAppearance,154,
A,A_W_17_Modern__ROF,CP_RoofDeck,ROF,T_RoofDeck_Color.png;T_RoofDeck_Normal.png;T_RoofDeck_Roughness.png;T_RoofDeck_Metalness.png,SurfaceAppearance,8,
A,A_W_17_Modern__SGH,CP_SignsH,SGH,signs_h.png,TextureID / SurfaceAppearance ColorMap (atlas),18,
A,A_W_17_Modern__SGV,CP_SignsV,SGV,signs_v.png,TextureID / SurfaceAppearance ColorMap (atlas),14,
A,A_W_17_Modern__SHOP_LIT,CP_SHOP_LIT,SHOP_LIT,F_SHOP_LIT.png (swatch only),"Material=Neon, Color=255,232,205 (CyberpunkConfig.NeonColors)",4,
A,A_W_17_Modern__STL,CP_Steel,STL,T_Steel_Color.png;T_Steel_Normal.png;T_Steel_Roughness.png;T_Steel_Metalness.png,SurfaceAppearance,754,
A,A_W_17_Modern__TEC,CP_TechPanel,TEC,T_TechPanel_Color.png;T_TechPanel_Normal.png;T_TechPanel_Roughness.png;T_TechPanel_Metalness.png,SurfaceAppearance,8,
A,A_W_17_Modern__WIN_VIO,CP_WIN_VIO,WIN_VIO,F_WIN_VIO.png (swatch only),"Material=Neon, Color=170,130,255 (CyberpunkConfig.NeonColors)",24,
A,A_W_17_Modern__WIN_WRM,CP_WIN_WRM,WIN_WRM,F_WIN_WRM.png (swatch only),"Material=Neon, Color=255,190,125 (CyberpunkConfig.NeonColors)",134,
A,A_W_18_Mansion_P02_HVAC_S__MEC,CP_Mechanical,MEC,T_Mechanical_Color.png;T_Mechanical_Normal.png;T_Mechanical_Roughness.png;T_Mechanical_Metalness.png,SurfaceAppearance,32,PROTO_HVAC_S__MEC
A,A_W_18_Mansion_P03_HVAC_S__MEC,CP_Mechanical,MEC,T_Mechanical_Color.png;T_Mechanical_Normal.png;T_Mechanical_Roughness.png;T_Mechanical_Metalness.png,SurfaceAppearance,32,PROTO_HVAC_S__MEC
A,A_W_18_Mansion_P04_FANBOX__MEC,CP_Mechanical,MEC,T_Mechanical_Color.png;T_Mechanical_Normal.png;T_Mechanical_Roughness.png;T_Mechanical_Metalness.png,SurfaceAppearance,50,PROTO_FANBOX__MEC
A,A_W_18_Mansion_P05_HVAC_S__MEC,CP_Mechanical,MEC,T_Mechanical_Color.png;T_Mechanical_Normal.png;T_Mechanical_Roughness.png;T_Mechanical_Metalness.png,SurfaceAppearance,32,PROTO_HVAC_S__MEC
A,A_W_18_Mansion_P06_VENT__MEC,CP_Mechanical,MEC,T_Mechanical_Color.png;T_Mechanical_Normal.png;T_Mechanical_Roughness.png;T_Mechanical_Metalness.png,SurfaceAppearance,44,PROTO_VENT__MEC
A,A_W_18_Mansion_P07_HVAC_L__MEC,CP_Mechanical,MEC,T_Mechanical_Color.png;T_Mechanical_Normal.png;T_Mechanical_Roughness.png;T_Mechanical_Metalness.png,SurfaceAppearance,76,PROTO_HVAC_L__MEC
A,A_W_18_Mansion_P08_GEN__MEC,CP_Mechanical,MEC,T_Mechanical_Color.png;T_Mechanical_Normal.png;T_Mechanical_Roughness.png;T_Mechanical_Metalness.png,SurfaceAppearance,70,PROTO_GEN__MEC
A,A_W_18_Mansion_P09_VENT__MEC,CP_Mechanical,MEC,T_Mechanical_Color.png;T_Mechanical_Normal.png;T_Mechanical_Roughness.png;T_Mechanical_Metalness.png,SurfaceAppearance,44,PROTO_VENT__MEC
A,A_W_18_Mansion_P10_VENT__MEC,CP_Mechanical,MEC,T_Mechanical_Color.png;T_Mechanical_Normal.png;T_Mechanical_Roughness.png;T_Mechanical_Metalness.png,SurfaceAppearance,44,PROTO_VENT__MEC
A,A_W_18_Mansion_P11_VENT__MEC,CP_Mechanical,MEC,T_Mechanical_Color.png;T_Mechanical_Normal.png;T_Mechanical_Roughness.png;T_Mechanical_Metalness.png,SurfaceAppearance,44,PROTO_VENT__MEC
A,A_W_18_Mansion_V01_VEND_BODY__PNL,CP_PanelMetal,PNL,T_PanelMetal_Color.png;T_PanelMetal_Normal.png;T_PanelMetal_Roughness.png;T_PanelMetal_Metalness.png,SurfaceAppearance,10,PROTO_VEND_BODY__PNL
A,A_W_18_Mansion_V01_VEND_FACE__SHOP_LIT,CP_SHOP_LIT,SHOP_LIT,F_SHOP_LIT.png (swatch only),"Material=Neon, Color=255,232,205 (CyberpunkConfig.NeonColors)",2,PROTO_VEND_FACE__SHOP_LIT
A,A_W_18_Mansion__CON,CP_ConcreteDark,CON,T_ConcreteDark_Color.png;T_ConcreteDark_Normal.png;T_ConcreteDark_Roughness.png;T_ConcreteDark_Metalness.png,SurfaceAppearance,652,
A,A_W_18_Mansion__GLS,CP_GlassCurtain,GLS,T_GlassCurtain_Color.png;T_GlassCurtain_Normal.png;T_GlassCurtain_Roughness.png;T_GlassCurtain_Metalness.png,SurfaceAppearance (Color/Normal/Roughness/Metalness),10,
A,A_W_18_Mansion__MEC,CP_Mechanical,MEC,T_Mechanical_Color.png;T_Mechanical_Normal.png;T_Mechanical_Roughness.png;T_Mechanical_Metalness.png,SurfaceAppearance,246,
A,A_W_18_Mansion__NEON_CYN,CP_NEON_CYN,NEON_CYN,F_NEON_CYN.png (swatch only),"Material=Neon, Color=0,230,255 (CyberpunkConfig.NeonColors)",40,
A,A_W_18_Mansion__NEON_RED,CP_NEON_RED,NEON_RED,F_NEON_RED.png (swatch only),"Material=Neon, Color=255,32,45 (CyberpunkConfig.NeonColors)",56,
A,A_W_18_Mansion__NEON_VIO,CP_NEON_VIO,NEON_VIO,F_NEON_VIO.png (swatch only),"Material=Neon, Color=150,45,255 (CyberpunkConfig.NeonColors)",20,
A,A_W_18_Mansion__NEON_WHT,CP_NEON_WHT,NEON_WHT,F_NEON_WHT.png (swatch only),"Material=Neon, Color=215,228,255 (CyberpunkConfig.NeonColors)",20,
A,A_W_18_Mansion__PNL,CP_PanelMetal,PNL,T_PanelMetal_Color.png;T_PanelMetal_Normal.png;T_PanelMetal_Roughness.png;T_PanelMetal_Metalness.png,SurfaceAppearance,90,
A,A_W_18_Mansion__ROF,CP_RoofDeck,ROF,T_RoofDeck_Color.png;T_RoofDeck_Normal.png;T_RoofDeck_Roughness.png;T_RoofDeck_Metalness.png,SurfaceAppearance,6,
A,A_W_18_Mansion__SGH,CP_SignsH,SGH,signs_h.png,TextureID / SurfaceAppearance ColorMap (atlas),30,
A,A_W_18_Mansion__SGV,CP_SignsV,SGV,signs_v.png,TextureID / SurfaceAppearance ColorMap (atlas),22,
A,A_W_18_Mansion__SHOP_LIT,CP_SHOP_LIT,SHOP_LIT,F_SHOP_LIT.png (swatch only),"Material=Neon, Color=255,232,205 (CyberpunkConfig.NeonColors)",4,
A,A_W_18_Mansion__STL,CP_Steel,STL,T_Steel_Color.png;T_Steel_Normal.png;T_Steel_Roughness.png;T_Steel_Metalness.png,SurfaceAppearance,1464,
A,A_W_18_Mansion__TEC,CP_TechPanel,TEC,T_TechPanel_Color.png;T_TechPanel_Normal.png;T_TechPanel_Roughness.png;T_TechPanel_Metalness.png,SurfaceAppearance,192,
A,A_W_18_Mansion__WIN_COL,CP_WIN_COL,WIN_COL,F_WIN_COL.png (swatch only),"Material=Neon, Color=140,195,255 (CyberpunkConfig.NeonColors)",150,
A,A_W_18_Mansion__WIN_PNK,CP_WIN_PNK,WIN_PNK,F_WIN_PNK.png (swatch only),"Material=Neon, Color=255,120,200 (CyberpunkConfig.NeonColors)",4,
A,A_W_18_Mansion__WIN_VIO,CP_WIN_VIO,WIN_VIO,F_WIN_VIO.png (swatch only),"Material=Neon, Color=170,130,255 (CyberpunkConfig.NeonColors)",30,
A,A_W_19_Zakkyo_P01_VENT__MEC,CP_Mechanical,MEC,T_Mechanical_Color.png;T_Mechanical_Normal.png;T_Mechanical_Roughness.png;T_Mechanical_Metalness.png,SurfaceAppearance,44,PROTO_VENT__MEC
A,A_W_19_Zakkyo_P02_HVAC_L__MEC,CP_Mechanical,MEC,T_Mechanical_Color.png;T_Mechanical_Normal.png;T_Mechanical_Roughness.png;T_Mechanical_Metalness.png,SurfaceAppearance,76,PROTO_HVAC_L__MEC
A,A_W_19_Zakkyo_P03_VENT__MEC,CP_Mechanical,MEC,T_Mechanical_Color.png;T_Mechanical_Normal.png;T_Mechanical_Roughness.png;T_Mechanical_Metalness.png,SurfaceAppearance,44,PROTO_VENT__MEC
A,A_W_19_Zakkyo_P04_GEN__MEC,CP_Mechanical,MEC,T_Mechanical_Color.png;T_Mechanical_Normal.png;T_Mechanical_Roughness.png;T_Mechanical_Metalness.png,SurfaceAppearance,70,PROTO_GEN__MEC
A,A_W_19_Zakkyo_P05_TANK__MEC,CP_Mechanical,MEC,T_Mechanical_Color.png;T_Mechanical_Normal.png;T_Mechanical_Roughness.png;T_Mechanical_Metalness.png,SurfaceAppearance,84,PROTO_TANK__MEC
A,A_W_19_Zakkyo_P06_HVAC_S__MEC,CP_Mechanical,MEC,T_Mechanical_Color.png;T_Mechanical_Normal.png;T_Mechanical_Roughness.png;T_Mechanical_Metalness.png,SurfaceAppearance,32,PROTO_HVAC_S__MEC
A,A_W_19_Zakkyo_P07_VENT__MEC,CP_Mechanical,MEC,T_Mechanical_Color.png;T_Mechanical_Normal.png;T_Mechanical_Roughness.png;T_Mechanical_Metalness.png,SurfaceAppearance,44,PROTO_VENT__MEC
A,A_W_19_Zakkyo_P08_HVAC_S__MEC,CP_Mechanical,MEC,T_Mechanical_Color.png;T_Mechanical_Normal.png;T_Mechanical_Roughness.png;T_Mechanical_Metalness.png,SurfaceAppearance,32,PROTO_HVAC_S__MEC
A,A_W_19_Zakkyo_P09_DISH__MEC,CP_Mechanical,MEC,T_Mechanical_Color.png;T_Mechanical_Normal.png;T_Mechanical_Roughness.png;T_Mechanical_Metalness.png,SurfaceAppearance,22,PROTO_DISH__MEC
A,A_W_19_Zakkyo_P10_DISH__MEC,CP_Mechanical,MEC,T_Mechanical_Color.png;T_Mechanical_Normal.png;T_Mechanical_Roughness.png;T_Mechanical_Metalness.png,SurfaceAppearance,22,PROTO_DISH__MEC
A,A_W_19_Zakkyo_P11_DISH__MEC,CP_Mechanical,MEC,T_Mechanical_Color.png;T_Mechanical_Normal.png;T_Mechanical_Roughness.png;T_Mechanical_Metalness.png,SurfaceAppearance,22,PROTO_DISH__MEC
A,A_W_19_Zakkyo_P12_HVAC_S__MEC,CP_Mechanical,MEC,T_Mechanical_Color.png;T_Mechanical_Normal.png;T_Mechanical_Roughness.png;T_Mechanical_Metalness.png,SurfaceAppearance,32,PROTO_HVAC_S__MEC
A,A_W_19_Zakkyo_P13_VENT__MEC,CP_Mechanical,MEC,T_Mechanical_Color.png;T_Mechanical_Normal.png;T_Mechanical_Roughness.png;T_Mechanical_Metalness.png,SurfaceAppearance,44,PROTO_VENT__MEC
A,A_W_19_Zakkyo_P14_HVAC_S__MEC,CP_Mechanical,MEC,T_Mechanical_Color.png;T_Mechanical_Normal.png;T_Mechanical_Roughness.png;T_Mechanical_Metalness.png,SurfaceAppearance,32,PROTO_HVAC_S__MEC
A,A_W_19_Zakkyo_P15_HVAC_S__MEC,CP_Mechanical,MEC,T_Mechanical_Color.png;T_Mechanical_Normal.png;T_Mechanical_Roughness.png;T_Mechanical_Metalness.png,SurfaceAppearance,32,PROTO_HVAC_S__MEC
A,A_W_19_Zakkyo_P16_STACK__MEC,CP_Mechanical,MEC,T_Mechanical_Color.png;T_Mechanical_Normal.png;T_Mechanical_Roughness.png;T_Mechanical_Metalness.png,SurfaceAppearance,128,PROTO_STACK__MEC
A,A_W_19_Zakkyo__CON,CP_ConcreteDark,CON,T_ConcreteDark_Color.png;T_ConcreteDark_Normal.png;T_ConcreteDark_Roughness.png;T_ConcreteDark_Metalness.png,SurfaceAppearance,100,
A,A_W_19_Zakkyo__GLS,CP_GlassCurtain,GLS,T_GlassCurtain_Color.png;T_GlassCurtain_Normal.png;T_GlassCurtain_Roughness.png;T_GlassCurtain_Metalness.png,SurfaceAppearance (Color/Normal/Roughness/Metalness),46,
A,A_W_19_Zakkyo__MEC,CP_Mechanical,MEC,T_Mechanical_Color.png;T_Mechanical_Normal.png;T_Mechanical_Roughness.png;T_Mechanical_Metalness.png,SurfaceAppearance,104,
A,A_W_19_Zakkyo__NEON_CYN,CP_NEON_CYN,NEON_CYN,F_NEON_CYN.png (swatch only),"Material=Neon, Color=0,230,255 (CyberpunkConfig.NeonColors)",130,
A,A_W_19_Zakkyo__NEON_RED,CP_NEON_RED,NEON_RED,F_NEON_RED.png (swatch only),"Material=Neon, Color=255,32,45 (CyberpunkConfig.NeonColors)",12,
A,A_W_19_Zakkyo__NEON_VIO,CP_NEON_VIO,NEON_VIO,F_NEON_VIO.png (swatch only),"Material=Neon, Color=150,45,255 (CyberpunkConfig.NeonColors)",140,
A,A_W_19_Zakkyo__PNL,CP_PanelMetal,PNL,T_PanelMetal_Color.png;T_PanelMetal_Normal.png;T_PanelMetal_Roughness.png;T_PanelMetal_Metalness.png,SurfaceAppearance,290,
A,A_W_19_Zakkyo__ROF,CP_RoofDeck,ROF,T_RoofDeck_Color.png;T_RoofDeck_Normal.png;T_RoofDeck_Roughness.png;T_RoofDeck_Metalness.png,SurfaceAppearance,10,
A,A_W_19_Zakkyo__SGH,CP_SignsH,SGH,signs_h.png,TextureID / SurfaceAppearance ColorMap (atlas),18,
A,A_W_19_Zakkyo__SGV,CP_SignsV,SGV,signs_v.png,TextureID / SurfaceAppearance ColorMap (atlas),8,
A,A_W_19_Zakkyo__SHOP_LIT,CP_SHOP_LIT,SHOP_LIT,F_SHOP_LIT.png (swatch only),"Material=Neon, Color=255,232,205 (CyberpunkConfig.NeonColors)",2,
A,A_W_19_Zakkyo__STL,CP_Steel,STL,T_Steel_Color.png;T_Steel_Normal.png;T_Steel_Roughness.png;T_Steel_Metalness.png,SurfaceAppearance,874,
A,A_W_19_Zakkyo__TEC,CP_TechPanel,TEC,T_TechPanel_Color.png;T_TechPanel_Normal.png;T_TechPanel_Roughness.png;T_TechPanel_Metalness.png,SurfaceAppearance,8,
A,A_W_19_Zakkyo__WIN_COL,CP_WIN_COL,WIN_COL,F_WIN_COL.png (swatch only),"Material=Neon, Color=140,195,255 (CyberpunkConfig.NeonColors)",170,
A,A_W_19_Zakkyo__WIN_PNK,CP_WIN_PNK,WIN_PNK,F_WIN_PNK.png (swatch only),"Material=Neon, Color=255,120,200 (CyberpunkConfig.NeonColors)",2,
A,A_W_19_Zakkyo__WIN_WRM,CP_WIN_WRM,WIN_WRM,F_WIN_WRM.png (swatch only),"Material=Neon, Color=255,190,125 (CyberpunkConfig.NeonColors)",26,
A,A_W_20_Pencil_P02_TANK__MEC,CP_Mechanical,MEC,T_Mechanical_Color.png;T_Mechanical_Normal.png;T_Mechanical_Roughness.png;T_Mechanical_Metalness.png,SurfaceAppearance,84,PROTO_TANK__MEC
A,A_W_20_Pencil_P03_VENT__MEC,CP_Mechanical,MEC,T_Mechanical_Color.png;T_Mechanical_Normal.png;T_Mechanical_Roughness.png;T_Mechanical_Metalness.png,SurfaceAppearance,44,PROTO_VENT__MEC
A,A_W_20_Pencil_P04_DISH__MEC,CP_Mechanical,MEC,T_Mechanical_Color.png;T_Mechanical_Normal.png;T_Mechanical_Roughness.png;T_Mechanical_Metalness.png,SurfaceAppearance,22,PROTO_DISH__MEC
A,A_W_20_Pencil_P05_HVAC_S__MEC,CP_Mechanical,MEC,T_Mechanical_Color.png;T_Mechanical_Normal.png;T_Mechanical_Roughness.png;T_Mechanical_Metalness.png,SurfaceAppearance,32,PROTO_HVAC_S__MEC
A,A_W_20_Pencil_P06_DISH__MEC,CP_Mechanical,MEC,T_Mechanical_Color.png;T_Mechanical_Normal.png;T_Mechanical_Roughness.png;T_Mechanical_Metalness.png,SurfaceAppearance,22,PROTO_DISH__MEC
A,A_W_20_Pencil_V01_VEND_BODY__PNL,CP_PanelMetal,PNL,T_PanelMetal_Color.png;T_PanelMetal_Normal.png;T_PanelMetal_Roughness.png;T_PanelMetal_Metalness.png,SurfaceAppearance,10,PROTO_VEND_BODY__PNL
A,A_W_20_Pencil_V01_VEND_FACE__SHOP_LIT,CP_SHOP_LIT,SHOP_LIT,F_SHOP_LIT.png (swatch only),"Material=Neon, Color=255,232,205 (CyberpunkConfig.NeonColors)",2,PROTO_VEND_FACE__SHOP_LIT
A,A_W_20_Pencil__CON,CP_ConcreteDark,CON,T_ConcreteDark_Color.png;T_ConcreteDark_Normal.png;T_ConcreteDark_Roughness.png;T_ConcreteDark_Metalness.png,SurfaceAppearance,72,
A,A_W_20_Pencil__GLS,CP_GlassCurtain,GLS,T_GlassCurtain_Color.png;T_GlassCurtain_Normal.png;T_GlassCurtain_Roughness.png;T_GlassCurtain_Metalness.png,SurfaceAppearance (Color/Normal/Roughness/Metalness),14,
A,A_W_20_Pencil__MEC,CP_Mechanical,MEC,T_Mechanical_Color.png;T_Mechanical_Normal.png;T_Mechanical_Roughness.png;T_Mechanical_Metalness.png,SurfaceAppearance,140,
A,A_W_20_Pencil__NEON_RED,CP_NEON_RED,NEON_RED,F_NEON_RED.png (swatch only),"Material=Neon, Color=255,32,45 (CyberpunkConfig.NeonColors)",82,
A,A_W_20_Pencil__PNL,CP_PanelMetal,PNL,T_PanelMetal_Color.png;T_PanelMetal_Normal.png;T_PanelMetal_Roughness.png;T_PanelMetal_Metalness.png,SurfaceAppearance,26,
A,A_W_20_Pencil__ROF,CP_RoofDeck,ROF,T_RoofDeck_Color.png;T_RoofDeck_Normal.png;T_RoofDeck_Roughness.png;T_RoofDeck_Metalness.png,SurfaceAppearance,6,
A,A_W_20_Pencil__SGH,CP_SignsH,SGH,signs_h.png,TextureID / SurfaceAppearance ColorMap (atlas),2,
A,A_W_20_Pencil__SGV,CP_SignsV,SGV,signs_v.png,TextureID / SurfaceAppearance ColorMap (atlas),4,
A,A_W_20_Pencil__STL,CP_Steel,STL,T_Steel_Color.png;T_Steel_Normal.png;T_Steel_Roughness.png;T_Steel_Metalness.png,SurfaceAppearance,550,
A,A_W_20_Pencil__WIN_COL,CP_WIN_COL,WIN_COL,F_WIN_COL.png (swatch only),"Material=Neon, Color=140,195,255 (CyberpunkConfig.NeonColors)",160,
A,A_W_20_Pencil__WIN_PNK,CP_WIN_PNK,WIN_PNK,F_WIN_PNK.png (swatch only),"Material=Neon, Color=255,120,200 (CyberpunkConfig.NeonColors)",2,
A,A_W_21_Modern_P03_HVAC_L__MEC,CP_Mechanical,MEC,T_Mechanical_Color.png;T_Mechanical_Normal.png;T_Mechanical_Roughness.png;T_Mechanical_Metalness.png,SurfaceAppearance,76,PROTO_HVAC_L__MEC
A,A_W_21_Modern_P04_HVAC_S__MEC,CP_Mechanical,MEC,T_Mechanical_Color.png;T_Mechanical_Normal.png;T_Mechanical_Roughness.png;T_Mechanical_Metalness.png,SurfaceAppearance,32,PROTO_HVAC_S__MEC
A,A_W_21_Modern_P05_FANBOX__MEC,CP_Mechanical,MEC,T_Mechanical_Color.png;T_Mechanical_Normal.png;T_Mechanical_Roughness.png;T_Mechanical_Metalness.png,SurfaceAppearance,50,PROTO_FANBOX__MEC
A,A_W_21_Modern_P06_STACK__MEC,CP_Mechanical,MEC,T_Mechanical_Color.png;T_Mechanical_Normal.png;T_Mechanical_Roughness.png;T_Mechanical_Metalness.png,SurfaceAppearance,128,PROTO_STACK__MEC
A,A_W_21_Modern_P07_HVAC_S__MEC,CP_Mechanical,MEC,T_Mechanical_Color.png;T_Mechanical_Normal.png;T_Mechanical_Roughness.png;T_Mechanical_Metalness.png,SurfaceAppearance,32,PROTO_HVAC_S__MEC
A,A_W_21_Modern_P08_HVAC_S__MEC,CP_Mechanical,MEC,T_Mechanical_Color.png;T_Mechanical_Normal.png;T_Mechanical_Roughness.png;T_Mechanical_Metalness.png,SurfaceAppearance,32,PROTO_HVAC_S__MEC
A,A_W_21_Modern_P09_HVAC_S__MEC,CP_Mechanical,MEC,T_Mechanical_Color.png;T_Mechanical_Normal.png;T_Mechanical_Roughness.png;T_Mechanical_Metalness.png,SurfaceAppearance,32,PROTO_HVAC_S__MEC
A,A_W_21_Modern_P10_FANBOX__MEC,CP_Mechanical,MEC,T_Mechanical_Color.png;T_Mechanical_Normal.png;T_Mechanical_Roughness.png;T_Mechanical_Metalness.png,SurfaceAppearance,50,PROTO_FANBOX__MEC
A,A_W_21_Modern_P11_HVAC_L__MEC,CP_Mechanical,MEC,T_Mechanical_Color.png;T_Mechanical_Normal.png;T_Mechanical_Roughness.png;T_Mechanical_Metalness.png,SurfaceAppearance,76,PROTO_HVAC_L__MEC
A,A_W_21_Modern_V01_VEND_BODY__PNL,CP_PanelMetal,PNL,T_PanelMetal_Color.png;T_PanelMetal_Normal.png;T_PanelMetal_Roughness.png;T_PanelMetal_Metalness.png,SurfaceAppearance,10,PROTO_VEND_BODY__PNL
A,A_W_21_Modern_V01_VEND_FACE__SHOP_LIT,CP_SHOP_LIT,SHOP_LIT,F_SHOP_LIT.png (swatch only),"Material=Neon, Color=255,232,205 (CyberpunkConfig.NeonColors)",2,PROTO_VEND_FACE__SHOP_LIT
A,A_W_21_Modern_V02_VEND_BODY__PNL,CP_PanelMetal,PNL,T_PanelMetal_Color.png;T_PanelMetal_Normal.png;T_PanelMetal_Roughness.png;T_PanelMetal_Metalness.png,SurfaceAppearance,10,PROTO_VEND_BODY__PNL
A,A_W_21_Modern_V02_VEND_FACE__SHOP_LIT,CP_SHOP_LIT,SHOP_LIT,F_SHOP_LIT.png (swatch only),"Material=Neon, Color=255,232,205 (CyberpunkConfig.NeonColors)",2,PROTO_VEND_FACE__SHOP_LIT
A,A_W_21_Modern__CON,CP_ConcreteDark,CON,T_ConcreteDark_Color.png;T_ConcreteDark_Normal.png;T_ConcreteDark_Roughness.png;T_ConcreteDark_Metalness.png,SurfaceAppearance,252,
A,A_W_21_Modern__GLS,CP_GlassCurtain,GLS,T_GlassCurtain_Color.png;T_GlassCurtain_Normal.png;T_GlassCurtain_Roughness.png;T_GlassCurtain_Metalness.png,SurfaceAppearance (Color/Normal/Roughness/Metalness),26,
A,A_W_21_Modern__MEC,CP_Mechanical,MEC,T_Mechanical_Color.png;T_Mechanical_Normal.png;T_Mechanical_Roughness.png;T_Mechanical_Metalness.png,SurfaceAppearance,214,
A,A_W_21_Modern__NEON_AMB,CP_NEON_AMB,NEON_AMB,F_NEON_AMB.png (swatch only),"Material=Neon, Color=255,150,25 (CyberpunkConfig.NeonColors)",12,
A,A_W_21_Modern__NEON_MAG,CP_NEON_MAG,NEON_MAG,F_NEON_MAG.png (swatch only),"Material=Neon, Color=255,25,175 (CyberpunkConfig.NeonColors)",10,
A,A_W_21_Modern__NEON_RED,CP_NEON_RED,NEON_RED,F_NEON_RED.png (swatch only),"Material=Neon, Color=255,32,45 (CyberpunkConfig.NeonColors)",20,
A,A_W_21_Modern__NEON_VIO,CP_NEON_VIO,NEON_VIO,F_NEON_VIO.png (swatch only),"Material=Neon, Color=150,45,255 (CyberpunkConfig.NeonColors)",10,
A,A_W_21_Modern__NEON_WHT,CP_NEON_WHT,NEON_WHT,F_NEON_WHT.png (swatch only),"Material=Neon, Color=215,228,255 (CyberpunkConfig.NeonColors)",10,
A,A_W_21_Modern__PNL,CP_PanelMetal,PNL,T_PanelMetal_Color.png;T_PanelMetal_Normal.png;T_PanelMetal_Roughness.png;T_PanelMetal_Metalness.png,SurfaceAppearance,48,
A,A_W_21_Modern__ROF,CP_RoofDeck,ROF,T_RoofDeck_Color.png;T_RoofDeck_Normal.png;T_RoofDeck_Roughness.png;T_RoofDeck_Metalness.png,SurfaceAppearance,18,
A,A_W_21_Modern__SGH,CP_SignsH,SGH,signs_h.png,TextureID / SurfaceAppearance ColorMap (atlas),14,
A,A_W_21_Modern__SGV,CP_SignsV,SGV,signs_v.png,TextureID / SurfaceAppearance ColorMap (atlas),2,
A,A_W_21_Modern__SHOP_LIT,CP_SHOP_LIT,SHOP_LIT,F_SHOP_LIT.png (swatch only),"Material=Neon, Color=255,232,205 (CyberpunkConfig.NeonColors)",4,
A,A_W_21_Modern__STL,CP_Steel,STL,T_Steel_Color.png;T_Steel_Normal.png;T_Steel_Roughness.png;T_Steel_Metalness.png,SurfaceAppearance,3468,
A,A_W_21_Modern__WIN_PNK,CP_WIN_PNK,WIN_PNK,F_WIN_PNK.png (swatch only),"Material=Neon, Color=255,120,200 (CyberpunkConfig.NeonColors)",182,
A,A_W_21_Modern__WIN_VIO,CP_WIN_VIO,WIN_VIO,F_WIN_VIO.png (swatch only),"Material=Neon, Color=170,130,255 (CyberpunkConfig.NeonColors)",36,
A,A_W_22_Zakkyo_P01_GEN__MEC,CP_Mechanical,MEC,T_Mechanical_Color.png;T_Mechanical_Normal.png;T_Mechanical_Roughness.png;T_Mechanical_Metalness.png,SurfaceAppearance,70,PROTO_GEN__MEC
A,A_W_22_Zakkyo_P02_VENT__MEC,CP_Mechanical,MEC,T_Mechanical_Color.png;T_Mechanical_Normal.png;T_Mechanical_Roughness.png;T_Mechanical_Metalness.png,SurfaceAppearance,44,PROTO_VENT__MEC
A,A_W_22_Zakkyo_P03_STACK__MEC,CP_Mechanical,MEC,T_Mechanical_Color.png;T_Mechanical_Normal.png;T_Mechanical_Roughness.png;T_Mechanical_Metalness.png,SurfaceAppearance,128,PROTO_STACK__MEC
A,A_W_22_Zakkyo_P04_DISH__MEC,CP_Mechanical,MEC,T_Mechanical_Color.png;T_Mechanical_Normal.png;T_Mechanical_Roughness.png;T_Mechanical_Metalness.png,SurfaceAppearance,22,PROTO_DISH__MEC
A,A_W_22_Zakkyo_P05_HVAC_S__MEC,CP_Mechanical,MEC,T_Mechanical_Color.png;T_Mechanical_Normal.png;T_Mechanical_Roughness.png;T_Mechanical_Metalness.png,SurfaceAppearance,32,PROTO_HVAC_S__MEC
A,A_W_22_Zakkyo_P06_TANK__MEC,CP_Mechanical,MEC,T_Mechanical_Color.png;T_Mechanical_Normal.png;T_Mechanical_Roughness.png;T_Mechanical_Metalness.png,SurfaceAppearance,84,PROTO_TANK__MEC
A,A_W_22_Zakkyo_P07_HVAC_S__MEC,CP_Mechanical,MEC,T_Mechanical_Color.png;T_Mechanical_Normal.png;T_Mechanical_Roughness.png;T_Mechanical_Metalness.png,SurfaceAppearance,32,PROTO_HVAC_S__MEC
A,A_W_22_Zakkyo_P08_GEN__MEC,CP_Mechanical,MEC,T_Mechanical_Color.png;T_Mechanical_Normal.png;T_Mechanical_Roughness.png;T_Mechanical_Metalness.png,SurfaceAppearance,70,PROTO_GEN__MEC
A,A_W_22_Zakkyo_P09_HVAC_S__MEC,CP_Mechanical,MEC,T_Mechanical_Color.png;T_Mechanical_Normal.png;T_Mechanical_Roughness.png;T_Mechanical_Metalness.png,SurfaceAppearance,32,PROTO_HVAC_S__MEC
A,A_W_22_Zakkyo_P10_VENT__MEC,CP_Mechanical,MEC,T_Mechanical_Color.png;T_Mechanical_Normal.png;T_Mechanical_Roughness.png;T_Mechanical_Metalness.png,SurfaceAppearance,44,PROTO_VENT__MEC
A,A_W_22_Zakkyo_P11_HVAC_S__MEC,CP_Mechanical,MEC,T_Mechanical_Color.png;T_Mechanical_Normal.png;T_Mechanical_Roughness.png;T_Mechanical_Metalness.png,SurfaceAppearance,32,PROTO_HVAC_S__MEC
A,A_W_22_Zakkyo_P12_VENT__MEC,CP_Mechanical,MEC,T_Mechanical_Color.png;T_Mechanical_Normal.png;T_Mechanical_Roughness.png;T_Mechanical_Metalness.png,SurfaceAppearance,44,PROTO_VENT__MEC
A,A_W_22_Zakkyo__CON,CP_ConcreteDark,CON,T_ConcreteDark_Color.png;T_ConcreteDark_Normal.png;T_ConcreteDark_Roughness.png;T_ConcreteDark_Metalness.png,SurfaceAppearance,112,
A,A_W_22_Zakkyo__MEC,CP_Mechanical,MEC,T_Mechanical_Color.png;T_Mechanical_Normal.png;T_Mechanical_Roughness.png;T_Mechanical_Metalness.png,SurfaceAppearance,238,
A,A_W_22_Zakkyo__NEON_MAG,CP_NEON_MAG,NEON_MAG,F_NEON_MAG.png (swatch only),"Material=Neon, Color=255,25,175 (CyberpunkConfig.NeonColors)",30,
A,A_W_22_Zakkyo__NEON_RED,CP_NEON_RED,NEON_RED,F_NEON_RED.png (swatch only),"Material=Neon, Color=255,32,45 (CyberpunkConfig.NeonColors)",222,
A,A_W_22_Zakkyo__PNL,CP_PanelMetal,PNL,T_PanelMetal_Color.png;T_PanelMetal_Normal.png;T_PanelMetal_Roughness.png;T_PanelMetal_Metalness.png,SurfaceAppearance,18,
A,A_W_22_Zakkyo__RIB,CP_GlassRibbon,RIB,T_GlassRibbon_Color.png;T_GlassRibbon_Normal.png;T_GlassRibbon_Roughness.png;T_GlassRibbon_Metalness.png,SurfaceAppearance,2,
A,A_W_22_Zakkyo__ROF,CP_RoofDeck,ROF,T_RoofDeck_Color.png;T_RoofDeck_Normal.png;T_RoofDeck_Roughness.png;T_RoofDeck_Metalness.png,SurfaceAppearance,6,
A,A_W_22_Zakkyo__SGH,CP_SignsH,SGH,signs_h.png,TextureID / SurfaceAppearance ColorMap (atlas),14,
A,A_W_22_Zakkyo__SGV,CP_SignsV,SGV,signs_v.png,TextureID / SurfaceAppearance ColorMap (atlas),12,
A,A_W_22_Zakkyo__SHOP_LIT,CP_SHOP_LIT,SHOP_LIT,F_SHOP_LIT.png (swatch only),"Material=Neon, Color=255,232,205 (CyberpunkConfig.NeonColors)",2,
A,A_W_22_Zakkyo__STL,CP_Steel,STL,T_Steel_Color.png;T_Steel_Normal.png;T_Steel_Roughness.png;T_Steel_Metalness.png,SurfaceAppearance,834,
A,A_W_22_Zakkyo__TEC,CP_TechPanel,TEC,T_TechPanel_Color.png;T_TechPanel_Normal.png;T_TechPanel_Roughness.png;T_TechPanel_Metalness.png,SurfaceAppearance,2,
A,A_W_22_Zakkyo__WIN_COL,CP_WIN_COL,WIN_COL,F_WIN_COL.png (swatch only),"Material=Neon, Color=140,195,255 (CyberpunkConfig.NeonColors)",118,
A,A_W_22_Zakkyo__WIN_WRM,CP_WIN_WRM,WIN_WRM,F_WIN_WRM.png (swatch only),"Material=Neon, Color=255,190,125 (CyberpunkConfig.NeonColors)",16,
A,City_Sidewalk_01,HEX_Palette,HEX_Palette,palette.png,original map material (unchanged),10,
A,City_Sidewalk_02,HEX_Palette,HEX_Palette,palette.png,original map material (unchanged),10,
A,City_Sidewalk_03,HEX_Palette,HEX_Palette,palette.png,original map material (unchanged),10,
A,City_Sidewalk_04,HEX_Palette,HEX_Palette,palette.png,original map material (unchanged),10,
A,City_Sidewalk_05,HEX_Palette,HEX_Palette,palette.png,original map material (unchanged),10,
A,City_Sidewalk_06,HEX_Palette,HEX_Palette,palette.png,original map material (unchanged),10,
A,City_Sidewalk_07,HEX_Palette,HEX_Palette,palette.png,original map material (unchanged),10,
A,City_Sidewalk_08,HEX_Palette,HEX_Palette,palette.png,original map material (unchanged),10,
A,City_Sidewalk_09,HEX_Palette,HEX_Palette,palette.png,original map material (unchanged),10,
A,City_Sidewalk_10,HEX_Palette,HEX_Palette,palette.png,original map material (unchanged),10,
A,City_Sidewalk_11,HEX_Palette,HEX_Palette,palette.png,original map material (unchanged),10,
A,City_Sidewalk_12,HEX_Palette,HEX_Palette,palette.png,original map material (unchanged),10,
A,City_Sidewalk_13,HEX_Palette,HEX_Palette,palette.png,original map material (unchanged),10,
A,City_Sidewalk_14,HEX_Palette,HEX_Palette,palette.png,original map material (unchanged),10,
A,City_Sidewalk_15,HEX_Palette,HEX_Palette,palette.png,original map material (unchanged),10,
A,City_Sidewalk_16,HEX_Palette,HEX_Palette,palette.png,original map material (unchanged),10,
A,City_Sidewalk_17,HEX_Palette,HEX_Palette,palette.png,original map material (unchanged),10,
A,City_Sidewalk_18,HEX_Palette,HEX_Palette,palette.png,original map material (unchanged),10,
A,City_Sidewalk_19,HEX_Palette,HEX_Palette,palette.png,original map material (unchanged),10,
A,City_Sidewalk_20,HEX_Palette,HEX_Palette,palette.png,original map material (unchanged),10,
A,City_Sidewalk_21,HEX_Palette,HEX_Palette,palette.png,original map material (unchanged),10,
A,City_Sidewalk_22,HEX_Palette,HEX_Palette,palette.png,original map material (unchanged),10,
A,City_Street_01,HEX_Palette,HEX_Palette,palette.png,original map material (unchanged),10,
A,City_Street_02,HEX_Palette,HEX_Palette,palette.png,original map material (unchanged),10,
A,City_Street_03,HEX_Palette,HEX_Palette,palette.png,original map material (unchanged),10,
A,City_Street_04,HEX_Palette,HEX_Palette,palette.png,original map material (unchanged),10,
A,City_Street_05,HEX_Palette,HEX_Palette,palette.png,original map material (unchanged),10,
A,City_Street_06,HEX_Palette,HEX_Palette,palette.png,original map material (unchanged),10,
A,HEX_ALIGN_A__CON,CP_ConcreteDark,CON,T_ConcreteDark_Color.png;T_ConcreteDark_Normal.png;T_ConcreteDark_Roughness.png;T_ConcreteDark_Metalness.png,SurfaceAppearance,12,
A,LightMast_Plaza_01,HEX_Palette,HEX_Palette,palette.png,original map material (unchanged),140,
A,LightMast_Plaza_02,HEX_Palette,HEX_Palette,palette.png,original map material (unchanged),140,
A,LightMast_Plaza_03,HEX_Palette,HEX_Palette,palette.png,original map material (unchanged),140,
A,LightMast_Plaza_04,HEX_Palette,HEX_Palette,palette.png,original map material (unchanged),140,
A,LightMast_Plaza_05,HEX_Palette,HEX_Palette,palette.png,original map material (unchanged),140,
A,LightMast_Plaza_06,HEX_Palette,HEX_Palette,palette.png,original map material (unchanged),140,
A,LightMast_Plaza_07,HEX_Palette,HEX_Palette,palette.png,original map material (unchanged),140,
A,LightMast_Plaza_08,HEX_Palette,HEX_Palette,palette.png,original map material (unchanged),140,
A,LightMast_Plaza_09,HEX_Palette,HEX_Palette,palette.png,original map material (unchanged),140,
A,LightMast_Plaza_10,HEX_Palette,HEX_Palette,palette.png,original map material (unchanged),140,
A,LightMast_Plaza_11,HEX_Palette,HEX_Palette,palette.png,original map material (unchanged),140,
A,LightMast_Plaza_12,HEX_Palette,HEX_Palette,palette.png,original map material (unchanged),140,
A,LightMast_Plaza_13,HEX_Palette,HEX_Palette,palette.png,original map material (unchanged),140,
A,LightMast_Plaza_14,HEX_Palette,HEX_Palette,palette.png,original map material (unchanged),140,
A,LightMast_Plaza_15,HEX_Palette,HEX_Palette,palette.png,original map material (unchanged),140,
A,LightMast_Plaza_16,HEX_Palette,HEX_Palette,palette.png,original map material (unchanged),140,
A,LightMast_Plaza_17,HEX_Palette,HEX_Palette,palette.png,original map material (unchanged),140,
A,LightMast_Plaza_18,HEX_Palette,HEX_Palette,palette.png,original map material (unchanged),140,
A,LightMast_Practice_01,HEX_Palette,HEX_Palette,palette.png,original map material (unchanged),84,
A,LightMast_Practice_02,HEX_Palette,HEX_Palette,palette.png,original map material (unchanged),84,
A,LightMast_Practice_03,HEX_Palette,HEX_Palette,palette.png,original map material (unchanged),84,
A,LightMast_Practice_04,HEX_Palette,HEX_Palette,palette.png,original map material (unchanged),84,
A,Plaza_Asphalt_01,HEX_Palette,HEX_Palette,palette.png,original map material (unchanged),10,
A,Plaza_Asphalt_02,HEX_Palette,HEX_Palette,palette.png,original map material (unchanged),10,
A,Plaza_Asphalt_03,HEX_Palette,HEX_Palette,palette.png,original map material (unchanged),10,
A,Plaza_BrickPavers_01,HEX_Palette,HEX_Palette,palette.png,original map material (unchanged),10,
A,Plaza_BrickPavers_02,HEX_Palette,HEX_Palette,palette.png,original map material (unchanged),10,
A,Plaza_BrickPavers_03,HEX_Palette,HEX_Palette,palette.png,original map material (unchanged),10,
A,Plaza_BrickPavers_04,HEX_Palette,HEX_Palette,palette.png,original map material (unchanged),10,
A,Plaza_BrickPavers_05,HEX_Palette,HEX_Palette,palette.png,original map material (unchanged),10,
A,Plaza_ConcreteLight_01,HEX_Palette,HEX_Palette,palette.png,original map material (unchanged),10,
A,Plaza_ConcreteLight_02,HEX_Palette,HEX_Palette,palette.png,original map material (unchanged),10,
A,Plaza_ConcreteLight_03,HEX_Palette,HEX_Palette,palette.png,original map material (unchanged),10,
A,Plaza_ConcreteLight_04,HEX_Palette,HEX_Palette,palette.png,original map material (unchanged),10,
A,Plaza_ConcreteLight_05,HEX_Palette,HEX_Palette,palette.png,original map material (unchanged),10,
A,Plaza_ConcreteLight_06,HEX_Palette,HEX_Palette,palette.png,original map material (unchanged),10,
A,Plaza_ConcreteLight_07,HEX_Palette,HEX_Palette,palette.png,original map material (unchanged),10,
A,Plaza_ConcreteLight_08,HEX_Palette,HEX_Palette,palette.png,original map material (unchanged),10,
A,Plaza_ConcreteLight_09,HEX_Palette,HEX_Palette,palette.png,original map material (unchanged),10,
A,Plaza_ConcreteLight_10,HEX_Palette,HEX_Palette,palette.png,original map material (unchanged),10,
A,Plaza_ConcreteLight_11,HEX_Palette,HEX_Palette,palette.png,original map material (unchanged),10,
A,Plaza_ConcreteLight_12,HEX_Palette,HEX_Palette,palette.png,original map material (unchanged),10,
A,Plaza_ConcreteLight_13,HEX_Palette,HEX_Palette,palette.png,original map material (unchanged),10,
A,Plaza_ConcreteLight_14,HEX_Palette,HEX_Palette,palette.png,original map material (unchanged),10,
A,Plaza_ConcreteLight_15,HEX_Palette,HEX_Palette,palette.png,original map material (unchanged),10,
A,Plaza_Concrete_01,HEX_Palette,HEX_Palette,palette.png,original map material (unchanged),10,
A,Plaza_Concrete_02,HEX_Palette,HEX_Palette,palette.png,original map material (unchanged),10,
A,Plaza_Concrete_03,HEX_Palette,HEX_Palette,palette.png,original map material (unchanged),10,
A,Plaza_Concrete_04,HEX_Palette,HEX_Palette,palette.png,original map material (unchanged),10,
A,Plaza_Concrete_05,HEX_Palette,HEX_Palette,palette.png,original map material (unchanged),10,
A,Plaza_Concrete_06,HEX_Palette,HEX_Palette,palette.png,original map material (unchanged),10,
A,Plaza_Concrete_07,HEX_Palette,HEX_Palette,palette.png,original map material (unchanged),10,
A,Plaza_Curb,HEX_Palette,HEX_Palette,palette.png,original map material (unchanged),48,
A,Plaza_DrainChannels,HEX_Palette,HEX_Palette,palette.png,original map material (unchanged),240,
A,Plaza_ExpansionJoints,HEX_Palette,HEX_Palette,palette.png,original map material (unchanged),1084,
A,Plaza_Promenade_01,HEX_Palette,HEX_Palette,palette.png,original map material (unchanged),10,
A,Plaza_Promenade_02,HEX_Palette,HEX_Palette,palette.png,original map material (unchanged),10,
A,Plaza_Promenade_03,HEX_Palette,HEX_Palette,palette.png,original map material (unchanged),10,
A,Plaza_Promenade_04,HEX_Palette,HEX_Palette,palette.png,original map material (unchanged),10,
A,Plaza_Promenade_05,HEX_Palette,HEX_Palette,palette.png,original map material (unchanged),10,
A,Plaza_Promenade_06,HEX_Palette,HEX_Palette,palette.png,original map material (unchanged),10,
A,Plaza_Promenade_07,HEX_Palette,HEX_Palette,palette.png,original map material (unchanged),10,
A,Plaza_Promenade_08,HEX_Palette,HEX_Palette,palette.png,original map material (unchanged),10,
A,Plaza_Promenade_09,HEX_Palette,HEX_Palette,palette.png,original map material (unchanged),10,
A,Plaza_Promenade_10,HEX_Palette,HEX_Palette,palette.png,original map material (unchanged),10,
A,Plaza_Promenade_11,HEX_Palette,HEX_Palette,palette.png,original map material (unchanged),10,
A,Plaza_Promenade_12,HEX_Palette,HEX_Palette,palette.png,original map material (unchanged),10,
A,Plaza_Promenade_13,HEX_Palette,HEX_Palette,palette.png,original map material (unchanged),10,
A,Plaza_Promenade_14,HEX_Palette,HEX_Palette,palette.png,original map material (unchanged),10,
A,Practice_Floor,HEX_Palette,HEX_Palette,palette.png,original map material (unchanged),10,
A,Practice_Floor_Joints,HEX_Palette,HEX_Palette,palette.png,original map material (unchanged),220,
A,Practice_Floor_TrenchLinks,HEX_Palette,HEX_Palette,palette.png,original map material (unchanged),20,
A,Practice_HexFeatureWall,HEX_Palette,HEX_Palette,palette.png,original map material (unchanged),1216,
A,Practice_Railings,HEX_Palette,HEX_Palette,palette.png,original map material (unchanged),3780,
A,Practice_RetainingWalls,HEX_Palette,HEX_Palette,palette.png,original map material (unchanged),242,
A,Practice_SeatingTerraces,HEX_Palette,HEX_Palette,palette.png,original map material (unchanged),320,
A,Practice_WallAccents,HEX_Palette,HEX_Palette,palette.png,original map material (unchanged),380,
A,RailViaduct_West,HEX_Palette,HEX_Palette,palette.png,original map material (unchanged),1826,
A,SCR_A_Corner_NE_01,AD_RamenIchiban,SCREEN,AD_RamenIchiban.png,TextureID + SurfaceGui overlay (CyberpunkSetup),2,
A,SCR_A_Corner_NE_02C,AD_ShibuyaKanji,SCREEN,AD_ShibuyaKanji.png,TextureID + SurfaceGui overlay (CyberpunkSetup),36,
A,SCR_A_Corner_NE_03C,AD_DataStream,SCREEN,AD_DataStream.png,TextureID + SurfaceGui overlay (CyberpunkSetup),32,
A,SCR_A_Corner_NW_01,AD_NewsTicker,SCREEN,AD_NewsTicker.png,TextureID + SurfaceGui overlay (CyberpunkSetup),2,
A,SCR_A_Corner_NW_02,AD_NanoMed,SCREEN,AD_NanoMed.png,TextureID + SurfaceGui overlay (CyberpunkSetup),2,
A,SCR_A_Corner_NW_03,AD_MiraiBank,SCREEN,AD_MiraiBank.png,TextureID + SurfaceGui overlay (CyberpunkSetup),2,
A,SCR_A_Corner_NW_04,AD_MegaSale,SCREEN,AD_MegaSale.png,TextureID + SurfaceGui overlay (CyberpunkSetup),2,
A,SCR_A_Corner_NW_05,AD_SakuraLink,SCREEN,AD_SakuraLink.png,TextureID + SurfaceGui overlay (CyberpunkSetup),2,
A,SCR_A_Corner_NW_06,AD_AkaiMotors,SCREEN,AD_AkaiMotors.png,TextureID + SurfaceGui overlay (CyberpunkSetup),2,
A,SCR_A_Corner_SE_01,AD_TipOff,SCREEN,AD_TipOff.png,TextureID + SurfaceGui overlay (CyberpunkSetup),2,
A,SCR_A_Corner_SE_02,AD_DataStream,SCREEN,AD_DataStream.png,TextureID + SurfaceGui overlay (CyberpunkSetup),2,
A,SCR_A_Corner_SE_03,AD_NanoMed,SCREEN,AD_NanoMed.png,TextureID + SurfaceGui overlay (CyberpunkSetup),2,
A,SCR_A_Corner_SE_04,AD_MiraiBank,SCREEN,AD_MiraiBank.png,TextureID + SurfaceGui overlay (CyberpunkSetup),2,
A,SCR_A_Corner_SE_05,AD_AikoLive,SCREEN,AD_AikoLive.png,TextureID + SurfaceGui overlay (CyberpunkSetup),2,
A,SCR_A_Corner_SE_06,AD_RamenIchiban,SCREEN,AD_RamenIchiban.png,TextureID + SurfaceGui overlay (CyberpunkSetup),2,
A,SCR_A_Corner_SW_01,AD_KoiAir,SCREEN,AD_KoiAir.png,TextureID + SurfaceGui overlay (CyberpunkSetup),2,
A,SCR_A_Corner_SW_02,AD_DataStream,SCREEN,AD_DataStream.png,TextureID + SurfaceGui overlay (CyberpunkSetup),2,
A,SCR_A_Corner_SW_03,AD_TipOff,SCREEN,AD_TipOff.png,TextureID + SurfaceGui overlay (CyberpunkSetup),2,
A,SCR_A_Corner_SW_04C,AD_Titan3,SCREEN,AD_Titan3.png,TextureID + SurfaceGui overlay (CyberpunkSetup),40,
A,SCR_A_Corner_SW_05,AD_Tokyo2099,SCREEN,AD_Tokyo2099.png,TextureID + SurfaceGui overlay (CyberpunkSetup),2,
A,SCR_A_E_01_Zakkyo_01,AD_SushiSpeed,SCREEN,AD_SushiSpeed.png,TextureID + SurfaceGui overlay (CyberpunkSetup),2,
A,SCR_A_E_01_Zakkyo_02,AD_MegaSale,SCREEN,AD_MegaSale.png,TextureID + SurfaceGui overlay (CyberpunkSetup),2,
A,SCR_A_E_01_Zakkyo_03,AD_MegaSale,SCREEN,AD_MegaSale.png,TextureID + SurfaceGui overlay (CyberpunkSetup),2,
A,SCR_A_E_01_Zakkyo_04,AD_YumeOptics,SCREEN,AD_YumeOptics.png,TextureID + SurfaceGui overlay (CyberpunkSetup),2,
A,SCR_A_E_01_Zakkyo_05,AD_PlayHex,SCREEN,AD_PlayHex.png,TextureID + SurfaceGui overlay (CyberpunkSetup),2,
A,SCR_A_E_02_Mansion_01,AD_AkaiMotors,SCREEN,AD_AkaiMotors.png,TextureID + SurfaceGui overlay (CyberpunkSetup),2,
A,SCR_A_E_02_Mansion_02,AD_PlayHex,SCREEN,AD_PlayHex.png,TextureID + SurfaceGui overlay (CyberpunkSetup),2,
A,SCR_A_E_03_Zakkyo_01,AD_MindUpload,SCREEN,AD_MindUpload.png,TextureID + SurfaceGui overlay (CyberpunkSetup),2,
A,SCR_A_E_04_Pencil_01H,AD_HoloKoi,SCREEN,AD_HoloKoi.png,TextureID + SurfaceGui overlay (CyberpunkSetup),2,
A,SCR_A_E_04_Pencil_02H,AD_Cyber,SCREEN,AD_Cyber.png,TextureID + SurfaceGui overlay (CyberpunkSetup),2,
A,SCR_A_E_07_Arcade_01,AD_TipOff,SCREEN,AD_TipOff.png,TextureID + SurfaceGui overlay (CyberpunkSetup),2,
A,SCR_A_E_07_Arcade_02,AD_NewsTicker,SCREEN,AD_NewsTicker.png,TextureID + SurfaceGui overlay (CyberpunkSetup),2,
A,SCR_A_E_07_Arcade_03,AD_SynthFM,SCREEN,AD_SynthFM.png,TextureID + SurfaceGui overlay (CyberpunkSetup),2,
A,SCR_A_E_07_Arcade_04,AD_HoloKoi,SCREEN,AD_HoloKoi.png,TextureID + SurfaceGui overlay (CyberpunkSetup),2,
A,SCR_A_E_07_Arcade_05,AD_Tokyo2099,SCREEN,AD_Tokyo2099.png,TextureID + SurfaceGui overlay (CyberpunkSetup),2,
A,SCR_A_E_07_Arcade_06,AD_KoiAir,SCREEN,AD_KoiAir.png,TextureID + SurfaceGui overlay (CyberpunkSetup),2,
A,SCR_A_E_08_Zakkyo_01,AD_SynthFM,SCREEN,AD_SynthFM.png,TextureID + SurfaceGui overlay (CyberpunkSetup),2,
A,SCR_A_E_08_Zakkyo_02,AD_MindUpload,SCREEN,AD_MindUpload.png,TextureID + SurfaceGui overlay (CyberpunkSetup),2,
A,SCR_A_E_09_Zakkyo_01,AD_VoltRunner,SCREEN,AD_VoltRunner.png,TextureID + SurfaceGui overlay (CyberpunkSetup),2,
A,SCR_A_E_09_Zakkyo_02,AD_VoltRunner,SCREEN,AD_VoltRunner.png,TextureID + SurfaceGui overlay (CyberpunkSetup),2,
A,SCR_A_E_11_Mansion_01,AD_KirinDeck,SCREEN,AD_KirinDeck.png,TextureID + SurfaceGui overlay (CyberpunkSetup),2,
A,SCR_A_E_12_Pencil_01,AD_HoloDancer,SCREEN,AD_HoloDancer.png,TextureID + SurfaceGui overlay (CyberpunkSetup),2,
A,SCR_A_E_13_Louver_01,AD_SushiSpeed,SCREEN,AD_SushiSpeed.png,TextureID + SurfaceGui overlay (CyberpunkSetup),2,
A,SCR_A_E_14_Mansion_01,AD_HexLeague,SCREEN,AD_HexLeague.png,TextureID + SurfaceGui overlay (CyberpunkSetup),2,
A,SCR_A_E_14_Mansion_02,AD_HexLeague,SCREEN,AD_HexLeague.png,TextureID + SurfaceGui overlay (CyberpunkSetup),2,
A,SCR_A_E_15_Arcade_01,AD_DataStream,SCREEN,AD_DataStream.png,TextureID + SurfaceGui overlay (CyberpunkSetup),2,
A,SCR_A_E_15_Arcade_02,AD_YumeOptics,SCREEN,AD_YumeOptics.png,TextureID + SurfaceGui overlay (CyberpunkSetup),2,
A,SCR_A_E_15_Arcade_03,AD_SakuraLink,SCREEN,AD_SakuraLink.png,TextureID + SurfaceGui overlay (CyberpunkSetup),2,
A,SCR_A_E_15_Arcade_04,AD_YumeOptics,SCREEN,AD_YumeOptics.png,TextureID + SurfaceGui overlay (CyberpunkSetup),2,
A,SCR_A_E_15_Arcade_05,AD_HexLeague,SCREEN,AD_HexLeague.png,TextureID + SurfaceGui overlay (CyberpunkSetup),2,
A,SCR_A_E_15_Arcade_06,AD_SakuraLink,SCREEN,AD_SakuraLink.png,TextureID + SurfaceGui overlay (CyberpunkSetup),2,
A,SCR_A_E_15_Arcade_07,AD_KirinDeck,SCREEN,AD_KirinDeck.png,TextureID + SurfaceGui overlay (CyberpunkSetup),2,
A,SCR_A_E_15_Arcade_08,AD_AkaiMotors,SCREEN,AD_AkaiMotors.png,TextureID + SurfaceGui overlay (CyberpunkSetup),2,
A,SCR_A_E_15_Arcade_09,AD_SakuraLink,SCREEN,AD_SakuraLink.png,TextureID + SurfaceGui overlay (CyberpunkSetup),2,
A,SCR_A_E_15_Arcade_10,AD_MegaSale,SCREEN,AD_MegaSale.png,TextureID + SurfaceGui overlay (CyberpunkSetup),2,
A,SCR_A_E_15_Arcade_11,AD_SynthFM,SCREEN,AD_SynthFM.png,TextureID + SurfaceGui overlay (CyberpunkSetup),2,
A,SCR_A_E_15_Arcade_12,AD_HexLeague,SCREEN,AD_HexLeague.png,TextureID + SurfaceGui overlay (CyberpunkSetup),2,
A,SCR_A_E_15_Arcade_13,AD_KirinDeck,SCREEN,AD_KirinDeck.png,TextureID + SurfaceGui overlay (CyberpunkSetup),2,
A,SCR_A_E_15_Arcade_14,AD_KirinDeck,SCREEN,AD_KirinDeck.png,TextureID + SurfaceGui overlay (CyberpunkSetup),2,
A,SCR_A_E_15_Arcade_15,AD_SynthFM,SCREEN,AD_SynthFM.png,TextureID + SurfaceGui overlay (CyberpunkSetup),2,
A,SCR_A_E_15_Arcade_16,AD_VoltRunner,SCREEN,AD_VoltRunner.png,TextureID + SurfaceGui overlay (CyberpunkSetup),2,
A,SCR_A_E_15_Arcade_17,AD_SakuraLink,SCREEN,AD_SakuraLink.png,TextureID + SurfaceGui overlay (CyberpunkSetup),2,
A,SCR_A_E_15_Arcade_18,AD_PlayHex,SCREEN,AD_PlayHex.png,TextureID + SurfaceGui overlay (CyberpunkSetup),2,
A,SCR_A_E_15_Arcade_19,AD_YumeOptics,SCREEN,AD_YumeOptics.png,TextureID + SurfaceGui overlay (CyberpunkSetup),2,
A,SCR_A_E_16_Mansion_01,AD_MiraiBank,SCREEN,AD_MiraiBank.png,TextureID + SurfaceGui overlay (CyberpunkSetup),2,
A,SCR_A_E_17_Zakkyo_01,AD_AkaiMotors,SCREEN,AD_AkaiMotors.png,TextureID + SurfaceGui overlay (CyberpunkSetup),2,
A,SCR_A_E_17_Zakkyo_02,AD_SushiSpeed,SCREEN,AD_SushiSpeed.png,TextureID + SurfaceGui overlay (CyberpunkSetup),2,
A,SCR_A_E_17_Zakkyo_03,AD_PlayHex,SCREEN,AD_PlayHex.png,TextureID + SurfaceGui overlay (CyberpunkSetup),2,
A,SCR_A_E_17_Zakkyo_04,AD_AkaiMotors,SCREEN,AD_AkaiMotors.png,TextureID + SurfaceGui overlay (CyberpunkSetup),2,
A,SCR_A_E_18_LMGlassEnt_01,AD_DenkiCola,SCREEN,AD_DenkiCola.png,TextureID + SurfaceGui overlay (CyberpunkSetup),2,
A,SCR_A_E_18_LMGlassEnt_02,AD_MegaSale,SCREEN,AD_MegaSale.png,TextureID + SurfaceGui overlay (CyberpunkSetup),2,
A,SCR_A_E_18_LMGlassEnt_03,AD_VoltRunner,SCREEN,AD_VoltRunner.png,TextureID + SurfaceGui overlay (CyberpunkSetup),2,
A,SCR_A_E_19_Mansion_01,AD_MindUpload,SCREEN,AD_MindUpload.png,TextureID + SurfaceGui overlay (CyberpunkSetup),2,
A,SCR_A_E_19_Mansion_02,AD_YumeOptics,SCREEN,AD_YumeOptics.png,TextureID + SurfaceGui overlay (CyberpunkSetup),2,
A,SCR_A_E_19_Mansion_03,AD_SushiSpeed,SCREEN,AD_SushiSpeed.png,TextureID + SurfaceGui overlay (CyberpunkSetup),2,
A,SCR_A_E_19_Mansion_04,AD_SynthFM,SCREEN,AD_SynthFM.png,TextureID + SurfaceGui overlay (CyberpunkSetup),2,
A,SCR_A_E_19_Mansion_05,AD_VoltRunner,SCREEN,AD_VoltRunner.png,TextureID + SurfaceGui overlay (CyberpunkSetup),2,
A,SCR_A_E_19_Mansion_06,AD_MegaSale,SCREEN,AD_MegaSale.png,TextureID + SurfaceGui overlay (CyberpunkSetup),2,
A,SCR_A_E_20_Zakkyo_01,AD_NewsTicker,SCREEN,AD_NewsTicker.png,TextureID + SurfaceGui overlay (CyberpunkSetup),2,
A,SCR_A_E_20_Zakkyo_02,AD_SushiSpeed,SCREEN,AD_SushiSpeed.png,TextureID + SurfaceGui overlay (CyberpunkSetup),2,
A,SCR_A_E_21_Modern_01,AD_RamenIchiban,SCREEN,AD_RamenIchiban.png,TextureID + SurfaceGui overlay (CyberpunkSetup),2,
A,SCR_A_E_21_Modern_02,AD_MindUpload,SCREEN,AD_MindUpload.png,TextureID + SurfaceGui overlay (CyberpunkSetup),2,
A,SCR_A_E_22_Mansion_01,AD_KoiAir,SCREEN,AD_KoiAir.png,TextureID + SurfaceGui overlay (CyberpunkSetup),2,
A,SCR_A_E_22_Mansion_02,AD_AikoLive,SCREEN,AD_AikoLive.png,TextureID + SurfaceGui overlay (CyberpunkSetup),2,
A,SCR_A_E_23_Louver_01,AD_MiraiBank,SCREEN,AD_MiraiBank.png,TextureID + SurfaceGui overlay (CyberpunkSetup),2,
A,SCR_A_E_23_Louver_02,AD_TipOff,SCREEN,AD_TipOff.png,TextureID + SurfaceGui overlay (CyberpunkSetup),2,
A,SCR_A_Gate_E0_01,AD_SakuraLink,SCREEN,AD_SakuraLink.png,TextureID + SurfaceGui overlay (CyberpunkSetup),2,
A,SCR_A_Gate_E0_02,AD_PlayHex,SCREEN,AD_PlayHex.png,TextureID + SurfaceGui overlay (CyberpunkSetup),2,
A,SCR_A_Gate_N1_01,AD_SynthFM,SCREEN,AD_SynthFM.png,TextureID + SurfaceGui overlay (CyberpunkSetup),2,
A,SCR_A_Gate_N1_02,AD_SushiSpeed,SCREEN,AD_SushiSpeed.png,TextureID + SurfaceGui overlay (CyberpunkSetup),2,
A,SCR_A_Gate_S2_01,AD_VoltRunner,SCREEN,AD_VoltRunner.png,TextureID + SurfaceGui overlay (CyberpunkSetup),2,
A,SCR_A_Gate_S2_02,AD_HexLeague,SCREEN,AD_HexLeague.png,TextureID + SurfaceGui overlay (CyberpunkSetup),2,
A,SCR_A_Gate_W3_01,AD_PlayHex,SCREEN,AD_PlayHex.png,TextureID + SurfaceGui overlay (CyberpunkSetup),2,
A,SCR_A_Gate_W3_02,AD_SynthFM,SCREEN,AD_SynthFM.png,TextureID + SurfaceGui overlay (CyberpunkSetup),2,
A,SCR_A_N_01_Louver_01,AD_MindUpload,SCREEN,AD_MindUpload.png,TextureID + SurfaceGui overlay (CyberpunkSetup),2,
A,SCR_A_N_01_Louver_02,AD_SakuraLink,SCREEN,AD_SakuraLink.png,TextureID + SurfaceGui overlay (CyberpunkSetup),2,
A,SCR_A_N_01_Louver_03,AD_SynthFM,SCREEN,AD_SynthFM.png,TextureID + SurfaceGui overlay (CyberpunkSetup),2,
A,SCR_A_N_01_Louver_04,AD_PlayHex,SCREEN,AD_PlayHex.png,TextureID + SurfaceGui overlay (CyberpunkSetup),2,
A,SCR_A_N_02_Mansion_01,AD_SakuraLink,SCREEN,AD_SakuraLink.png,TextureID + SurfaceGui overlay (CyberpunkSetup),2,
A,SCR_A_N_03_Zakkyo_01,AD_VoltRunner,SCREEN,AD_VoltRunner.png,TextureID + SurfaceGui overlay (CyberpunkSetup),2,
A,SCR_A_N_03_Zakkyo_02,AD_HexLeague,SCREEN,AD_HexLeague.png,TextureID + SurfaceGui overlay (CyberpunkSetup),2,
A,SCR_A_N_04_Low_01,AD_RamenIchiban,SCREEN,AD_RamenIchiban.png,TextureID + SurfaceGui overlay (CyberpunkSetup),2,
A,SCR_A_N_04_Low_02,AD_NanoMed,SCREEN,AD_NanoMed.png,TextureID + SurfaceGui overlay (CyberpunkSetup),2,
A,SCR_A_N_04_Low_03,AD_HexLeague,SCREEN,AD_HexLeague.png,TextureID + SurfaceGui overlay (CyberpunkSetup),2,
A,SCR_A_N_05_Zakkyo_01,AD_KoiAir,SCREEN,AD_KoiAir.png,TextureID + SurfaceGui overlay (CyberpunkSetup),2,
A,SCR_A_N_05_Zakkyo_02,AD_RamenIchiban,SCREEN,AD_RamenIchiban.png,TextureID + SurfaceGui overlay (CyberpunkSetup),2,
A,SCR_A_N_05_Zakkyo_03,AD_NexusAndroids,SCREEN,AD_NexusAndroids.png,TextureID + SurfaceGui overlay (CyberpunkSetup),2,
A,SCR_A_N_06_Modern_01,AD_MindUpload,SCREEN,AD_MindUpload.png,TextureID + SurfaceGui overlay (CyberpunkSetup),2,
A,SCR_A_N_07_Pencil_01,AD_HoloDancer,SCREEN,AD_HoloDancer.png,TextureID + SurfaceGui overlay (CyberpunkSetup),2,
A,SCR_A_N_08_Zakkyo_01,AD_PlayHex,SCREEN,AD_PlayHex.png,TextureID + SurfaceGui overlay (CyberpunkSetup),2,
A,SCR_A_N_08_Zakkyo_02,AD_SushiSpeed,SCREEN,AD_SushiSpeed.png,TextureID + SurfaceGui overlay (CyberpunkSetup),2,
A,SCR_A_N_08_Zakkyo_03,AD_YumeOptics,SCREEN,AD_YumeOptics.png,TextureID + SurfaceGui overlay (CyberpunkSetup),2,
A,SCR_A_N_09_Low_01,AD_TipOff,SCREEN,AD_TipOff.png,TextureID + SurfaceGui overlay (CyberpunkSetup),2,
A,SCR_A_N_09_Low_02,AD_KirinDeck,SCREEN,AD_KirinDeck.png,TextureID + SurfaceGui overlay (CyberpunkSetup),2,
A,SCR_A_N_10_Pencil_01,AD_MatchaPlus,SCREEN,AD_MatchaPlus.png,TextureID + SurfaceGui overlay (CyberpunkSetup),2,
A,SCR_A_N_11_Pencil_01H,AD_BladeEdge,SCREEN,AD_BladeEdge.png,TextureID + SurfaceGui overlay (CyberpunkSetup),2,
A,SCR_A_N_11_Pencil_02H,AD_Tokyo2099,SCREEN,AD_Tokyo2099.png,TextureID + SurfaceGui overlay (CyberpunkSetup),2,
A,SCR_A_N_12_Arcade_01,AD_AkaiMotors,SCREEN,AD_AkaiMotors.png,TextureID + SurfaceGui overlay (CyberpunkSetup),2,
A,SCR_A_N_12_Arcade_02,AD_AkaiMotors,SCREEN,AD_AkaiMotors.png,TextureID + SurfaceGui overlay (CyberpunkSetup),2,
A,SCR_A_N_12_Arcade_03,AD_SushiSpeed,SCREEN,AD_SushiSpeed.png,TextureID + SurfaceGui overlay (CyberpunkSetup),2,
A,SCR_A_N_12_Arcade_04,AD_PlayHex,SCREEN,AD_PlayHex.png,TextureID + SurfaceGui overlay (CyberpunkSetup),2,
A,SCR_A_N_12_Arcade_05,AD_MegaSale,SCREEN,AD_MegaSale.png,TextureID + SurfaceGui overlay (CyberpunkSetup),2,
A,SCR_A_N_12_Arcade_06,AD_KirinDeck,SCREEN,AD_KirinDeck.png,TextureID + SurfaceGui overlay (CyberpunkSetup),2,
A,SCR_A_N_12_Arcade_07,AD_PlayHex,SCREEN,AD_PlayHex.png,TextureID + SurfaceGui overlay (CyberpunkSetup),2,
A,SCR_A_N_12_Arcade_08,AD_YumeOptics,SCREEN,AD_YumeOptics.png,TextureID + SurfaceGui overlay (CyberpunkSetup),2,
A,SCR_A_N_12_Arcade_09,AD_YumeOptics,SCREEN,AD_YumeOptics.png,TextureID + SurfaceGui overlay (CyberpunkSetup),2,
A,SCR_A_N_12_Arcade_10,AD_SynthFM,SCREEN,AD_SynthFM.png,TextureID + SurfaceGui overlay (CyberpunkSetup),2,
A,SCR_A_N_13_Low_01,AD_KirinDeck,SCREEN,AD_KirinDeck.png,TextureID + SurfaceGui overlay (CyberpunkSetup),2,
A,SCR_A_N_14_Zakkyo_01,AD_MiraiBank,SCREEN,AD_MiraiBank.png,TextureID + SurfaceGui overlay (CyberpunkSetup),2,
A,SCR_A_N_15_Pencil_01,AD_MatchaPlus,SCREEN,AD_MatchaPlus.png,TextureID + SurfaceGui overlay (CyberpunkSetup),2,
A,SCR_A_N_16_Zakkyo_01,AD_MatchaPlus,SCREEN,AD_MatchaPlus.png,TextureID + SurfaceGui overlay (CyberpunkSetup),2,
A,SCR_A_N_17_LMStacked_01,AD_NoirParfum,SCREEN,AD_NoirParfum.png,TextureID + SurfaceGui overlay (CyberpunkSetup),2,
A,SCR_A_N_17_LMStacked_02,AD_SakuraLink,SCREEN,AD_SakuraLink.png,TextureID + SurfaceGui overlay (CyberpunkSetup),2,
A,SCR_A_N_17_LMStacked_03,AD_HexLeague,SCREEN,AD_HexLeague.png,TextureID + SurfaceGui overlay (CyberpunkSetup),2,
A,SCR_A_N_18_Zakkyo_01,AD_Tokyo2099,SCREEN,AD_Tokyo2099.png,TextureID + SurfaceGui overlay (CyberpunkSetup),2,
A,SCR_A_N_19_Zakkyo_01,AD_NanoMed,SCREEN,AD_NanoMed.png,TextureID + SurfaceGui overlay (CyberpunkSetup),2,
A,SCR_A_N_21_Pencil_01,AD_DataStream,SCREEN,AD_DataStream.png,TextureID + SurfaceGui overlay (CyberpunkSetup),2,
A,SCR_A_N_21_Pencil_02,AD_HoloDancer,SCREEN,AD_HoloDancer.png,TextureID + SurfaceGui overlay (CyberpunkSetup),2,
A,SCR_A_N_22_Modern_01,AD_KoiAir,SCREEN,AD_KoiAir.png,TextureID + SurfaceGui overlay (CyberpunkSetup),2,
A,SCR_A_N_22_Modern_02,AD_MindUpload,SCREEN,AD_MindUpload.png,TextureID + SurfaceGui overlay (CyberpunkSetup),2,
A,SCR_A_N_22_Modern_03,AD_MindUpload,SCREEN,AD_MindUpload.png,TextureID + SurfaceGui overlay (CyberpunkSetup),2,
A,SCR_A_N_22_Modern_04,AD_SakuraLink,SCREEN,AD_SakuraLink.png,TextureID + SurfaceGui overlay (CyberpunkSetup),2,
A,SCR_A_N_22_Modern_05,AD_MegaSale,SCREEN,AD_MegaSale.png,TextureID + SurfaceGui overlay (CyberpunkSetup),2,
A,SCR_A_N_22_Modern_06,AD_KirinDeck,SCREEN,AD_KirinDeck.png,TextureID + SurfaceGui overlay (CyberpunkSetup),2,
A,SCR_A_N_23_Zakkyo_01H,AD_HoloKoi,SCREEN,AD_HoloKoi.png,TextureID + SurfaceGui overlay (CyberpunkSetup),2,
A,SCR_A_N_23_Zakkyo_02H,AD_BladeEdge,SCREEN,AD_BladeEdge.png,TextureID + SurfaceGui overlay (CyberpunkSetup),2,
A,SCR_A_N_24_Zakkyo_01,AD_NanoMed,SCREEN,AD_NanoMed.png,TextureID + SurfaceGui overlay (CyberpunkSetup),2,
A,SCR_A_N_24_Zakkyo_02,AD_SushiSpeed,SCREEN,AD_SushiSpeed.png,TextureID + SurfaceGui overlay (CyberpunkSetup),2,
A,SCR_A_N_24_Zakkyo_03,AD_MegaSale,SCREEN,AD_MegaSale.png,TextureID + SurfaceGui overlay (CyberpunkSetup),2,
A,SCR_A_N_24_Zakkyo_04,AD_VoltRunner,SCREEN,AD_VoltRunner.png,TextureID + SurfaceGui overlay (CyberpunkSetup),2,
A,SCR_A_N_24_Zakkyo_05,AD_SynthFM,SCREEN,AD_SynthFM.png,TextureID + SurfaceGui overlay (CyberpunkSetup),2,
A,SCR_A_N_25_Mansion_01,AD_HexLeague,SCREEN,AD_HexLeague.png,TextureID + SurfaceGui overlay (CyberpunkSetup),2,
A,SCR_A_N_26_Zakkyo_01,AD_AkaiMotors,SCREEN,AD_AkaiMotors.png,TextureID + SurfaceGui overlay (CyberpunkSetup),2,
A,SCR_A_N_26_Zakkyo_02,AD_MegaSale,SCREEN,AD_MegaSale.png,TextureID + SurfaceGui overlay (CyberpunkSetup),2,
A,SCR_A_N_26_Zakkyo_03,AD_YumeOptics,SCREEN,AD_YumeOptics.png,TextureID + SurfaceGui overlay (CyberpunkSetup),2,
A,SCR_A_N_28_Arcade_01,AD_HexLeague,SCREEN,AD_HexLeague.png,TextureID + SurfaceGui overlay (CyberpunkSetup),2,
A,SCR_A_N_28_Arcade_02,AD_BladeEdge,SCREEN,AD_BladeEdge.png,TextureID + SurfaceGui overlay (CyberpunkSetup),2,
A,SCR_A_N_28_Arcade_03,AD_Cyber,SCREEN,AD_Cyber.png,TextureID + SurfaceGui overlay (CyberpunkSetup),2,
A,SCR_A_N_28_Arcade_04,AD_MiraiBank,SCREEN,AD_MiraiBank.png,TextureID + SurfaceGui overlay (CyberpunkSetup),2,
A,SCR_A_N_29_Zakkyo_01,AD_RamenIchiban,SCREEN,AD_RamenIchiban.png,TextureID + SurfaceGui overlay (CyberpunkSetup),2,
A,SCR_A_N_29_Zakkyo_02,AD_VoltRunner,SCREEN,AD_VoltRunner.png,TextureID + SurfaceGui overlay (CyberpunkSetup),2,
A,SCR_A_N_29_Zakkyo_03,AD_MindUpload,SCREEN,AD_MindUpload.png,TextureID + SurfaceGui overlay (CyberpunkSetup),2,
A,SCR_A_N_29_Zakkyo_04,AD_VoltRunner,SCREEN,AD_VoltRunner.png,TextureID + SurfaceGui overlay (CyberpunkSetup),2,
A,SCR_A_N_29_Zakkyo_05,AD_SynthFM,SCREEN,AD_SynthFM.png,TextureID + SurfaceGui overlay (CyberpunkSetup),2,
A,SCR_A_N_30_Pencil_01,AD_HoloDancer,SCREEN,AD_HoloDancer.png,TextureID + SurfaceGui overlay (CyberpunkSetup),2,
A,SCR_A_N_31_Mansion_01,AD_NanoMed,SCREEN,AD_NanoMed.png,TextureID + SurfaceGui overlay (CyberpunkSetup),2,
A,SCR_A_N_31_Mansion_02,AD_SushiSpeed,SCREEN,AD_SushiSpeed.png,TextureID + SurfaceGui overlay (CyberpunkSetup),2,
A,SCR_A_N_31_Mansion_03,AD_SakuraLink,SCREEN,AD_SakuraLink.png,TextureID + SurfaceGui overlay (CyberpunkSetup),2,
A,SCR_A_N_32_Zakkyo_01,AD_AkaiMotors,SCREEN,AD_AkaiMotors.png,TextureID + SurfaceGui overlay (CyberpunkSetup),2,
A,SCR_A_N_32_Zakkyo_02,AD_KirinDeck,SCREEN,AD_KirinDeck.png,TextureID + SurfaceGui overlay (CyberpunkSetup),2,
A,SCR_A_S_01_Zakkyo_01,AD_TipOff,SCREEN,AD_TipOff.png,TextureID + SurfaceGui overlay (CyberpunkSetup),2,
A,SCR_A_S_01_Zakkyo_02,AD_PlayHex,SCREEN,AD_PlayHex.png,TextureID + SurfaceGui overlay (CyberpunkSetup),2,
A,SCR_A_S_01_Zakkyo_03,AD_HexLeague,SCREEN,AD_HexLeague.png,TextureID + SurfaceGui overlay (CyberpunkSetup),2,
A,SCR_A_S_02_Mansion_01,AD_SakuraLink,SCREEN,AD_SakuraLink.png,TextureID + SurfaceGui overlay (CyberpunkSetup),2,
A,SCR_A_S_02_Mansion_02,AD_VoltRunner,SCREEN,AD_VoltRunner.png,TextureID + SurfaceGui overlay (CyberpunkSetup),2,
A,SCR_A_S_04_Pencil_01,AD_NewsTicker,SCREEN,AD_NewsTicker.png,TextureID + SurfaceGui overlay (CyberpunkSetup),2,
A,SCR_A_S_04_Pencil_02,AD_HoloKoi,SCREEN,AD_HoloKoi.png,TextureID + SurfaceGui overlay (CyberpunkSetup),2,
A,SCR_A_S_05_Zakkyo_01,AD_DataStream,SCREEN,AD_DataStream.png,TextureID + SurfaceGui overlay (CyberpunkSetup),2,
A,SCR_A_S_06_Modern_01,AD_KoiAir,SCREEN,AD_KoiAir.png,TextureID + SurfaceGui overlay (CyberpunkSetup),2,
A,SCR_A_S_07_LMRooftop_01,AD_NewsTicker,SCREEN,AD_NewsTicker.png,TextureID + SurfaceGui overlay (CyberpunkSetup),2,
A,SCR_A_S_07_LMRooftop_02,AD_ArashiSec,SCREEN,AD_ArashiSec.png,TextureID + SurfaceGui overlay (CyberpunkSetup),2,
A,SCR_A_S_07_LMRooftop_03,AD_YumeOptics,SCREEN,AD_YumeOptics.png,TextureID + SurfaceGui overlay (CyberpunkSetup),2,
A,SCR_A_S_07_LMRooftop_04,AD_NoirParfum,SCREEN,AD_NoirParfum.png,TextureID + SurfaceGui overlay (CyberpunkSetup),2,
A,SCR_A_S_08_Zakkyo_01,AD_TipOff,SCREEN,AD_TipOff.png,TextureID + SurfaceGui overlay (CyberpunkSetup),2,
A,SCR_A_S_08_Zakkyo_02,AD_PlayHex,SCREEN,AD_PlayHex.png,TextureID + SurfaceGui overlay (CyberpunkSetup),2,
A,SCR_A_S_11_Modern_01,AD_NanoMed,SCREEN,AD_NanoMed.png,TextureID + SurfaceGui overlay (CyberpunkSetup),2,
A,SCR_A_S_11_Modern_02,AD_MindUpload,SCREEN,AD_MindUpload.png,TextureID + SurfaceGui overlay (CyberpunkSetup),2,
A,SCR_A_S_11_Modern_03,AD_SushiSpeed,SCREEN,AD_SushiSpeed.png,TextureID + SurfaceGui overlay (CyberpunkSetup),2,
A,SCR_A_S_11_Modern_04,AD_SynthFM,SCREEN,AD_SynthFM.png,TextureID + SurfaceGui overlay (CyberpunkSetup),2,
A,SCR_A_S_11_Modern_05,AD_MegaSale,SCREEN,AD_MegaSale.png,TextureID + SurfaceGui overlay (CyberpunkSetup),2,
A,SCR_A_S_11_Modern_06,AD_AkaiMotors,SCREEN,AD_AkaiMotors.png,TextureID + SurfaceGui overlay (CyberpunkSetup),2,
A,SCR_A_S_12_Zakkyo_01,AD_DataStream,SCREEN,AD_DataStream.png,TextureID + SurfaceGui overlay (CyberpunkSetup),2,
A,SCR_A_S_12_Zakkyo_02,AD_VoltRunner,SCREEN,AD_VoltRunner.png,TextureID + SurfaceGui overlay (CyberpunkSetup),2,
A,SCR_A_S_12_Zakkyo_03,AD_SynthFM,SCREEN,AD_SynthFM.png,TextureID + SurfaceGui overlay (CyberpunkSetup),2,
A,SCR_A_S_12_Zakkyo_04,AD_KirinDeck,SCREEN,AD_KirinDeck.png,TextureID + SurfaceGui overlay (CyberpunkSetup),2,
A,SCR_A_S_13_Modern_01,AD_NanoMed,SCREEN,AD_NanoMed.png,TextureID + SurfaceGui overlay (CyberpunkSetup),2,
A,SCR_A_S_13_Modern_02,AD_MegaSale,SCREEN,AD_MegaSale.png,TextureID + SurfaceGui overlay (CyberpunkSetup),2,
A,SCR_A_S_14_Zakkyo_01,AD_DataStream,SCREEN,AD_DataStream.png,TextureID + SurfaceGui overlay (CyberpunkSetup),2,
A,SCR_A_S_14_Zakkyo_02,AD_PlayHex,SCREEN,AD_PlayHex.png,TextureID + SurfaceGui overlay (CyberpunkSetup),2,
A,SCR_A_S_14_Zakkyo_03,AD_SakuraLink,SCREEN,AD_SakuraLink.png,TextureID + SurfaceGui overlay (CyberpunkSetup),2,
A,SCR_A_S_14_Zakkyo_04,AD_KirinDeck,SCREEN,AD_KirinDeck.png,TextureID + SurfaceGui overlay (CyberpunkSetup),2,
A,SCR_A_S_14_Zakkyo_05,AD_SushiSpeed,SCREEN,AD_SushiSpeed.png,TextureID + SurfaceGui overlay (CyberpunkSetup),2,
A,SCR_A_S_15_Modern_01,AD_NewsTicker,SCREEN,AD_NewsTicker.png,TextureID + SurfaceGui overlay (CyberpunkSetup),2,
A,SCR_A_S_16_Modern_01,AD_TipOff,SCREEN,AD_TipOff.png,TextureID + SurfaceGui overlay (CyberpunkSetup),2,
A,SCR_A_S_17_Low_01,AD_MindUpload,SCREEN,AD_MindUpload.png,TextureID + SurfaceGui overlay (CyberpunkSetup),2,
A,SCR_A_S_18_Modern_01,AD_YumeOptics,SCREEN,AD_YumeOptics.png,TextureID + SurfaceGui overlay (CyberpunkSetup),2,
A,SCR_A_S_18_Modern_02,AD_AkaiMotors,SCREEN,AD_AkaiMotors.png,TextureID + SurfaceGui overlay (CyberpunkSetup),2,
A,SCR_A_S_18_Modern_03,AD_KirinDeck,SCREEN,AD_KirinDeck.png,TextureID + SurfaceGui overlay (CyberpunkSetup),2,
A,SCR_A_S_19_Arcade_01,AD_Karaoke24,SCREEN,AD_Karaoke24.png,TextureID + SurfaceGui overlay (CyberpunkSetup),2,
A,SCR_A_S_19_Arcade_02,AD_RyuGames,SCREEN,AD_RyuGames.png,TextureID + SurfaceGui overlay (CyberpunkSetup),2,
A,SCR_A_S_19_Arcade_03,AD_NexusAndroids,SCREEN,AD_NexusAndroids.png,TextureID + SurfaceGui overlay (CyberpunkSetup),2,
A,SCR_A_S_19_Arcade_04,AD_MindUpload,SCREEN,AD_MindUpload.png,TextureID + SurfaceGui overlay (CyberpunkSetup),2,
A,SCR_A_S_19_Arcade_05,AD_DenkiCola,SCREEN,AD_DenkiCola.png,TextureID + SurfaceGui overlay (CyberpunkSetup),2,
A,SCR_A_S_19_Arcade_06,AD_RyuGames,SCREEN,AD_RyuGames.png,TextureID + SurfaceGui overlay (CyberpunkSetup),2,
A,SCR_A_S_19_Arcade_07,AD_Onigiri24,SCREEN,AD_Onigiri24.png,TextureID + SurfaceGui overlay (CyberpunkSetup),2,
A,SCR_A_S_19_Arcade_08,AD_SynthFM,SCREEN,AD_SynthFM.png,TextureID + SurfaceGui overlay (CyberpunkSetup),2,
A,SCR_A_S_19_Arcade_09,AD_CourtKings,SCREEN,AD_CourtKings.png,TextureID + SurfaceGui overlay (CyberpunkSetup),2,
A,SCR_A_S_19_Arcade_10,AD_HexLeague,SCREEN,AD_HexLeague.png,TextureID + SurfaceGui overlay (CyberpunkSetup),2,
A,SCR_A_S_19_Arcade_11,AD_OkamiArms,SCREEN,AD_OkamiArms.png,TextureID + SurfaceGui overlay (CyberpunkSetup),2,
A,SCR_A_S_19_Arcade_12,AD_CourtKings,SCREEN,AD_CourtKings.png,TextureID + SurfaceGui overlay (CyberpunkSetup),2,
A,SCR_A_S_19_Arcade_13,AD_MegaSale,SCREEN,AD_MegaSale.png,TextureID + SurfaceGui overlay (CyberpunkSetup),2,
A,SCR_A_S_19_Arcade_14,AD_Hanabi,SCREEN,AD_Hanabi.png,TextureID + SurfaceGui overlay (CyberpunkSetup),2,
A,SCR_A_S_20_Mansion_01,AD_RamenIchiban,SCREEN,AD_RamenIchiban.png,TextureID + SurfaceGui overlay (CyberpunkSetup),2,
A,SCR_A_S_20_Mansion_02,AD_DataStream,SCREEN,AD_DataStream.png,TextureID + SurfaceGui overlay (CyberpunkSetup),2,
A,SCR_A_S_20_Mansion_03,AD_SakuraLink,SCREEN,AD_SakuraLink.png,TextureID + SurfaceGui overlay (CyberpunkSetup),2,
A,SCR_A_S_21_Zakkyo_01,AD_NewsTicker,SCREEN,AD_NewsTicker.png,TextureID + SurfaceGui overlay (CyberpunkSetup),2,
A,SCR_A_S_21_Zakkyo_02,AD_MatchaPlus,SCREEN,AD_MatchaPlus.png,TextureID + SurfaceGui overlay (CyberpunkSetup),2,
A,SCR_A_S_22_Zakkyo_01,AD_BladeEdge,SCREEN,AD_BladeEdge.png,TextureID + SurfaceGui overlay (CyberpunkSetup),2,
A,SCR_A_S_23_Zakkyo_01,AD_KoiAir,SCREEN,AD_KoiAir.png,TextureID + SurfaceGui overlay (CyberpunkSetup),2,
A,SCR_A_S_23_Zakkyo_02,AD_RamenIchiban,SCREEN,AD_RamenIchiban.png,TextureID + SurfaceGui overlay (CyberpunkSetup),2,
A,SCR_A_S_23_Zakkyo_03,AD_HexLeagueTall,SCREEN,AD_HexLeagueTall.png,TextureID + SurfaceGui overlay (CyberpunkSetup),2,
A,SCR_A_S_24_Mansion_01,AD_HexLeague,SCREEN,AD_HexLeague.png,TextureID + SurfaceGui overlay (CyberpunkSetup),2,
A,SCR_A_S_24_Mansion_02,AD_YumeOptics,SCREEN,AD_YumeOptics.png,TextureID + SurfaceGui overlay (CyberpunkSetup),2,
A,SCR_A_S_24_Mansion_03,AD_AkaiMotors,SCREEN,AD_AkaiMotors.png,TextureID + SurfaceGui overlay (CyberpunkSetup),2,
A,SCR_A_S_24_Mansion_04,AD_HexLeague,SCREEN,AD_HexLeague.png,TextureID + SurfaceGui overlay (CyberpunkSetup),2,
A,SCR_A_S_25_Zakkyo_01,AD_MiraiBank,SCREEN,AD_MiraiBank.png,TextureID + SurfaceGui overlay (CyberpunkSetup),2,
A,SCR_A_S_25_Zakkyo_02,AD_SynthFM,SCREEN,AD_SynthFM.png,TextureID + SurfaceGui overlay (CyberpunkSetup),2,
A,SCR_A_S_25_Zakkyo_03,AD_MegaSale,SCREEN,AD_MegaSale.png,TextureID + SurfaceGui overlay (CyberpunkSetup),2,
A,SCR_A_S_26_Louver_01,AD_AkaiMotors,SCREEN,AD_AkaiMotors.png,TextureID + SurfaceGui overlay (CyberpunkSetup),2,
A,SCR_A_S_26_Louver_02,AD_KirinDeck,SCREEN,AD_KirinDeck.png,TextureID + SurfaceGui overlay (CyberpunkSetup),2,
A,SCR_A_S_27_Zakkyo_01,AD_SushiSpeed,SCREEN,AD_SushiSpeed.png,TextureID + SurfaceGui overlay (CyberpunkSetup),2,
A,SCR_A_S_27_Zakkyo_02,AD_VoltRunner,SCREEN,AD_VoltRunner.png,TextureID + SurfaceGui overlay (CyberpunkSetup),2,
A,SCR_A_S_28_Low_01,AD_KoiAir,SCREEN,AD_KoiAir.png,TextureID + SurfaceGui overlay (CyberpunkSetup),2,
A,SCR_A_S_28_Low_02,AD_VoltRunner,SCREEN,AD_VoltRunner.png,TextureID + SurfaceGui overlay (CyberpunkSetup),2,
A,SCR_A_W_01_Pencil_01,AD_NewsTicker,SCREEN,AD_NewsTicker.png,TextureID + SurfaceGui overlay (CyberpunkSetup),2,
A,SCR_A_W_01_Pencil_02H,AD_Tokyo2099,SCREEN,AD_Tokyo2099.png,TextureID + SurfaceGui overlay (CyberpunkSetup),2,
A,SCR_A_W_01_Pencil_03H,AD_Cyber,SCREEN,AD_Cyber.png,TextureID + SurfaceGui overlay (CyberpunkSetup),2,
A,SCR_A_W_02_Louver_01,AD_YumeOptics,SCREEN,AD_YumeOptics.png,TextureID + SurfaceGui overlay (CyberpunkSetup),2,
A,SCR_A_W_02_Louver_02,AD_SakuraLink,SCREEN,AD_SakuraLink.png,TextureID + SurfaceGui overlay (CyberpunkSetup),2,
A,SCR_A_W_02_Louver_03,AD_PlayHex,SCREEN,AD_PlayHex.png,TextureID + SurfaceGui overlay (CyberpunkSetup),2,
A,SCR_A_W_02_Louver_04,AD_YumeOptics,SCREEN,AD_YumeOptics.png,TextureID + SurfaceGui overlay (CyberpunkSetup),2,
A,SCR_A_W_03_Low_01,AD_VoltRunner,SCREEN,AD_VoltRunner.png,TextureID + SurfaceGui overlay (CyberpunkSetup),2,
A,SCR_A_W_04_Zakkyo_01,AD_NanoMed,SCREEN,AD_NanoMed.png,TextureID + SurfaceGui overlay (CyberpunkSetup),2,
A,SCR_A_W_04_Zakkyo_02,AD_SakuraLink,SCREEN,AD_SakuraLink.png,TextureID + SurfaceGui overlay (CyberpunkSetup),2,
A,SCR_A_W_04_Zakkyo_03,AD_SushiSpeed,SCREEN,AD_SushiSpeed.png,TextureID + SurfaceGui overlay (CyberpunkSetup),2,
A,SCR_A_W_04_Zakkyo_04,AD_MegaSale,SCREEN,AD_MegaSale.png,TextureID + SurfaceGui overlay (CyberpunkSetup),2,
A,SCR_A_W_06_Zakkyo_01,AD_RamenIchiban,SCREEN,AD_RamenIchiban.png,TextureID + SurfaceGui overlay (CyberpunkSetup),2,
A,SCR_A_W_07_Zakkyo_01,AD_DataStream,SCREEN,AD_DataStream.png,TextureID + SurfaceGui overlay (CyberpunkSetup),2,
A,SCR_A_W_07_Zakkyo_02,AD_AkaiMotors,SCREEN,AD_AkaiMotors.png,TextureID + SurfaceGui overlay (CyberpunkSetup),2,
A,SCR_A_W_07_Zakkyo_03,AD_SynthFM,SCREEN,AD_SynthFM.png,TextureID + SurfaceGui overlay (CyberpunkSetup),2,
A,SCR_A_W_07_Zakkyo_04,AD_MindUpload,SCREEN,AD_MindUpload.png,TextureID + SurfaceGui overlay (CyberpunkSetup),2,
A,SCR_A_W_07_Zakkyo_05,AD_HexLeague,SCREEN,AD_HexLeague.png,TextureID + SurfaceGui overlay (CyberpunkSetup),2,
A,SCR_A_W_08_Zakkyo_01,AD_TipOff,SCREEN,AD_TipOff.png,TextureID + SurfaceGui overlay (CyberpunkSetup),2,
A,SCR_A_W_09_Arcade_01,AD_MiraiBank,SCREEN,AD_MiraiBank.png,TextureID + SurfaceGui overlay (CyberpunkSetup),2,
A,SCR_A_W_09_Arcade_02,AD_SushiSpeed,SCREEN,AD_SushiSpeed.png,TextureID + SurfaceGui overlay (CyberpunkSetup),2,
A,SCR_A_W_09_Arcade_03,AD_NekoNet,SCREEN,AD_NekoNet.png,TextureID + SurfaceGui overlay (CyberpunkSetup),2,
A,SCR_A_W_09_Arcade_04,AD_ScanMe,SCREEN,AD_ScanMe.png,TextureID + SurfaceGui overlay (CyberpunkSetup),2,
A,SCR_A_W_09_Arcade_05,AD_KirinDeck,SCREEN,AD_KirinDeck.png,TextureID + SurfaceGui overlay (CyberpunkSetup),2,
A,SCR_A_W_09_Arcade_06,AD_ScanMe,SCREEN,AD_ScanMe.png,TextureID + SurfaceGui overlay (CyberpunkSetup),2,
A,SCR_A_W_09_Arcade_07,AD_MindUpload,SCREEN,AD_MindUpload.png,TextureID + SurfaceGui overlay (CyberpunkSetup),2,
A,SCR_A_W_09_Arcade_08,AD_NekoNet,SCREEN,AD_NekoNet.png,TextureID + SurfaceGui overlay (CyberpunkSetup),2,
A,SCR_A_W_09_Arcade_09,AD_Pachinko,SCREEN,AD_Pachinko.png,TextureID + SurfaceGui overlay (CyberpunkSetup),2,
A,SCR_A_W_09_Arcade_10,AD_Hanabi,SCREEN,AD_Hanabi.png,TextureID + SurfaceGui overlay (CyberpunkSetup),2,
A,SCR_A_W_09_Arcade_11,AD_OkamiArms,SCREEN,AD_OkamiArms.png,TextureID + SurfaceGui overlay (CyberpunkSetup),2,
A,SCR_A_W_09_Arcade_12,AD_Onigiri24,SCREEN,AD_Onigiri24.png,TextureID + SurfaceGui overlay (CyberpunkSetup),2,
A,SCR_A_W_09_Arcade_13,AD_AkaiMotors,SCREEN,AD_AkaiMotors.png,TextureID + SurfaceGui overlay (CyberpunkSetup),2,
A,SCR_A_W_09_Arcade_14,AD_Karaoke24,SCREEN,AD_Karaoke24.png,TextureID + SurfaceGui overlay (CyberpunkSetup),2,
A,SCR_A_W_09_Arcade_15,AD_PlayHex,SCREEN,AD_PlayHex.png,TextureID + SurfaceGui overlay (CyberpunkSetup),2,
A,SCR_A_W_09_Arcade_16,AD_TipOff,SCREEN,AD_TipOff.png,TextureID + SurfaceGui overlay (CyberpunkSetup),2,
A,SCR_A_W_10_Louver_01,AD_KoiAir,SCREEN,AD_KoiAir.png,TextureID + SurfaceGui overlay (CyberpunkSetup),2,
A,SCR_A_W_12_Mansion_01,AD_RamenIchiban,SCREEN,AD_RamenIchiban.png,TextureID + SurfaceGui overlay (CyberpunkSetup),2,
A,SCR_A_W_12_Mansion_02,AD_KirinDeck,SCREEN,AD_KirinDeck.png,TextureID + SurfaceGui overlay (CyberpunkSetup),2,
A,SCR_A_W_12_Mansion_03,AD_SushiSpeed,SCREEN,AD_SushiSpeed.png,TextureID + SurfaceGui overlay (CyberpunkSetup),2,
A,SCR_A_W_13_Pencil_01,AD_MatchaPlus,SCREEN,AD_MatchaPlus.png,TextureID + SurfaceGui overlay (CyberpunkSetup),2,
A,SCR_A_W_14_Zakkyo_01,AD_PlayHex,SCREEN,AD_PlayHex.png,TextureID + SurfaceGui overlay (CyberpunkSetup),2,
A,SCR_A_W_15_Low_01,AD_AkaiMotors,SCREEN,AD_AkaiMotors.png,TextureID + SurfaceGui overlay (CyberpunkSetup),2,
A,SCR_A_W_16_LMBlock_01,AD_NewsTicker,SCREEN,AD_NewsTicker.png,TextureID + SurfaceGui overlay (CyberpunkSetup),2,
A,SCR_A_W_16_LMBlock_02,AD_DataStream,SCREEN,AD_DataStream.png,TextureID + SurfaceGui overlay (CyberpunkSetup),2,
A,SCR_A_W_16_LMBlock_03,AD_NanoMed,SCREEN,AD_NanoMed.png,TextureID + SurfaceGui overlay (CyberpunkSetup),2,
A,SCR_A_W_16_LMBlock_04,AD_MiraiBank,SCREEN,AD_MiraiBank.png,TextureID + SurfaceGui overlay (CyberpunkSetup),2,
A,SCR_A_W_16_LMBlock_05,AD_DenkiCola,SCREEN,AD_DenkiCola.png,TextureID + SurfaceGui overlay (CyberpunkSetup),2,
A,SCR_A_W_16_LMBlock_06,AD_MegaSale,SCREEN,AD_MegaSale.png,TextureID + SurfaceGui overlay (CyberpunkSetup),2,
A,SCR_A_W_16_LMBlock_07,AD_NexusAndroids,SCREEN,AD_NexusAndroids.png,TextureID + SurfaceGui overlay (CyberpunkSetup),2,
A,SCR_A_W_17_Modern_01,AD_YumeOptics,SCREEN,AD_YumeOptics.png,TextureID + SurfaceGui overlay (CyberpunkSetup),2,
A,SCR_A_W_18_Mansion_01,AD_TipOff,SCREEN,AD_TipOff.png,TextureID + SurfaceGui overlay (CyberpunkSetup),2,
A,SCR_A_W_18_Mansion_02,AD_MindUpload,SCREEN,AD_MindUpload.png,TextureID + SurfaceGui overlay (CyberpunkSetup),2,
A,SCR_A_W_18_Mansion_03,AD_SynthFM,SCREEN,AD_SynthFM.png,TextureID + SurfaceGui overlay (CyberpunkSetup),2,
A,SCR_A_W_19_Zakkyo_01,AD_NekoNet,SCREEN,AD_NekoNet.png,TextureID + SurfaceGui overlay (CyberpunkSetup),2,
A,SCR_A_W_20_Pencil_01,AD_HoloKoi,SCREEN,AD_HoloKoi.png,TextureID + SurfaceGui overlay (CyberpunkSetup),2,
A,SCR_A_W_22_Zakkyo_01,AD_KirinDeck,SCREEN,AD_KirinDeck.png,TextureID + SurfaceGui overlay (CyberpunkSetup),2,
A,SCR_A_W_22_Zakkyo_02,AD_VoltRunner,SCREEN,AD_VoltRunner.png,TextureID + SurfaceGui overlay (CyberpunkSetup),2,
A,Skybridge_North,HEX_Palette,HEX_Palette,palette.png,original map material (unchanged),504,
A,Stair_East,HEX_Palette,HEX_Palette,palette.png,original map material (unchanged),300,
A,Stair_Grand_CheekWalls,HEX_Palette,HEX_Palette,palette.png,original map material (unchanged),40,
A,Stair_Grand_North,HEX_Palette,HEX_Palette,palette.png,original map material (unchanged),310,
A,Stair_West,HEX_Palette,HEX_Palette,palette.png,original map material (unchanged),300,
A,Street_Paint,HEX_Palette,HEX_Palette,palette.png,original map material (unchanged),6600,
A,UtilityLines_E,HEX_Palette,HEX_Palette,palette.png,original map material (unchanged),120,
A,UtilityLines_N,HEX_Palette,HEX_Palette,palette.png,original map material (unchanged),120,
A,UtilityLines_S,HEX_Palette,HEX_Palette,palette.png,original map material (unchanged),72,
A,UtilityLines_SideStreet_E,HEX_Palette,HEX_Palette,palette.png,original map material (unchanged),504,
A,UtilityLines_SideStreet_N,HEX_Palette,HEX_Palette,palette.png,original map material (unchanged),504,
A,UtilityLines_SideStreet_S,HEX_Palette,HEX_Palette,palette.png,original map material (unchanged),504,
A,UtilityLines_SideStreet_W,HEX_Palette,HEX_Palette,palette.png,original map material (unchanged),504,
A,UtilityLines_W,HEX_Palette,HEX_Palette,palette.png,original map material (unchanged),72,
A,UtilityPole_001,HEX_Palette,HEX_Palette,palette.png,original map material (unchanged),86,
A,UtilityPole_002,HEX_Palette,HEX_Palette,palette.png,original map material (unchanged),86,
A,UtilityPole_003,HEX_Palette,HEX_Palette,palette.png,original map material (unchanged),86,
A,UtilityPole_004,HEX_Palette,HEX_Palette,palette.png,original map material (unchanged),86,
A,UtilityPole_005,HEX_Palette,HEX_Palette,palette.png,original map material (unchanged),86,
A,UtilityPole_006,HEX_Palette,HEX_Palette,palette.png,original map material (unchanged),86,
A,UtilityPole_007,HEX_Palette,HEX_Palette,palette.png,original map material (unchanged),86,
A,UtilityPole_008,HEX_Palette,HEX_Palette,palette.png,original map material (unchanged),86,
A,UtilityPole_009,HEX_Palette,HEX_Palette,palette.png,original map material (unchanged),86,
A,UtilityPole_010,HEX_Palette,HEX_Palette,palette.png,original map material (unchanged),86,
A,UtilityPole_011,HEX_Palette,HEX_Palette,palette.png,original map material (unchanged),86,
A,UtilityPole_012,HEX_Palette,HEX_Palette,palette.png,original map material (unchanged),86,
A,UtilityPole_013,HEX_Palette,HEX_Palette,palette.png,original map material (unchanged),86,
A,UtilityPole_014,HEX_Palette,HEX_Palette,palette.png,original map material (unchanged),86,
A,UtilityPole_015,HEX_Palette,HEX_Palette,palette.png,original map material (unchanged),86,
A,UtilityPole_016,HEX_Palette,HEX_Palette,palette.png,original map material (unchanged),86,
A,UtilityPole_017,HEX_Palette,HEX_Palette,palette.png,original map material (unchanged),86,
A,UtilityPole_018,HEX_Palette,HEX_Palette,palette.png,original map material (unchanged),86,
A,UtilityPole_019,HEX_Palette,HEX_Palette,palette.png,original map material (unchanged),86,
A,UtilityPole_020,HEX_Palette,HEX_Palette,palette.png,original map material (unchanged),86,
A,UtilityPole_021,HEX_Palette,HEX_Palette,palette.png,original map material (unchanged),86,
A,UtilityPole_022,HEX_Palette,HEX_Palette,palette.png,original map material (unchanged),86,
A,UtilityPole_023,HEX_Palette,HEX_Palette,palette.png,original map material (unchanged),86,
A,UtilityPole_024,HEX_Palette,HEX_Palette,palette.png,original map material (unchanged),86,
B,B_E_01_P01_GEN__MEC,CP_Mechanical,MEC,T_Mechanical_Color.png;T_Mechanical_Normal.png;T_Mechanical_Roughness.png;T_Mechanical_Metalness.png,SurfaceAppearance,70,PROTO_GEN__MEC
B,B_E_01_P02_FANBOX__MEC,CP_Mechanical,MEC,T_Mechanical_Color.png;T_Mechanical_Normal.png;T_Mechanical_Roughness.png;T_Mechanical_Metalness.png,SurfaceAppearance,50,PROTO_FANBOX__MEC
B,B_E_01_P03_COOL__MEC,CP_Mechanical,MEC,T_Mechanical_Color.png;T_Mechanical_Normal.png;T_Mechanical_Roughness.png;T_Mechanical_Metalness.png,SurfaceAppearance,66,PROTO_COOL__MEC
B,B_E_01_P04_HVAC_L__MEC,CP_Mechanical,MEC,T_Mechanical_Color.png;T_Mechanical_Normal.png;T_Mechanical_Roughness.png;T_Mechanical_Metalness.png,SurfaceAppearance,76,PROTO_HVAC_L__MEC
B,B_E_01_P05_HVAC_S__MEC,CP_Mechanical,MEC,T_Mechanical_Color.png;T_Mechanical_Normal.png;T_Mechanical_Roughness.png;T_Mechanical_Metalness.png,SurfaceAppearance,32,PROTO_HVAC_S__MEC
B,B_E_01__CON,CP_ConcreteDark,CON,T_ConcreteDark_Color.png;T_ConcreteDark_Normal.png;T_ConcreteDark_Roughness.png;T_ConcreteDark_Metalness.png,SurfaceAppearance,6,
B,B_E_01__GLS,CP_GlassCurtain,GLS,T_GlassCurtain_Color.png;T_GlassCurtain_Normal.png;T_GlassCurtain_Roughness.png;T_GlassCurtain_Metalness.png,SurfaceAppearance (Color/Normal/Roughness/Metalness),4,
B,B_E_01__NEON_CYN,CP_NEON_CYN,NEON_CYN,F_NEON_CYN.png (swatch only),"Material=Neon, Color=0,230,255 (CyberpunkConfig.NeonColors)",56,
B,B_E_01__PNL,CP_PanelMetal,PNL,T_PanelMetal_Color.png;T_PanelMetal_Normal.png;T_PanelMetal_Roughness.png;T_PanelMetal_Metalness.png,SurfaceAppearance,8,
B,B_E_01__ROF,CP_RoofDeck,ROF,T_RoofDeck_Color.png;T_RoofDeck_Normal.png;T_RoofDeck_Roughness.png;T_RoofDeck_Metalness.png,SurfaceAppearance,6,
B,B_E_01__STL,CP_Steel,STL,T_Steel_Color.png;T_Steel_Normal.png;T_Steel_Roughness.png;T_Steel_Metalness.png,SurfaceAppearance,64,
B,B_E_01__TWN,CP_TowerNight,TWN,T_TowerNight_Color.png;T_TowerNight_Normal.png;T_TowerNight_Roughness.png;T_TowerNight_Metalness.png,SurfaceAppearance,12,
B,B_E_01__WIN_VIO,CP_WIN_VIO,WIN_VIO,F_WIN_VIO.png (swatch only),"Material=Neon, Color=170,130,255 (CyberpunkConfig.NeonColors)",28,
B,B_E_01__WIN_WRM,CP_WIN_WRM,WIN_WRM,F_WIN_WRM.png (swatch only),"Material=Neon, Color=255,190,125 (CyberpunkConfig.NeonColors)",294,
B,B_E_02_P01_STACK__MEC,CP_Mechanical,MEC,T_Mechanical_Color.png;T_Mechanical_Normal.png;T_Mechanical_Roughness.png;T_Mechanical_Metalness.png,SurfaceAppearance,128,PROTO_STACK__MEC
B,B_E_02_P02_HVAC_L__MEC,CP_Mechanical,MEC,T_Mechanical_Color.png;T_Mechanical_Normal.png;T_Mechanical_Roughness.png;T_Mechanical_Metalness.png,SurfaceAppearance,76,PROTO_HVAC_L__MEC
B,B_E_02_P03_HVAC_S__MEC,CP_Mechanical,MEC,T_Mechanical_Color.png;T_Mechanical_Normal.png;T_Mechanical_Roughness.png;T_Mechanical_Metalness.png,SurfaceAppearance,32,PROTO_HVAC_S__MEC
B,B_E_02_P04_HVAC_L__MEC,CP_Mechanical,MEC,T_Mechanical_Color.png;T_Mechanical_Normal.png;T_Mechanical_Roughness.png;T_Mechanical_Metalness.png,SurfaceAppearance,76,PROTO_HVAC_L__MEC
B,B_E_02_P05_VENT__MEC,CP_Mechanical,MEC,T_Mechanical_Color.png;T_Mechanical_Normal.png;T_Mechanical_Roughness.png;T_Mechanical_Metalness.png,SurfaceAppearance,44,PROTO_VENT__MEC
B,B_E_02__CON,CP_ConcreteDark,CON,T_ConcreteDark_Color.png;T_ConcreteDark_Normal.png;T_ConcreteDark_Roughness.png;T_ConcreteDark_Metalness.png,SurfaceAppearance,46,
B,B_E_02__GLS,CP_GlassCurtain,GLS,T_GlassCurtain_Color.png;T_GlassCurtain_Normal.png;T_GlassCurtain_Roughness.png;T_GlassCurtain_Metalness.png,SurfaceAppearance (Color/Normal/Roughness/Metalness),2,
B,B_E_02__NEON_CYN,CP_NEON_CYN,NEON_CYN,F_NEON_CYN.png (swatch only),"Material=Neon, Color=0,230,255 (CyberpunkConfig.NeonColors)",10,
B,B_E_02__NEON_RED,CP_NEON_RED,NEON_RED,F_NEON_RED.png (swatch only),"Material=Neon, Color=255,32,45 (CyberpunkConfig.NeonColors)",24,
B,B_E_02__NEON_WHT,CP_NEON_WHT,NEON_WHT,F_NEON_WHT.png (swatch only),"Material=Neon, Color=215,228,255 (CyberpunkConfig.NeonColors)",72,
B,B_E_02__PNL,CP_PanelMetal,PNL,T_PanelMetal_Color.png;T_PanelMetal_Normal.png;T_PanelMetal_Roughness.png;T_PanelMetal_Metalness.png,SurfaceAppearance,2,
B,B_E_02__ROF,CP_RoofDeck,ROF,T_RoofDeck_Color.png;T_RoofDeck_Normal.png;T_RoofDeck_Roughness.png;T_RoofDeck_Metalness.png,SurfaceAppearance,4,
B,B_E_02__STL,CP_Steel,STL,T_Steel_Color.png;T_Steel_Normal.png;T_Steel_Roughness.png;T_Steel_Metalness.png,SurfaceAppearance,752,
B,B_E_02__TWN,CP_TowerNight,TWN,T_TowerNight_Color.png;T_TowerNight_Normal.png;T_TowerNight_Roughness.png;T_TowerNight_Metalness.png,SurfaceAppearance,6,
B,B_E_02__WIN_COL,CP_WIN_COL,WIN_COL,F_WIN_COL.png (swatch only),"Material=Neon, Color=140,195,255 (CyberpunkConfig.NeonColors)",38,
B,B_E_02__WIN_WRM,CP_WIN_WRM,WIN_WRM,F_WIN_WRM.png (swatch only),"Material=Neon, Color=255,190,125 (CyberpunkConfig.NeonColors)",220,
B,B_E_03_P01_HVAC_S__MEC,CP_Mechanical,MEC,T_Mechanical_Color.png;T_Mechanical_Normal.png;T_Mechanical_Roughness.png;T_Mechanical_Metalness.png,SurfaceAppearance,32,PROTO_HVAC_S__MEC
B,B_E_03_P02_HVAC_S__MEC,CP_Mechanical,MEC,T_Mechanical_Color.png;T_Mechanical_Normal.png;T_Mechanical_Roughness.png;T_Mechanical_Metalness.png,SurfaceAppearance,32,PROTO_HVAC_S__MEC
B,B_E_03_P03_GEN__MEC,CP_Mechanical,MEC,T_Mechanical_Color.png;T_Mechanical_Normal.png;T_Mechanical_Roughness.png;T_Mechanical_Metalness.png,SurfaceAppearance,70,PROTO_GEN__MEC
B,B_E_03_P04_TANK__MEC,CP_Mechanical,MEC,T_Mechanical_Color.png;T_Mechanical_Normal.png;T_Mechanical_Roughness.png;T_Mechanical_Metalness.png,SurfaceAppearance,84,PROTO_TANK__MEC
B,B_E_03_P05_HVAC_S__MEC,CP_Mechanical,MEC,T_Mechanical_Color.png;T_Mechanical_Normal.png;T_Mechanical_Roughness.png;T_Mechanical_Metalness.png,SurfaceAppearance,32,PROTO_HVAC_S__MEC
B,B_E_03__CON,CP_ConcreteDark,CON,T_ConcreteDark_Color.png;T_ConcreteDark_Normal.png;T_ConcreteDark_Roughness.png;T_ConcreteDark_Metalness.png,SurfaceAppearance,6,
B,B_E_03__GLS,CP_GlassCurtain,GLS,T_GlassCurtain_Color.png;T_GlassCurtain_Normal.png;T_GlassCurtain_Roughness.png;T_GlassCurtain_Metalness.png,SurfaceAppearance (Color/Normal/Roughness/Metalness),4,
B,B_E_03__MEC,CP_Mechanical,MEC,T_Mechanical_Color.png;T_Mechanical_Normal.png;T_Mechanical_Roughness.png;T_Mechanical_Metalness.png,SurfaceAppearance,24,
B,B_E_03__NEON_RED,CP_NEON_RED,NEON_RED,F_NEON_RED.png (swatch only),"Material=Neon, Color=255,32,45 (CyberpunkConfig.NeonColors)",12,
B,B_E_03__ROF,CP_RoofDeck,ROF,T_RoofDeck_Color.png;T_RoofDeck_Normal.png;T_RoofDeck_Roughness.png;T_RoofDeck_Metalness.png,SurfaceAppearance,8,
B,B_E_03__STL,CP_Steel,STL,T_Steel_Color.png;T_Steel_Normal.png;T_Steel_Roughness.png;T_Steel_Metalness.png,SurfaceAppearance,12,
B,B_E_03__TEC,CP_TechPanel,TEC,T_TechPanel_Color.png;T_TechPanel_Normal.png;T_TechPanel_Roughness.png;T_TechPanel_Metalness.png,SurfaceAppearance,8,
B,B_E_03__TWN,CP_TowerNight,TWN,T_TowerNight_Color.png;T_TowerNight_Normal.png;T_TowerNight_Roughness.png;T_TowerNight_Metalness.png,SurfaceAppearance,12,
B,B_E_03__WIN_COL,CP_WIN_COL,WIN_COL,F_WIN_COL.png (swatch only),"Material=Neon, Color=140,195,255 (CyberpunkConfig.NeonColors)",274,
B,B_E_03__WIN_VIO,CP_WIN_VIO,WIN_VIO,F_WIN_VIO.png (swatch only),"Material=Neon, Color=170,130,255 (CyberpunkConfig.NeonColors)",38,
B,B_E_04_P01_VENT__MEC,CP_Mechanical,MEC,T_Mechanical_Color.png;T_Mechanical_Normal.png;T_Mechanical_Roughness.png;T_Mechanical_Metalness.png,SurfaceAppearance,44,PROTO_VENT__MEC
B,B_E_04_P02_STACK__MEC,CP_Mechanical,MEC,T_Mechanical_Color.png;T_Mechanical_Normal.png;T_Mechanical_Roughness.png;T_Mechanical_Metalness.png,SurfaceAppearance,128,PROTO_STACK__MEC
B,B_E_04_P03_TANK__MEC,CP_Mechanical,MEC,T_Mechanical_Color.png;T_Mechanical_Normal.png;T_Mechanical_Roughness.png;T_Mechanical_Metalness.png,SurfaceAppearance,84,PROTO_TANK__MEC
B,B_E_04__CON,CP_ConcreteDark,CON,T_ConcreteDark_Color.png;T_ConcreteDark_Normal.png;T_ConcreteDark_Roughness.png;T_ConcreteDark_Metalness.png,SurfaceAppearance,6,
B,B_E_04__NEON_BLU,CP_NEON_BLU,NEON_BLU,F_NEON_BLU.png (swatch only),"Material=Neon, Color=30,95,255 (CyberpunkConfig.NeonColors)",50,
B,B_E_04__NEON_RED,CP_NEON_RED,NEON_RED,F_NEON_RED.png (swatch only),"Material=Neon, Color=255,32,45 (CyberpunkConfig.NeonColors)",24,
B,B_E_04__PNL,CP_PanelMetal,PNL,T_PanelMetal_Color.png;T_PanelMetal_Normal.png;T_PanelMetal_Roughness.png;T_PanelMetal_Metalness.png,SurfaceAppearance,10,
B,B_E_04__ROF,CP_RoofDeck,ROF,T_RoofDeck_Color.png;T_RoofDeck_Normal.png;T_RoofDeck_Roughness.png;T_RoofDeck_Metalness.png,SurfaceAppearance,10,
B,B_E_04__STL,CP_Steel,STL,T_Steel_Color.png;T_Steel_Normal.png;T_Steel_Roughness.png;T_Steel_Metalness.png,SurfaceAppearance,296,
B,B_E_04__TEC,CP_TechPanel,TEC,T_TechPanel_Color.png;T_TechPanel_Normal.png;T_TechPanel_Roughness.png;T_TechPanel_Metalness.png,SurfaceAppearance,12,
B,B_E_04__TWN,CP_TowerNight,TWN,T_TowerNight_Color.png;T_TowerNight_Normal.png;T_TowerNight_Roughness.png;T_TowerNight_Metalness.png,SurfaceAppearance,12,
B,B_E_04__WIN_PNK,CP_WIN_PNK,WIN_PNK,F_WIN_PNK.png (swatch only),"Material=Neon, Color=255,120,200 (CyberpunkConfig.NeonColors)",34,
B,B_E_04__WIN_WRM,CP_WIN_WRM,WIN_WRM,F_WIN_WRM.png (swatch only),"Material=Neon, Color=255,190,125 (CyberpunkConfig.NeonColors)",234,
B,B_E_05_P01_VENT__MEC,CP_Mechanical,MEC,T_Mechanical_Color.png;T_Mechanical_Normal.png;T_Mechanical_Roughness.png;T_Mechanical_Metalness.png,SurfaceAppearance,44,PROTO_VENT__MEC
B,B_E_05_P02_STACK__MEC,CP_Mechanical,MEC,T_Mechanical_Color.png;T_Mechanical_Normal.png;T_Mechanical_Roughness.png;T_Mechanical_Metalness.png,SurfaceAppearance,128,PROTO_STACK__MEC
B,B_E_05_P03_TANK__MEC,CP_Mechanical,MEC,T_Mechanical_Color.png;T_Mechanical_Normal.png;T_Mechanical_Roughness.png;T_Mechanical_Metalness.png,SurfaceAppearance,84,PROTO_TANK__MEC
B,B_E_05_P04_TANK__MEC,CP_Mechanical,MEC,T_Mechanical_Color.png;T_Mechanical_Normal.png;T_Mechanical_Roughness.png;T_Mechanical_Metalness.png,SurfaceAppearance,84,PROTO_TANK__MEC
B,B_E_05_P05_STACK__MEC,CP_Mechanical,MEC,T_Mechanical_Color.png;T_Mechanical_Normal.png;T_Mechanical_Roughness.png;T_Mechanical_Metalness.png,SurfaceAppearance,128,PROTO_STACK__MEC
B,B_E_05_P06_VENT__MEC,CP_Mechanical,MEC,T_Mechanical_Color.png;T_Mechanical_Normal.png;T_Mechanical_Roughness.png;T_Mechanical_Metalness.png,SurfaceAppearance,44,PROTO_VENT__MEC
B,B_E_05__CON,CP_ConcreteDark,CON,T_ConcreteDark_Color.png;T_ConcreteDark_Normal.png;T_ConcreteDark_Roughness.png;T_ConcreteDark_Metalness.png,SurfaceAppearance,46,
B,B_E_05__MEC,CP_Mechanical,MEC,T_Mechanical_Color.png;T_Mechanical_Normal.png;T_Mechanical_Roughness.png;T_Mechanical_Metalness.png,SurfaceAppearance,24,
B,B_E_05__NEON_RED,CP_NEON_RED,NEON_RED,F_NEON_RED.png (swatch only),"Material=Neon, Color=255,32,45 (CyberpunkConfig.NeonColors)",12,
B,B_E_05__RIB,CP_GlassRibbon,RIB,T_GlassRibbon_Color.png;T_GlassRibbon_Normal.png;T_GlassRibbon_Roughness.png;T_GlassRibbon_Metalness.png,SurfaceAppearance,6,
B,B_E_05__ROF,CP_RoofDeck,ROF,T_RoofDeck_Color.png;T_RoofDeck_Normal.png;T_RoofDeck_Roughness.png;T_RoofDeck_Metalness.png,SurfaceAppearance,8,
B,B_E_05__STL,CP_Steel,STL,T_Steel_Color.png;T_Steel_Normal.png;T_Steel_Roughness.png;T_Steel_Metalness.png,SurfaceAppearance,12,
B,B_E_05__TWN,CP_TowerNight,TWN,T_TowerNight_Color.png;T_TowerNight_Normal.png;T_TowerNight_Roughness.png;T_TowerNight_Metalness.png,SurfaceAppearance,10,
B,B_E_05__WIN_COL,CP_WIN_COL,WIN_COL,F_WIN_COL.png (swatch only),"Material=Neon, Color=140,195,255 (CyberpunkConfig.NeonColors)",54,
B,B_E_05__WIN_WRM,CP_WIN_WRM,WIN_WRM,F_WIN_WRM.png (swatch only),"Material=Neon, Color=255,190,125 (CyberpunkConfig.NeonColors)",362,
B,B_E_06_P01_COOL__MEC,CP_Mechanical,MEC,T_Mechanical_Color.png;T_Mechanical_Normal.png;T_Mechanical_Roughness.png;T_Mechanical_Metalness.png,SurfaceAppearance,66,PROTO_COOL__MEC
B,B_E_06_P02_DISH__MEC,CP_Mechanical,MEC,T_Mechanical_Color.png;T_Mechanical_Normal.png;T_Mechanical_Roughness.png;T_Mechanical_Metalness.png,SurfaceAppearance,22,PROTO_DISH__MEC
B,B_E_06_P03_HVAC_L__MEC,CP_Mechanical,MEC,T_Mechanical_Color.png;T_Mechanical_Normal.png;T_Mechanical_Roughness.png;T_Mechanical_Metalness.png,SurfaceAppearance,76,PROTO_HVAC_L__MEC
B,B_E_06_P04_FANBOX__MEC,CP_Mechanical,MEC,T_Mechanical_Color.png;T_Mechanical_Normal.png;T_Mechanical_Roughness.png;T_Mechanical_Metalness.png,SurfaceAppearance,50,PROTO_FANBOX__MEC
B,B_E_06_P05_HVAC_S__MEC,CP_Mechanical,MEC,T_Mechanical_Color.png;T_Mechanical_Normal.png;T_Mechanical_Roughness.png;T_Mechanical_Metalness.png,SurfaceAppearance,32,PROTO_HVAC_S__MEC
B,B_E_06_P06_VENT__MEC,CP_Mechanical,MEC,T_Mechanical_Color.png;T_Mechanical_Normal.png;T_Mechanical_Roughness.png;T_Mechanical_Metalness.png,SurfaceAppearance,44,PROTO_VENT__MEC
B,B_E_06__CON,CP_ConcreteDark,CON,T_ConcreteDark_Color.png;T_ConcreteDark_Normal.png;T_ConcreteDark_Roughness.png;T_ConcreteDark_Metalness.png,SurfaceAppearance,46,
B,B_E_06__MEC,CP_Mechanical,MEC,T_Mechanical_Color.png;T_Mechanical_Normal.png;T_Mechanical_Roughness.png;T_Mechanical_Metalness.png,SurfaceAppearance,52,
B,B_E_06__NEON_CYN,CP_NEON_CYN,NEON_CYN,F_NEON_CYN.png (swatch only),"Material=Neon, Color=0,230,255 (CyberpunkConfig.NeonColors)",10,
B,B_E_06__NEON_RED,CP_NEON_RED,NEON_RED,F_NEON_RED.png (swatch only),"Material=Neon, Color=255,32,45 (CyberpunkConfig.NeonColors)",24,
B,B_E_06__ROF,CP_RoofDeck,ROF,T_RoofDeck_Color.png;T_RoofDeck_Normal.png;T_RoofDeck_Roughness.png;T_RoofDeck_Metalness.png,SurfaceAppearance,8,
B,B_E_06__STL,CP_Steel,STL,T_Steel_Color.png;T_Steel_Normal.png;T_Steel_Roughness.png;T_Steel_Metalness.png,SurfaceAppearance,280,
B,B_E_06__TEC,CP_TechPanel,TEC,T_TechPanel_Color.png;T_TechPanel_Normal.png;T_TechPanel_Roughness.png;T_TechPanel_Metalness.png,SurfaceAppearance,4,
B,B_E_06__TWN,CP_TowerNight,TWN,T_TowerNight_Color.png;T_TowerNight_Normal.png;T_TowerNight_Roughness.png;T_TowerNight_Metalness.png,SurfaceAppearance,12,
B,B_E_06__WIN_VIO,CP_WIN_VIO,WIN_VIO,F_WIN_VIO.png (swatch only),"Material=Neon, Color=170,130,255 (CyberpunkConfig.NeonColors)",62,
B,B_E_06__WIN_WRM,CP_WIN_WRM,WIN_WRM,F_WIN_WRM.png (swatch only),"Material=Neon, Color=255,190,125 (CyberpunkConfig.NeonColors)",342,
B,B_E_07_P01_DISH__MEC,CP_Mechanical,MEC,T_Mechanical_Color.png;T_Mechanical_Normal.png;T_Mechanical_Roughness.png;T_Mechanical_Metalness.png,SurfaceAppearance,22,PROTO_DISH__MEC
B,B_E_07_P02_HVAC_S__MEC,CP_Mechanical,MEC,T_Mechanical_Color.png;T_Mechanical_Normal.png;T_Mechanical_Roughness.png;T_Mechanical_Metalness.png,SurfaceAppearance,32,PROTO_HVAC_S__MEC
B,B_E_07_P03_GEN__MEC,CP_Mechanical,MEC,T_Mechanical_Color.png;T_Mechanical_Normal.png;T_Mechanical_Roughness.png;T_Mechanical_Metalness.png,SurfaceAppearance,70,PROTO_GEN__MEC
B,B_E_07_P04_COOL__MEC,CP_Mechanical,MEC,T_Mechanical_Color.png;T_Mechanical_Normal.png;T_Mechanical_Roughness.png;T_Mechanical_Metalness.png,SurfaceAppearance,66,PROTO_COOL__MEC
B,B_E_07_P05_GEN__MEC,CP_Mechanical,MEC,T_Mechanical_Color.png;T_Mechanical_Normal.png;T_Mechanical_Roughness.png;T_Mechanical_Metalness.png,SurfaceAppearance,70,PROTO_GEN__MEC
B,B_E_07__CON,CP_ConcreteDark,CON,T_ConcreteDark_Color.png;T_ConcreteDark_Normal.png;T_ConcreteDark_Roughness.png;T_ConcreteDark_Metalness.png,SurfaceAppearance,6,
B,B_E_07__MEC,CP_Mechanical,MEC,T_Mechanical_Color.png;T_Mechanical_Normal.png;T_Mechanical_Roughness.png;T_Mechanical_Metalness.png,SurfaceAppearance,24,
B,B_E_07__NEON_CYN,CP_NEON_CYN,NEON_CYN,F_NEON_CYN.png (swatch only),"Material=Neon, Color=0,230,255 (CyberpunkConfig.NeonColors)",66,
B,B_E_07__NEON_RED,CP_NEON_RED,NEON_RED,F_NEON_RED.png (swatch only),"Material=Neon, Color=255,32,45 (CyberpunkConfig.NeonColors)",12,
B,B_E_07__PNL,CP_PanelMetal,PNL,T_PanelMetal_Color.png;T_PanelMetal_Normal.png;T_PanelMetal_Roughness.png;T_PanelMetal_Metalness.png,SurfaceAppearance,8,
B,B_E_07__RIB,CP_GlassRibbon,RIB,T_GlassRibbon_Color.png;T_GlassRibbon_Normal.png;T_GlassRibbon_Roughness.png;T_GlassRibbon_Metalness.png,SurfaceAppearance,2,
B,B_E_07__ROF,CP_RoofDeck,ROF,T_RoofDeck_Color.png;T_RoofDeck_Normal.png;T_RoofDeck_Roughness.png;T_RoofDeck_Metalness.png,SurfaceAppearance,6,
B,B_E_07__STL,CP_Steel,STL,T_Steel_Color.png;T_Steel_Normal.png;T_Steel_Roughness.png;T_Steel_Metalness.png,SurfaceAppearance,88,
B,B_E_07__TEC,CP_TechPanel,TEC,T_TechPanel_Color.png;T_TechPanel_Normal.png;T_TechPanel_Roughness.png;T_TechPanel_Metalness.png,SurfaceAppearance,2,
B,B_E_07__TWN,CP_TowerNight,TWN,T_TowerNight_Color.png;T_TowerNight_Normal.png;T_TowerNight_Roughness.png;T_TowerNight_Metalness.png,SurfaceAppearance,12,
B,B_E_07__WIN_COL,CP_WIN_COL,WIN_COL,F_WIN_COL.png (swatch only),"Material=Neon, Color=140,195,255 (CyberpunkConfig.NeonColors)",168,
B,B_E_07__WIN_VIO,CP_WIN_VIO,WIN_VIO,F_WIN_VIO.png (swatch only),"Material=Neon, Color=170,130,255 (CyberpunkConfig.NeonColors)",26,
B,B_E_08_P01_GEN__MEC,CP_Mechanical,MEC,T_Mechanical_Color.png;T_Mechanical_Normal.png;T_Mechanical_Roughness.png;T_Mechanical_Metalness.png,SurfaceAppearance,70,PROTO_GEN__MEC
B,B_E_08_P02_VENT__MEC,CP_Mechanical,MEC,T_Mechanical_Color.png;T_Mechanical_Normal.png;T_Mechanical_Roughness.png;T_Mechanical_Metalness.png,SurfaceAppearance,44,PROTO_VENT__MEC
B,B_E_08_P03_HVAC_S__MEC,CP_Mechanical,MEC,T_Mechanical_Color.png;T_Mechanical_Normal.png;T_Mechanical_Roughness.png;T_Mechanical_Metalness.png,SurfaceAppearance,32,PROTO_HVAC_S__MEC
B,B_E_08_P04_COOL__MEC,CP_Mechanical,MEC,T_Mechanical_Color.png;T_Mechanical_Normal.png;T_Mechanical_Roughness.png;T_Mechanical_Metalness.png,SurfaceAppearance,66,PROTO_COOL__MEC
B,B_E_08_P05_TANK__MEC,CP_Mechanical,MEC,T_Mechanical_Color.png;T_Mechanical_Normal.png;T_Mechanical_Roughness.png;T_Mechanical_Metalness.png,SurfaceAppearance,84,PROTO_TANK__MEC
B,B_E_08__CON,CP_ConcreteDark,CON,T_ConcreteDark_Color.png;T_ConcreteDark_Normal.png;T_ConcreteDark_Roughness.png;T_ConcreteDark_Metalness.png,SurfaceAppearance,6,
B,B_E_08__NEON_MAG,CP_NEON_MAG,NEON_MAG,F_NEON_MAG.png (swatch only),"Material=Neon, Color=255,25,175 (CyberpunkConfig.NeonColors)",10,
B,B_E_08__NEON_RED,CP_NEON_RED,NEON_RED,F_NEON_RED.png (swatch only),"Material=Neon, Color=255,32,45 (CyberpunkConfig.NeonColors)",50,
B,B_E_08__PNL,CP_PanelMetal,PNL,T_PanelMetal_Color.png;T_PanelMetal_Normal.png;T_PanelMetal_Roughness.png;T_PanelMetal_Metalness.png,SurfaceAppearance,6,
B,B_E_08__ROF,CP_RoofDeck,ROF,T_RoofDeck_Color.png;T_RoofDeck_Normal.png;T_RoofDeck_Roughness.png;T_RoofDeck_Metalness.png,SurfaceAppearance,8,
B,B_E_08__STL,CP_Steel,STL,T_Steel_Color.png;T_Steel_Normal.png;T_Steel_Roughness.png;T_Steel_Metalness.png,SurfaceAppearance,472,
B,B_E_08__TWN,CP_TowerNight,TWN,T_TowerNight_Color.png;T_TowerNight_Normal.png;T_TowerNight_Roughness.png;T_TowerNight_Metalness.png,SurfaceAppearance,16,
B,B_E_08__WIN_COL,CP_WIN_COL,WIN_COL,F_WIN_COL.png (swatch only),"Material=Neon, Color=140,195,255 (CyberpunkConfig.NeonColors)",204,
B,B_E_09_P01_STACK__MEC,CP_Mechanical,MEC,T_Mechanical_Color.png;T_Mechanical_Normal.png;T_Mechanical_Roughness.png;T_Mechanical_Metalness.png,SurfaceAppearance,128,PROTO_STACK__MEC
B,B_E_09_P02_TANK__MEC,CP_Mechanical,MEC,T_Mechanical_Color.png;T_Mechanical_Normal.png;T_Mechanical_Roughness.png;T_Mechanical_Metalness.png,SurfaceAppearance,84,PROTO_TANK__MEC
B,B_E_09_P03_VENT__MEC,CP_Mechanical,MEC,T_Mechanical_Color.png;T_Mechanical_Normal.png;T_Mechanical_Roughness.png;T_Mechanical_Metalness.png,SurfaceAppearance,44,PROTO_VENT__MEC
B,B_E_09_P04_HVAC_S__MEC,CP_Mechanical,MEC,T_Mechanical_Color.png;T_Mechanical_Normal.png;T_Mechanical_Roughness.png;T_Mechanical_Metalness.png,SurfaceAppearance,32,PROTO_HVAC_S__MEC
B,B_E_09_P05_VENT__MEC,CP_Mechanical,MEC,T_Mechanical_Color.png;T_Mechanical_Normal.png;T_Mechanical_Roughness.png;T_Mechanical_Metalness.png,SurfaceAppearance,44,PROTO_VENT__MEC
B,B_E_09__CON,CP_ConcreteDark,CON,T_ConcreteDark_Color.png;T_ConcreteDark_Normal.png;T_ConcreteDark_Roughness.png;T_ConcreteDark_Metalness.png,SurfaceAppearance,46,
B,B_E_09__LOU,CP_Louver,LOU,T_Louver_Color.png;T_Louver_Normal.png;T_Louver_Roughness.png;T_Louver_Metalness.png,SurfaceAppearance,4,
B,B_E_09__NEON_CYN,CP_NEON_CYN,NEON_CYN,F_NEON_CYN.png (swatch only),"Material=Neon, Color=0,230,255 (CyberpunkConfig.NeonColors)",40,
B,B_E_09__NEON_RED,CP_NEON_RED,NEON_RED,F_NEON_RED.png (swatch only),"Material=Neon, Color=255,32,45 (CyberpunkConfig.NeonColors)",24,
B,B_E_09__NEON_WHT,CP_NEON_WHT,NEON_WHT,F_NEON_WHT.png (swatch only),"Material=Neon, Color=215,228,255 (CyberpunkConfig.NeonColors)",60,
B,B_E_09__PNL,CP_PanelMetal,PNL,T_PanelMetal_Color.png;T_PanelMetal_Normal.png;T_PanelMetal_Roughness.png;T_PanelMetal_Metalness.png,SurfaceAppearance,2,
B,B_E_09__ROF,CP_RoofDeck,ROF,T_RoofDeck_Color.png;T_RoofDeck_Normal.png;T_RoofDeck_Roughness.png;T_RoofDeck_Metalness.png,SurfaceAppearance,6,
B,B_E_09__STL,CP_Steel,STL,T_Steel_Color.png;T_Steel_Normal.png;T_Steel_Roughness.png;T_Steel_Metalness.png,SurfaceAppearance,448,
B,B_E_09__TWN,CP_TowerNight,TWN,T_TowerNight_Color.png;T_TowerNight_Normal.png;T_TowerNight_Roughness.png;T_TowerNight_Metalness.png,SurfaceAppearance,12,
B,B_E_09__WIN_PNK,CP_WIN_PNK,WIN_PNK,F_WIN_PNK.png (swatch only),"Material=Neon, Color=255,120,200 (CyberpunkConfig.NeonColors)",308,
B,B_E_10_P01_HVAC_S__MEC,CP_Mechanical,MEC,T_Mechanical_Color.png;T_Mechanical_Normal.png;T_Mechanical_Roughness.png;T_Mechanical_Metalness.png,SurfaceAppearance,32,PROTO_HVAC_S__MEC
B,B_E_10_P02_HVAC_L__MEC,CP_Mechanical,MEC,T_Mechanical_Color.png;T_Mechanical_Normal.png;T_Mechanical_Roughness.png;T_Mechanical_Metalness.png,SurfaceAppearance,76,PROTO_HVAC_L__MEC
B,B_E_10_P03_HVAC_S__MEC,CP_Mechanical,MEC,T_Mechanical_Color.png;T_Mechanical_Normal.png;T_Mechanical_Roughness.png;T_Mechanical_Metalness.png,SurfaceAppearance,32,PROTO_HVAC_S__MEC
B,B_E_10_P04_STACK__MEC,CP_Mechanical,MEC,T_Mechanical_Color.png;T_Mechanical_Normal.png;T_Mechanical_Roughness.png;T_Mechanical_Metalness.png,SurfaceAppearance,128,PROTO_STACK__MEC
B,B_E_10__CON,CP_ConcreteDark,CON,T_ConcreteDark_Color.png;T_ConcreteDark_Normal.png;T_ConcreteDark_Roughness.png;T_ConcreteDark_Metalness.png,SurfaceAppearance,46,
B,B_E_10__NEON_MAG,CP_NEON_MAG,NEON_MAG,F_NEON_MAG.png (swatch only),"Material=Neon, Color=255,25,175 (CyberpunkConfig.NeonColors)",10,
B,B_E_10__NEON_RED,CP_NEON_RED,NEON_RED,F_NEON_RED.png (swatch only),"Material=Neon, Color=255,32,45 (CyberpunkConfig.NeonColors)",24,
B,B_E_10__ROF,CP_RoofDeck,ROF,T_RoofDeck_Color.png;T_RoofDeck_Normal.png;T_RoofDeck_Roughness.png;T_RoofDeck_Metalness.png,SurfaceAppearance,12,
B,B_E_10__STL,CP_Steel,STL,T_Steel_Color.png;T_Steel_Normal.png;T_Steel_Roughness.png;T_Steel_Metalness.png,SurfaceAppearance,408,
B,B_E_10__TWN,CP_TowerNight,TWN,T_TowerNight_Color.png;T_TowerNight_Normal.png;T_TowerNight_Roughness.png;T_TowerNight_Metalness.png,SurfaceAppearance,24,
B,B_E_10__WIN_COL,CP_WIN_COL,WIN_COL,F_WIN_COL.png (swatch only),"Material=Neon, Color=140,195,255 (CyberpunkConfig.NeonColors)",210,
B,B_E_10__WIN_VIO,CP_WIN_VIO,WIN_VIO,F_WIN_VIO.png (swatch only),"Material=Neon, Color=170,130,255 (CyberpunkConfig.NeonColors)",24,
B,B_E_11_P01_COOL__MEC,CP_Mechanical,MEC,T_Mechanical_Color.png;T_Mechanical_Normal.png;T_Mechanical_Roughness.png;T_Mechanical_Metalness.png,SurfaceAppearance,66,PROTO_COOL__MEC
B,B_E_11_P02_HVAC_S__MEC,CP_Mechanical,MEC,T_Mechanical_Color.png;T_Mechanical_Normal.png;T_Mechanical_Roughness.png;T_Mechanical_Metalness.png,SurfaceAppearance,32,PROTO_HVAC_S__MEC
B,B_E_11_P03_TANK__MEC,CP_Mechanical,MEC,T_Mechanical_Color.png;T_Mechanical_Normal.png;T_Mechanical_Roughness.png;T_Mechanical_Metalness.png,SurfaceAppearance,84,PROTO_TANK__MEC
B,B_E_11__CON,CP_ConcreteDark,CON,T_ConcreteDark_Color.png;T_ConcreteDark_Normal.png;T_ConcreteDark_Roughness.png;T_ConcreteDark_Metalness.png,SurfaceAppearance,6,
B,B_E_11__NEON_MAG,CP_NEON_MAG,NEON_MAG,F_NEON_MAG.png (swatch only),"Material=Neon, Color=255,25,175 (CyberpunkConfig.NeonColors)",10,
B,B_E_11__NEON_VIO,CP_NEON_VIO,NEON_VIO,F_NEON_VIO.png (swatch only),"Material=Neon, Color=150,45,255 (CyberpunkConfig.NeonColors)",26,
B,B_E_11__PNL,CP_PanelMetal,PNL,T_PanelMetal_Color.png;T_PanelMetal_Normal.png;T_PanelMetal_Roughness.png;T_PanelMetal_Metalness.png,SurfaceAppearance,6,
B,B_E_11__ROF,CP_RoofDeck,ROF,T_RoofDeck_Color.png;T_RoofDeck_Normal.png;T_RoofDeck_Roughness.png;T_RoofDeck_Metalness.png,SurfaceAppearance,20,
B,B_E_11__STL,CP_Steel,STL,T_Steel_Color.png;T_Steel_Normal.png;T_Steel_Roughness.png;T_Steel_Metalness.png,SurfaceAppearance,48,
B,B_E_11__TWN,CP_TowerNight,TWN,T_TowerNight_Color.png;T_TowerNight_Normal.png;T_TowerNight_Roughness.png;T_TowerNight_Metalness.png,SurfaceAppearance,40,
B,B_E_11__WIN_WRM,CP_WIN_WRM,WIN_WRM,F_WIN_WRM.png (swatch only),"Material=Neon, Color=255,190,125 (CyberpunkConfig.NeonColors)",206,
B,B_E_12_P01_COOL__MEC,CP_Mechanical,MEC,T_Mechanical_Color.png;T_Mechanical_Normal.png;T_Mechanical_Roughness.png;T_Mechanical_Metalness.png,SurfaceAppearance,66,PROTO_COOL__MEC
B,B_E_12_P02_STACK__MEC,CP_Mechanical,MEC,T_Mechanical_Color.png;T_Mechanical_Normal.png;T_Mechanical_Roughness.png;T_Mechanical_Metalness.png,SurfaceAppearance,128,PROTO_STACK__MEC
B,B_E_12_P03_FANBOX__MEC,CP_Mechanical,MEC,T_Mechanical_Color.png;T_Mechanical_Normal.png;T_Mechanical_Roughness.png;T_Mechanical_Metalness.png,SurfaceAppearance,50,PROTO_FANBOX__MEC
B,B_E_12_P04_GEN__MEC,CP_Mechanical,MEC,T_Mechanical_Color.png;T_Mechanical_Normal.png;T_Mechanical_Roughness.png;T_Mechanical_Metalness.png,SurfaceAppearance,70,PROTO_GEN__MEC
B,B_E_12_P05_HVAC_S__MEC,CP_Mechanical,MEC,T_Mechanical_Color.png;T_Mechanical_Normal.png;T_Mechanical_Roughness.png;T_Mechanical_Metalness.png,SurfaceAppearance,32,PROTO_HVAC_S__MEC
B,B_E_12_P06_FANBOX__MEC,CP_Mechanical,MEC,T_Mechanical_Color.png;T_Mechanical_Normal.png;T_Mechanical_Roughness.png;T_Mechanical_Metalness.png,SurfaceAppearance,50,PROTO_FANBOX__MEC
B,B_E_12_P07_FANBOX__MEC,CP_Mechanical,MEC,T_Mechanical_Color.png;T_Mechanical_Normal.png;T_Mechanical_Roughness.png;T_Mechanical_Metalness.png,SurfaceAppearance,50,PROTO_FANBOX__MEC
B,B_E_12_P08_VENT__MEC,CP_Mechanical,MEC,T_Mechanical_Color.png;T_Mechanical_Normal.png;T_Mechanical_Roughness.png;T_Mechanical_Metalness.png,SurfaceAppearance,44,PROTO_VENT__MEC
B,B_E_12_P09_STACK__MEC,CP_Mechanical,MEC,T_Mechanical_Color.png;T_Mechanical_Normal.png;T_Mechanical_Roughness.png;T_Mechanical_Metalness.png,SurfaceAppearance,128,PROTO_STACK__MEC
B,B_E_12__CON,CP_ConcreteDark,CON,T_ConcreteDark_Color.png;T_ConcreteDark_Normal.png;T_ConcreteDark_Roughness.png;T_ConcreteDark_Metalness.png,SurfaceAppearance,16,
B,B_E_12__MEC,CP_Mechanical,MEC,T_Mechanical_Color.png;T_Mechanical_Normal.png;T_Mechanical_Roughness.png;T_Mechanical_Metalness.png,SurfaceAppearance,10,
B,B_E_12__NEON_CYN,CP_NEON_CYN,NEON_CYN,F_NEON_CYN.png (swatch only),"Material=Neon, Color=0,230,255 (CyberpunkConfig.NeonColors)",90,
B,B_E_12__NEON_RED,CP_NEON_RED,NEON_RED,F_NEON_RED.png (swatch only),"Material=Neon, Color=255,32,45 (CyberpunkConfig.NeonColors)",24,
B,B_E_12__NEON_VIO,CP_NEON_VIO,NEON_VIO,F_NEON_VIO.png (swatch only),"Material=Neon, Color=150,45,255 (CyberpunkConfig.NeonColors)",110,
B,B_E_12__PNL,CP_PanelMetal,PNL,T_PanelMetal_Color.png;T_PanelMetal_Normal.png;T_PanelMetal_Roughness.png;T_PanelMetal_Metalness.png,SurfaceAppearance,2,
B,B_E_12__ROF,CP_RoofDeck,ROF,T_RoofDeck_Color.png;T_RoofDeck_Normal.png;T_RoofDeck_Roughness.png;T_RoofDeck_Metalness.png,SurfaceAppearance,12,
B,B_E_12__STL,CP_Steel,STL,T_Steel_Color.png;T_Steel_Normal.png;T_Steel_Roughness.png;T_Steel_Metalness.png,SurfaceAppearance,522,
B,B_E_12__TEC,CP_TechPanel,TEC,T_TechPanel_Color.png;T_TechPanel_Normal.png;T_TechPanel_Roughness.png;T_TechPanel_Metalness.png,SurfaceAppearance,4,
B,B_E_12__TWN,CP_TowerNight,TWN,T_TowerNight_Color.png;T_TowerNight_Normal.png;T_TowerNight_Roughness.png;T_TowerNight_Metalness.png,SurfaceAppearance,12,
B,B_E_12__WIN_COL,CP_WIN_COL,WIN_COL,F_WIN_COL.png (swatch only),"Material=Neon, Color=140,195,255 (CyberpunkConfig.NeonColors)",302,
B,B_E_12__WIN_WRM,CP_WIN_WRM,WIN_WRM,F_WIN_WRM.png (swatch only),"Material=Neon, Color=255,190,125 (CyberpunkConfig.NeonColors)",34,
B,B_E_13_P01_HVAC_L__MEC,CP_Mechanical,MEC,T_Mechanical_Color.png;T_Mechanical_Normal.png;T_Mechanical_Roughness.png;T_Mechanical_Metalness.png,SurfaceAppearance,76,PROTO_HVAC_L__MEC
B,B_E_13_P02_HVAC_S__MEC,CP_Mechanical,MEC,T_Mechanical_Color.png;T_Mechanical_Normal.png;T_Mechanical_Roughness.png;T_Mechanical_Metalness.png,SurfaceAppearance,32,PROTO_HVAC_S__MEC
B,B_E_13_P03_HVAC_S__MEC,CP_Mechanical,MEC,T_Mechanical_Color.png;T_Mechanical_Normal.png;T_Mechanical_Roughness.png;T_Mechanical_Metalness.png,SurfaceAppearance,32,PROTO_HVAC_S__MEC
B,B_E_13_P04_HVAC_S__MEC,CP_Mechanical,MEC,T_Mechanical_Color.png;T_Mechanical_Normal.png;T_Mechanical_Roughness.png;T_Mechanical_Metalness.png,SurfaceAppearance,32,PROTO_HVAC_S__MEC
B,B_E_13_P05_HVAC_S__MEC,CP_Mechanical,MEC,T_Mechanical_Color.png;T_Mechanical_Normal.png;T_Mechanical_Roughness.png;T_Mechanical_Metalness.png,SurfaceAppearance,32,PROTO_HVAC_S__MEC
B,B_E_13_P06_HVAC_L__MEC,CP_Mechanical,MEC,T_Mechanical_Color.png;T_Mechanical_Normal.png;T_Mechanical_Roughness.png;T_Mechanical_Metalness.png,SurfaceAppearance,76,PROTO_HVAC_L__MEC
B,B_E_13__CON,CP_ConcreteDark,CON,T_ConcreteDark_Color.png;T_ConcreteDark_Normal.png;T_ConcreteDark_Roughness.png;T_ConcreteDark_Metalness.png,SurfaceAppearance,46,
B,B_E_13__NEON_BLU,CP_NEON_BLU,NEON_BLU,F_NEON_BLU.png (swatch only),"Material=Neon, Color=30,95,255 (CyberpunkConfig.NeonColors)",10,
B,B_E_13__NEON_CYN,CP_NEON_CYN,NEON_CYN,F_NEON_CYN.png (swatch only),"Material=Neon, Color=0,230,255 (CyberpunkConfig.NeonColors)",10,
B,B_E_13__ROF,CP_RoofDeck,ROF,T_RoofDeck_Color.png;T_RoofDeck_Normal.png;T_RoofDeck_Roughness.png;T_RoofDeck_Metalness.png,SurfaceAppearance,4,
B,B_E_13__STL,CP_Steel,STL,T_Steel_Color.png;T_Steel_Normal.png;T_Steel_Roughness.png;T_Steel_Metalness.png,SurfaceAppearance,48,
B,B_E_13__TWN,CP_TowerNight,TWN,T_TowerNight_Color.png;T_TowerNight_Normal.png;T_TowerNight_Roughness.png;T_TowerNight_Metalness.png,SurfaceAppearance,8,
B,B_E_13__WIN_PNK,CP_WIN_PNK,WIN_PNK,F_WIN_PNK.png (swatch only),"Material=Neon, Color=255,120,200 (CyberpunkConfig.NeonColors)",72,
B,B_E_13__WIN_VIO,CP_WIN_VIO,WIN_VIO,F_WIN_VIO.png (swatch only),"Material=Neon, Color=170,130,255 (CyberpunkConfig.NeonColors)",324,
B,B_E_14_P01_TANK__MEC,CP_Mechanical,MEC,T_Mechanical_Color.png;T_Mechanical_Normal.png;T_Mechanical_Roughness.png;T_Mechanical_Metalness.png,SurfaceAppearance,84,PROTO_TANK__MEC
B,B_E_14_P02_FANBOX__MEC,CP_Mechanical,MEC,T_Mechanical_Color.png;T_Mechanical_Normal.png;T_Mechanical_Roughness.png;T_Mechanical_Metalness.png,SurfaceAppearance,50,PROTO_FANBOX__MEC
B,B_E_14_P03_TANK__MEC,CP_Mechanical,MEC,T_Mechanical_Color.png;T_Mechanical_Normal.png;T_Mechanical_Roughness.png;T_Mechanical_Metalness.png,SurfaceAppearance,84,PROTO_TANK__MEC
B,B_E_14_P04_STACK__MEC,CP_Mechanical,MEC,T_Mechanical_Color.png;T_Mechanical_Normal.png;T_Mechanical_Roughness.png;T_Mechanical_Metalness.png,SurfaceAppearance,128,PROTO_STACK__MEC
B,B_E_14_P05_COOL__MEC,CP_Mechanical,MEC,T_Mechanical_Color.png;T_Mechanical_Normal.png;T_Mechanical_Roughness.png;T_Mechanical_Metalness.png,SurfaceAppearance,66,PROTO_COOL__MEC
B,B_E_14__CON,CP_ConcreteDark,CON,T_ConcreteDark_Color.png;T_ConcreteDark_Normal.png;T_ConcreteDark_Roughness.png;T_ConcreteDark_Metalness.png,SurfaceAppearance,46,
B,B_E_14__NEON_BLU,CP_NEON_BLU,NEON_BLU,F_NEON_BLU.png (swatch only),"Material=Neon, Color=30,95,255 (CyberpunkConfig.NeonColors)",80,
B,B_E_14__NEON_WHT,CP_NEON_WHT,NEON_WHT,F_NEON_WHT.png (swatch only),"Material=Neon, Color=215,228,255 (CyberpunkConfig.NeonColors)",72,
B,B_E_14__PNL,CP_PanelMetal,PNL,T_PanelMetal_Color.png;T_PanelMetal_Normal.png;T_PanelMetal_Roughness.png;T_PanelMetal_Metalness.png,SurfaceAppearance,4,
B,B_E_14__ROF,CP_RoofDeck,ROF,T_RoofDeck_Color.png;T_RoofDeck_Normal.png;T_RoofDeck_Roughness.png;T_RoofDeck_Metalness.png,SurfaceAppearance,6,
B,B_E_14__STL,CP_Steel,STL,T_Steel_Color.png;T_Steel_Normal.png;T_Steel_Roughness.png;T_Steel_Metalness.png,SurfaceAppearance,228,
B,B_E_14__TEC,CP_TechPanel,TEC,T_TechPanel_Color.png;T_TechPanel_Normal.png;T_TechPanel_Roughness.png;T_TechPanel_Metalness.png,SurfaceAppearance,2,
B,B_E_14__TWN,CP_TowerNight,TWN,T_TowerNight_Color.png;T_TowerNight_Normal.png;T_TowerNight_Roughness.png;T_TowerNight_Metalness.png,SurfaceAppearance,14,
B,B_E_14__WIN_WRM,CP_WIN_WRM,WIN_WRM,F_WIN_WRM.png (swatch only),"Material=Neon, Color=255,190,125 (CyberpunkConfig.NeonColors)",736,
B,B_E_15_P01_DISH__MEC,CP_Mechanical,MEC,T_Mechanical_Color.png;T_Mechanical_Normal.png;T_Mechanical_Roughness.png;T_Mechanical_Metalness.png,SurfaceAppearance,22,PROTO_DISH__MEC
B,B_E_15_P02_COOL__MEC,CP_Mechanical,MEC,T_Mechanical_Color.png;T_Mechanical_Normal.png;T_Mechanical_Roughness.png;T_Mechanical_Metalness.png,SurfaceAppearance,66,PROTO_COOL__MEC
B,B_E_15_P03_TANK__MEC,CP_Mechanical,MEC,T_Mechanical_Color.png;T_Mechanical_Normal.png;T_Mechanical_Roughness.png;T_Mechanical_Metalness.png,SurfaceAppearance,84,PROTO_TANK__MEC
B,B_E_15_P04_HVAC_S__MEC,CP_Mechanical,MEC,T_Mechanical_Color.png;T_Mechanical_Normal.png;T_Mechanical_Roughness.png;T_Mechanical_Metalness.png,SurfaceAppearance,32,PROTO_HVAC_S__MEC
B,B_E_15_P05_HVAC_S__MEC,CP_Mechanical,MEC,T_Mechanical_Color.png;T_Mechanical_Normal.png;T_Mechanical_Roughness.png;T_Mechanical_Metalness.png,SurfaceAppearance,32,PROTO_HVAC_S__MEC
B,B_E_15__CON,CP_ConcreteDark,CON,T_ConcreteDark_Color.png;T_ConcreteDark_Normal.png;T_ConcreteDark_Roughness.png;T_ConcreteDark_Metalness.png,SurfaceAppearance,46,
B,B_E_15__MEC,CP_Mechanical,MEC,T_Mechanical_Color.png;T_Mechanical_Normal.png;T_Mechanical_Roughness.png;T_Mechanical_Metalness.png,SurfaceAppearance,24,
B,B_E_15__NEON_RED,CP_NEON_RED,NEON_RED,F_NEON_RED.png (swatch only),"Material=Neon, Color=255,32,45 (CyberpunkConfig.NeonColors)",12,
B,B_E_15__NEON_WHT,CP_NEON_WHT,NEON_WHT,F_NEON_WHT.png (swatch only),"Material=Neon, Color=215,228,255 (CyberpunkConfig.NeonColors)",84,
B,B_E_15__PNL,CP_PanelMetal,PNL,T_PanelMetal_Color.png;T_PanelMetal_Normal.png;T_PanelMetal_Roughness.png;T_PanelMetal_Metalness.png,SurfaceAppearance,4,
B,B_E_15__RIB,CP_GlassRibbon,RIB,T_GlassRibbon_Color.png;T_GlassRibbon_Normal.png;T_GlassRibbon_Roughness.png;T_GlassRibbon_Metalness.png,SurfaceAppearance,2,
B,B_E_15__ROF,CP_RoofDeck,ROF,T_RoofDeck_Color.png;T_RoofDeck_Normal.png;T_RoofDeck_Roughness.png;T_RoofDeck_Metalness.png,SurfaceAppearance,6,
B,B_E_15__STL,CP_Steel,STL,T_Steel_Color.png;T_Steel_Normal.png;T_Steel_Roughness.png;T_Steel_Metalness.png,SurfaceAppearance,240,
B,B_E_15__TEC,CP_TechPanel,TEC,T_TechPanel_Color.png;T_TechPanel_Normal.png;T_TechPanel_Roughness.png;T_TechPanel_Metalness.png,SurfaceAppearance,2,
B,B_E_15__TWN,CP_TowerNight,TWN,T_TowerNight_Color.png;T_TowerNight_Normal.png;T_TowerNight_Roughness.png;T_TowerNight_Metalness.png,SurfaceAppearance,12,
B,B_E_15__WIN_COL,CP_WIN_COL,WIN_COL,F_WIN_COL.png (swatch only),"Material=Neon, Color=140,195,255 (CyberpunkConfig.NeonColors)",92,
B,B_E_15__WIN_WRM,CP_WIN_WRM,WIN_WRM,F_WIN_WRM.png (swatch only),"Material=Neon, Color=255,190,125 (CyberpunkConfig.NeonColors)",538,
B,B_E_16_P01_VENT__MEC,CP_Mechanical,MEC,T_Mechanical_Color.png;T_Mechanical_Normal.png;T_Mechanical_Roughness.png;T_Mechanical_Metalness.png,SurfaceAppearance,44,PROTO_VENT__MEC
B,B_E_16_P02_VENT__MEC,CP_Mechanical,MEC,T_Mechanical_Color.png;T_Mechanical_Normal.png;T_Mechanical_Roughness.png;T_Mechanical_Metalness.png,SurfaceAppearance,44,PROTO_VENT__MEC
B,B_E_16_P03_VENT__MEC,CP_Mechanical,MEC,T_Mechanical_Color.png;T_Mechanical_Normal.png;T_Mechanical_Roughness.png;T_Mechanical_Metalness.png,SurfaceAppearance,44,PROTO_VENT__MEC
B,B_E_16_P04_DISH__MEC,CP_Mechanical,MEC,T_Mechanical_Color.png;T_Mechanical_Normal.png;T_Mechanical_Roughness.png;T_Mechanical_Metalness.png,SurfaceAppearance,22,PROTO_DISH__MEC
B,B_E_16__CON,CP_ConcreteDark,CON,T_ConcreteDark_Color.png;T_ConcreteDark_Normal.png;T_ConcreteDark_Roughness.png;T_ConcreteDark_Metalness.png,SurfaceAppearance,6,
B,B_E_16__NEON_RED,CP_NEON_RED,NEON_RED,F_NEON_RED.png (swatch only),"Material=Neon, Color=255,32,45 (CyberpunkConfig.NeonColors)",24,
B,B_E_16__PNL,CP_PanelMetal,PNL,T_PanelMetal_Color.png;T_PanelMetal_Normal.png;T_PanelMetal_Roughness.png;T_PanelMetal_Metalness.png,SurfaceAppearance,6,
B,B_E_16__RIB,CP_GlassRibbon,RIB,T_GlassRibbon_Color.png;T_GlassRibbon_Normal.png;T_GlassRibbon_Roughness.png;T_GlassRibbon_Metalness.png,SurfaceAppearance,6,
B,B_E_16__ROF,CP_RoofDeck,ROF,T_RoofDeck_Color.png;T_RoofDeck_Normal.png;T_RoofDeck_Roughness.png;T_RoofDeck_Metalness.png,SurfaceAppearance,8,
B,B_E_16__STL,CP_Steel,STL,T_Steel_Color.png;T_Steel_Normal.png;T_Steel_Roughness.png;T_Steel_Metalness.png,SurfaceAppearance,360,
B,B_E_16__TWN,CP_TowerNight,TWN,T_TowerNight_Color.png;T_TowerNight_Normal.png;T_TowerNight_Roughness.png;T_TowerNight_Metalness.png,SurfaceAppearance,10,
B,B_E_16__WIN_WRM,CP_WIN_WRM,WIN_WRM,F_WIN_WRM.png (swatch only),"Material=Neon, Color=255,190,125 (CyberpunkConfig.NeonColors)",344,
B,B_E_17_P01_TANK__MEC,CP_Mechanical,MEC,T_Mechanical_Color.png;T_Mechanical_Normal.png;T_Mechanical_Roughness.png;T_Mechanical_Metalness.png,SurfaceAppearance,84,PROTO_TANK__MEC
B,B_E_17_P02_HVAC_S__MEC,CP_Mechanical,MEC,T_Mechanical_Color.png;T_Mechanical_Normal.png;T_Mechanical_Roughness.png;T_Mechanical_Metalness.png,SurfaceAppearance,32,PROTO_HVAC_S__MEC
B,B_E_17_P03_HVAC_L__MEC,CP_Mechanical,MEC,T_Mechanical_Color.png;T_Mechanical_Normal.png;T_Mechanical_Roughness.png;T_Mechanical_Metalness.png,SurfaceAppearance,76,PROTO_HVAC_L__MEC
B,B_E_17__CON,CP_ConcreteDark,CON,T_ConcreteDark_Color.png;T_ConcreteDark_Normal.png;T_ConcreteDark_Roughness.png;T_ConcreteDark_Metalness.png,SurfaceAppearance,46,
B,B_E_17__MEC,CP_Mechanical,MEC,T_Mechanical_Color.png;T_Mechanical_Normal.png;T_Mechanical_Roughness.png;T_Mechanical_Metalness.png,SurfaceAppearance,76,
B,B_E_17__NEON_RED,CP_NEON_RED,NEON_RED,F_NEON_RED.png (swatch only),"Material=Neon, Color=255,32,45 (CyberpunkConfig.NeonColors)",12,
B,B_E_17__PNL,CP_PanelMetal,PNL,T_PanelMetal_Color.png;T_PanelMetal_Normal.png;T_PanelMetal_Roughness.png;T_PanelMetal_Metalness.png,SurfaceAppearance,2,
B,B_E_17__RIB,CP_GlassRibbon,RIB,T_GlassRibbon_Color.png;T_GlassRibbon_Normal.png;T_GlassRibbon_Roughness.png;T_GlassRibbon_Metalness.png,SurfaceAppearance,2,
B,B_E_17__ROF,CP_RoofDeck,ROF,T_RoofDeck_Color.png;T_RoofDeck_Normal.png;T_RoofDeck_Roughness.png;T_RoofDeck_Metalness.png,SurfaceAppearance,6,
B,B_E_17__STL,CP_Steel,STL,T_Steel_Color.png;T_Steel_Normal.png;T_Steel_Roughness.png;T_Steel_Metalness.png,SurfaceAppearance,76,
B,B_E_17__TWN,CP_TowerNight,TWN,T_TowerNight_Color.png;T_TowerNight_Normal.png;T_TowerNight_Roughness.png;T_TowerNight_Metalness.png,SurfaceAppearance,6,
B,B_E_17__WIN_COL,CP_WIN_COL,WIN_COL,F_WIN_COL.png (swatch only),"Material=Neon, Color=140,195,255 (CyberpunkConfig.NeonColors)",364,
B,B_E_17__WIN_VIO,CP_WIN_VIO,WIN_VIO,F_WIN_VIO.png (swatch only),"Material=Neon, Color=170,130,255 (CyberpunkConfig.NeonColors)",68,
B,B_E_18_P01_DISH__MEC,CP_Mechanical,MEC,T_Mechanical_Color.png;T_Mechanical_Normal.png;T_Mechanical_Roughness.png;T_Mechanical_Metalness.png,SurfaceAppearance,22,PROTO_DISH__MEC
B,B_E_18_P02_COOL__MEC,CP_Mechanical,MEC,T_Mechanical_Color.png;T_Mechanical_Normal.png;T_Mechanical_Roughness.png;T_Mechanical_Metalness.png,SurfaceAppearance,66,PROTO_COOL__MEC
B,B_E_18_P03_FANBOX__MEC,CP_Mechanical,MEC,T_Mechanical_Color.png;T_Mechanical_Normal.png;T_Mechanical_Roughness.png;T_Mechanical_Metalness.png,SurfaceAppearance,50,PROTO_FANBOX__MEC
B,B_E_18_P04_TANK__MEC,CP_Mechanical,MEC,T_Mechanical_Color.png;T_Mechanical_Normal.png;T_Mechanical_Roughness.png;T_Mechanical_Metalness.png,SurfaceAppearance,84,PROTO_TANK__MEC
B,B_E_18__CON,CP_ConcreteDark,CON,T_ConcreteDark_Color.png;T_ConcreteDark_Normal.png;T_ConcreteDark_Roughness.png;T_ConcreteDark_Metalness.png,SurfaceAppearance,46,
B,B_E_18__LOU,CP_Louver,LOU,T_Louver_Color.png;T_Louver_Normal.png;T_Louver_Roughness.png;T_Louver_Metalness.png,SurfaceAppearance,2,
B,B_E_18__MEC,CP_Mechanical,MEC,T_Mechanical_Color.png;T_Mechanical_Normal.png;T_Mechanical_Roughness.png;T_Mechanical_Metalness.png,SurfaceAppearance,98,
B,B_E_18__NEON_RED,CP_NEON_RED,NEON_RED,F_NEON_RED.png (swatch only),"Material=Neon, Color=255,32,45 (CyberpunkConfig.NeonColors)",22,
B,B_E_18__ROF,CP_RoofDeck,ROF,T_RoofDeck_Color.png;T_RoofDeck_Normal.png;T_RoofDeck_Roughness.png;T_RoofDeck_Metalness.png,SurfaceAppearance,6,
B,B_E_18__STL,CP_Steel,STL,T_Steel_Color.png;T_Steel_Normal.png;T_Steel_Roughness.png;T_Steel_Metalness.png,SurfaceAppearance,12,
B,B_E_18__TWN,CP_TowerNight,TWN,T_TowerNight_Color.png;T_TowerNight_Normal.png;T_TowerNight_Roughness.png;T_TowerNight_Metalness.png,SurfaceAppearance,6,
B,B_E_18__WIN_PNK,CP_WIN_PNK,WIN_PNK,F_WIN_PNK.png (swatch only),"Material=Neon, Color=255,120,200 (CyberpunkConfig.NeonColors)",136,
B,B_E_18__WIN_VIO,CP_WIN_VIO,WIN_VIO,F_WIN_VIO.png (swatch only),"Material=Neon, Color=170,130,255 (CyberpunkConfig.NeonColors)",24,
B,B_E_19_P01_COOL__MEC,CP_Mechanical,MEC,T_Mechanical_Color.png;T_Mechanical_Normal.png;T_Mechanical_Roughness.png;T_Mechanical_Metalness.png,SurfaceAppearance,66,PROTO_COOL__MEC
B,B_E_19_P02_DISH__MEC,CP_Mechanical,MEC,T_Mechanical_Color.png;T_Mechanical_Normal.png;T_Mechanical_Roughness.png;T_Mechanical_Metalness.png,SurfaceAppearance,22,PROTO_DISH__MEC
B,B_E_19_P03_VENT__MEC,CP_Mechanical,MEC,T_Mechanical_Color.png;T_Mechanical_Normal.png;T_Mechanical_Roughness.png;T_Mechanical_Metalness.png,SurfaceAppearance,44,PROTO_VENT__MEC
B,B_E_19_P04_HVAC_S__MEC,CP_Mechanical,MEC,T_Mechanical_Color.png;T_Mechanical_Normal.png;T_Mechanical_Roughness.png;T_Mechanical_Metalness.png,SurfaceAppearance,32,PROTO_HVAC_S__MEC
B,B_E_19_P05_TANK__MEC,CP_Mechanical,MEC,T_Mechanical_Color.png;T_Mechanical_Normal.png;T_Mechanical_Roughness.png;T_Mechanical_Metalness.png,SurfaceAppearance,84,PROTO_TANK__MEC
B,B_E_19_P06_TANK__MEC,CP_Mechanical,MEC,T_Mechanical_Color.png;T_Mechanical_Normal.png;T_Mechanical_Roughness.png;T_Mechanical_Metalness.png,SurfaceAppearance,84,PROTO_TANK__MEC
B,B_E_19_P07_VENT__MEC,CP_Mechanical,MEC,T_Mechanical_Color.png;T_Mechanical_Normal.png;T_Mechanical_Roughness.png;T_Mechanical_Metalness.png,SurfaceAppearance,44,PROTO_VENT__MEC
B,B_E_19__CON,CP_ConcreteDark,CON,T_ConcreteDark_Color.png;T_ConcreteDark_Normal.png;T_ConcreteDark_Roughness.png;T_ConcreteDark_Metalness.png,SurfaceAppearance,46,
B,B_E_19__LOU,CP_Louver,LOU,T_Louver_Color.png;T_Louver_Normal.png;T_Louver_Roughness.png;T_Louver_Metalness.png,SurfaceAppearance,4,
B,B_E_19__MEC,CP_Mechanical,MEC,T_Mechanical_Color.png;T_Mechanical_Normal.png;T_Mechanical_Roughness.png;T_Mechanical_Metalness.png,SurfaceAppearance,108,
B,B_E_19__NEON_CYN,CP_NEON_CYN,NEON_CYN,F_NEON_CYN.png (swatch only),"Material=Neon, Color=0,230,255 (CyberpunkConfig.NeonColors)",50,
B,B_E_19__NEON_RED,CP_NEON_RED,NEON_RED,F_NEON_RED.png (swatch only),"Material=Neon, Color=255,32,45 (CyberpunkConfig.NeonColors)",12,
B,B_E_19__PNL,CP_PanelMetal,PNL,T_PanelMetal_Color.png;T_PanelMetal_Normal.png;T_PanelMetal_Roughness.png;T_PanelMetal_Metalness.png,SurfaceAppearance,2,
B,B_E_19__ROF,CP_RoofDeck,ROF,T_RoofDeck_Color.png;T_RoofDeck_Normal.png;T_RoofDeck_Roughness.png;T_RoofDeck_Metalness.png,SurfaceAppearance,8,
B,B_E_19__STL,CP_Steel,STL,T_Steel_Color.png;T_Steel_Normal.png;T_Steel_Roughness.png;T_Steel_Metalness.png,SurfaceAppearance,76,
B,B_E_19__TWN,CP_TowerNight,TWN,T_TowerNight_Color.png;T_TowerNight_Normal.png;T_TowerNight_Roughness.png;T_TowerNight_Metalness.png,SurfaceAppearance,12,
B,B_E_19__WIN_PNK,CP_WIN_PNK,WIN_PNK,F_WIN_PNK.png (swatch only),"Material=Neon, Color=255,120,200 (CyberpunkConfig.NeonColors)",28,
B,B_E_19__WIN_WRM,CP_WIN_WRM,WIN_WRM,F_WIN_WRM.png (swatch only),"Material=Neon, Color=255,190,125 (CyberpunkConfig.NeonColors)",164,
B,B_E_20_P01_TANK__MEC,CP_Mechanical,MEC,T_Mechanical_Color.png;T_Mechanical_Normal.png;T_Mechanical_Roughness.png;T_Mechanical_Metalness.png,SurfaceAppearance,84,PROTO_TANK__MEC
B,B_E_20_P02_STACK__MEC,CP_Mechanical,MEC,T_Mechanical_Color.png;T_Mechanical_Normal.png;T_Mechanical_Roughness.png;T_Mechanical_Metalness.png,SurfaceAppearance,128,PROTO_STACK__MEC
B,B_E_20_P03_COOL__MEC,CP_Mechanical,MEC,T_Mechanical_Color.png;T_Mechanical_Normal.png;T_Mechanical_Roughness.png;T_Mechanical_Metalness.png,SurfaceAppearance,66,PROTO_COOL__MEC
B,B_E_20__CON,CP_ConcreteDark,CON,T_ConcreteDark_Color.png;T_ConcreteDark_Normal.png;T_ConcreteDark_Roughness.png;T_ConcreteDark_Metalness.png,SurfaceAppearance,6,
B,B_E_20__GLS,CP_GlassCurtain,GLS,T_GlassCurtain_Color.png;T_GlassCurtain_Normal.png;T_GlassCurtain_Roughness.png;T_GlassCurtain_Metalness.png,SurfaceAppearance (Color/Normal/Roughness/Metalness),2,
B,B_E_20__NEON_BLU,CP_NEON_BLU,NEON_BLU,F_NEON_BLU.png (swatch only),"Material=Neon, Color=30,95,255 (CyberpunkConfig.NeonColors)",26,
B,B_E_20__PNL,CP_PanelMetal,PNL,T_PanelMetal_Color.png;T_PanelMetal_Normal.png;T_PanelMetal_Roughness.png;T_PanelMetal_Metalness.png,SurfaceAppearance,6,
B,B_E_20__ROF,CP_RoofDeck,ROF,T_RoofDeck_Color.png;T_RoofDeck_Normal.png;T_RoofDeck_Roughness.png;T_RoofDeck_Metalness.png,SurfaceAppearance,6,
B,B_E_20__STL,CP_Steel,STL,T_Steel_Color.png;T_Steel_Normal.png;T_Steel_Roughness.png;T_Steel_Metalness.png,SurfaceAppearance,12,
B,B_E_20__TEC,CP_TechPanel,TEC,T_TechPanel_Color.png;T_TechPanel_Normal.png;T_TechPanel_Roughness.png;T_TechPanel_Metalness.png,SurfaceAppearance,2,
B,B_E_20__TWN,CP_TowerNight,TWN,T_TowerNight_Color.png;T_TowerNight_Normal.png;T_TowerNight_Roughness.png;T_TowerNight_Metalness.png,SurfaceAppearance,12,
B,B_E_20__WIN_COL,CP_WIN_COL,WIN_COL,F_WIN_COL.png (swatch only),"Material=Neon, Color=140,195,255 (CyberpunkConfig.NeonColors)",182,
B,B_E_20__WIN_VIO,CP_WIN_VIO,WIN_VIO,F_WIN_VIO.png (swatch only),"Material=Neon, Color=170,130,255 (CyberpunkConfig.NeonColors)",34,
B,B_E_21_P01_TANK__MEC,CP_Mechanical,MEC,T_Mechanical_Color.png;T_Mechanical_Normal.png;T_Mechanical_Roughness.png;T_Mechanical_Metalness.png,SurfaceAppearance,84,PROTO_TANK__MEC
B,B_E_21_P02_HVAC_S__MEC,CP_Mechanical,MEC,T_Mechanical_Color.png;T_Mechanical_Normal.png;T_Mechanical_Roughness.png;T_Mechanical_Metalness.png,SurfaceAppearance,32,PROTO_HVAC_S__MEC
B,B_E_21_P03_HVAC_S__MEC,CP_Mechanical,MEC,T_Mechanical_Color.png;T_Mechanical_Normal.png;T_Mechanical_Roughness.png;T_Mechanical_Metalness.png,SurfaceAppearance,32,PROTO_HVAC_S__MEC
B,B_E_21__CON,CP_ConcreteDark,CON,T_ConcreteDark_Color.png;T_ConcreteDark_Normal.png;T_ConcreteDark_Roughness.png;T_ConcreteDark_Metalness.png,SurfaceAppearance,16,
B,B_E_21__NEON_VIO,CP_NEON_VIO,NEON_VIO,F_NEON_VIO.png (swatch only),"Material=Neon, Color=150,45,255 (CyberpunkConfig.NeonColors)",10,
B,B_E_21__NEON_WHT,CP_NEON_WHT,NEON_WHT,F_NEON_WHT.png (swatch only),"Material=Neon, Color=215,228,255 (CyberpunkConfig.NeonColors)",80,
B,B_E_21__ROF,CP_RoofDeck,ROF,T_RoofDeck_Color.png;T_RoofDeck_Normal.png;T_RoofDeck_Roughness.png;T_RoofDeck_Metalness.png,SurfaceAppearance,14,
B,B_E_21__STL,CP_Steel,STL,T_Steel_Color.png;T_Steel_Normal.png;T_Steel_Roughness.png;T_Steel_Metalness.png,SurfaceAppearance,70,
B,B_E_21__TWN,CP_TowerNight,TWN,T_TowerNight_Color.png;T_TowerNight_Normal.png;T_TowerNight_Roughness.png;T_TowerNight_Metalness.png,SurfaceAppearance,16,
B,B_E_21__WIN_WRM,CP_WIN_WRM,WIN_WRM,F_WIN_WRM.png (swatch only),"Material=Neon, Color=255,190,125 (CyberpunkConfig.NeonColors)",284,
B,B_E_22_P01_VENT__MEC,CP_Mechanical,MEC,T_Mechanical_Color.png;T_Mechanical_Normal.png;T_Mechanical_Roughness.png;T_Mechanical_Metalness.png,SurfaceAppearance,44,PROTO_VENT__MEC
B,B_E_22_P02_HVAC_S__MEC,CP_Mechanical,MEC,T_Mechanical_Color.png;T_Mechanical_Normal.png;T_Mechanical_Roughness.png;T_Mechanical_Metalness.png,SurfaceAppearance,32,PROTO_HVAC_S__MEC
B,B_E_22_P03_GEN__MEC,CP_Mechanical,MEC,T_Mechanical_Color.png;T_Mechanical_Normal.png;T_Mechanical_Roughness.png;T_Mechanical_Metalness.png,SurfaceAppearance,70,PROTO_GEN__MEC
B,B_E_22_P04_HVAC_S__MEC,CP_Mechanical,MEC,T_Mechanical_Color.png;T_Mechanical_Normal.png;T_Mechanical_Roughness.png;T_Mechanical_Metalness.png,SurfaceAppearance,32,PROTO_HVAC_S__MEC
B,B_E_22_P05_HVAC_S__MEC,CP_Mechanical,MEC,T_Mechanical_Color.png;T_Mechanical_Normal.png;T_Mechanical_Roughness.png;T_Mechanical_Metalness.png,SurfaceAppearance,32,PROTO_HVAC_S__MEC
B,B_E_22_P06_VENT__MEC,CP_Mechanical,MEC,T_Mechanical_Color.png;T_Mechanical_Normal.png;T_Mechanical_Roughness.png;T_Mechanical_Metalness.png,SurfaceAppearance,44,PROTO_VENT__MEC
B,B_E_22_P07_STACK__MEC,CP_Mechanical,MEC,T_Mechanical_Color.png;T_Mechanical_Normal.png;T_Mechanical_Roughness.png;T_Mechanical_Metalness.png,SurfaceAppearance,128,PROTO_STACK__MEC
B,B_E_22_P08_STACK__MEC,CP_Mechanical,MEC,T_Mechanical_Color.png;T_Mechanical_Normal.png;T_Mechanical_Roughness.png;T_Mechanical_Metalness.png,SurfaceAppearance,128,PROTO_STACK__MEC
B,B_E_22__CON,CP_ConcreteDark,CON,T_ConcreteDark_Color.png;T_ConcreteDark_Normal.png;T_ConcreteDark_Roughness.png;T_ConcreteDark_Metalness.png,SurfaceAppearance,6,
B,B_E_22__MEC,CP_Mechanical,MEC,T_Mechanical_Color.png;T_Mechanical_Normal.png;T_Mechanical_Roughness.png;T_Mechanical_Metalness.png,SurfaceAppearance,10,
B,B_E_22__NEON_CYN,CP_NEON_CYN,NEON_CYN,F_NEON_CYN.png (swatch only),"Material=Neon, Color=0,230,255 (CyberpunkConfig.NeonColors)",20,
B,B_E_22__NEON_MAG,CP_NEON_MAG,NEON_MAG,F_NEON_MAG.png (swatch only),"Material=Neon, Color=255,25,175 (CyberpunkConfig.NeonColors)",10,
B,B_E_22__NEON_RED,CP_NEON_RED,NEON_RED,F_NEON_RED.png (swatch only),"Material=Neon, Color=255,32,45 (CyberpunkConfig.NeonColors)",24,
B,B_E_22__ROF,CP_RoofDeck,ROF,T_RoofDeck_Color.png;T_RoofDeck_Normal.png;T_RoofDeck_Roughness.png;T_RoofDeck_Metalness.png,SurfaceAppearance,10,
B,B_E_22__STL,CP_Steel,STL,T_Steel_Color.png;T_Steel_Normal.png;T_Steel_Roughness.png;T_Steel_Metalness.png,SurfaceAppearance,280,
B,B_E_22__TEC,CP_TechPanel,TEC,T_TechPanel_Color.png;T_TechPanel_Normal.png;T_TechPanel_Roughness.png;T_TechPanel_Metalness.png,SurfaceAppearance,8,
B,B_E_22__TWN,CP_TowerNight,TWN,T_TowerNight_Color.png;T_TowerNight_Normal.png;T_TowerNight_Roughness.png;T_TowerNight_Metalness.png,SurfaceAppearance,16,
B,B_E_22__WIN_COL,CP_WIN_COL,WIN_COL,F_WIN_COL.png (swatch only),"Material=Neon, Color=140,195,255 (CyberpunkConfig.NeonColors)",26,
B,B_E_22__WIN_WRM,CP_WIN_WRM,WIN_WRM,F_WIN_WRM.png (swatch only),"Material=Neon, Color=255,190,125 (CyberpunkConfig.NeonColors)",78,
B,B_E_23_P01_GEN__MEC,CP_Mechanical,MEC,T_Mechanical_Color.png;T_Mechanical_Normal.png;T_Mechanical_Roughness.png;T_Mechanical_Metalness.png,SurfaceAppearance,70,PROTO_GEN__MEC
B,B_E_23_P02_GEN__MEC,CP_Mechanical,MEC,T_Mechanical_Color.png;T_Mechanical_Normal.png;T_Mechanical_Roughness.png;T_Mechanical_Metalness.png,SurfaceAppearance,70,PROTO_GEN__MEC
B,B_E_23_P03_STACK__MEC,CP_Mechanical,MEC,T_Mechanical_Color.png;T_Mechanical_Normal.png;T_Mechanical_Roughness.png;T_Mechanical_Metalness.png,SurfaceAppearance,128,PROTO_STACK__MEC
B,B_E_23_P04_COOL__MEC,CP_Mechanical,MEC,T_Mechanical_Color.png;T_Mechanical_Normal.png;T_Mechanical_Roughness.png;T_Mechanical_Metalness.png,SurfaceAppearance,66,PROTO_COOL__MEC
B,B_E_23__CON,CP_ConcreteDark,CON,T_ConcreteDark_Color.png;T_ConcreteDark_Normal.png;T_ConcreteDark_Roughness.png;T_ConcreteDark_Metalness.png,SurfaceAppearance,6,
B,B_E_23__LOU,CP_Louver,LOU,T_Louver_Color.png;T_Louver_Normal.png;T_Louver_Roughness.png;T_Louver_Metalness.png,SurfaceAppearance,6,
B,B_E_23__NEON_CYN,CP_NEON_CYN,NEON_CYN,F_NEON_CYN.png (swatch only),"Material=Neon, Color=0,230,255 (CyberpunkConfig.NeonColors)",40,
B,B_E_23__NEON_MAG,CP_NEON_MAG,NEON_MAG,F_NEON_MAG.png (swatch only),"Material=Neon, Color=255,25,175 (CyberpunkConfig.NeonColors)",10,
B,B_E_23__ROF,CP_RoofDeck,ROF,T_RoofDeck_Color.png;T_RoofDeck_Normal.png;T_RoofDeck_Roughness.png;T_RoofDeck_Metalness.png,SurfaceAppearance,8,
B,B_E_23__STL,CP_Steel,STL,T_Steel_Color.png;T_Steel_Normal.png;T_Steel_Roughness.png;T_Steel_Metalness.png,SurfaceAppearance,184,
B,B_E_23__TWN,CP_TowerNight,TWN,T_TowerNight_Color.png;T_TowerNight_Normal.png;T_TowerNight_Roughness.png;T_TowerNight_Metalness.png,SurfaceAppearance,10,
B,B_E_23__WIN_COL,CP_WIN_COL,WIN_COL,F_WIN_COL.png (swatch only),"Material=Neon, Color=140,195,255 (CyberpunkConfig.NeonColors)",148,
B,B_E_23__WIN_PNK,CP_WIN_PNK,WIN_PNK,F_WIN_PNK.png (swatch only),"Material=Neon, Color=255,120,200 (CyberpunkConfig.NeonColors)",14,
B,B_Mega_01__GLS,CP_GlassCurtain,GLS,T_GlassCurtain_Color.png;T_GlassCurtain_Normal.png;T_GlassCurtain_Roughness.png;T_GlassCurtain_Metalness.png,SurfaceAppearance (Color/Normal/Roughness/Metalness),64,
B,B_Mega_01__NEON_MAG,CP_NEON_MAG,NEON_MAG,F_NEON_MAG.png (swatch only),"Material=Neon, Color=255,25,175 (CyberpunkConfig.NeonColors)",680,
B,B_Mega_01__NEON_RED,CP_NEON_RED,NEON_RED,F_NEON_RED.png (swatch only),"Material=Neon, Color=255,32,45 (CyberpunkConfig.NeonColors)",732,
B,B_Mega_01__PNL,CP_PanelMetal,PNL,T_PanelMetal_Color.png;T_PanelMetal_Normal.png;T_PanelMetal_Roughness.png;T_PanelMetal_Metalness.png,SurfaceAppearance,146,
B,B_Mega_01__ROF,CP_RoofDeck,ROF,T_RoofDeck_Color.png;T_RoofDeck_Normal.png;T_RoofDeck_Roughness.png;T_RoofDeck_Metalness.png,SurfaceAppearance,100,
B,B_Mega_01__STL,CP_Steel,STL,T_Steel_Color.png;T_Steel_Normal.png;T_Steel_Roughness.png;T_Steel_Metalness.png,SurfaceAppearance,512,
B,B_Mega_01__TEC,CP_TechPanel,TEC,T_TechPanel_Color.png;T_TechPanel_Normal.png;T_TechPanel_Roughness.png;T_TechPanel_Metalness.png,SurfaceAppearance,24,
B,B_Mega_01__TWN,CP_TowerNight,TWN,T_TowerNight_Color.png;T_TowerNight_Normal.png;T_TowerNight_Roughness.png;T_TowerNight_Metalness.png,SurfaceAppearance,96,
B,B_Mega_01__WIN_COL,CP_WIN_COL,WIN_COL,F_WIN_COL.png (swatch only),"Material=Neon, Color=140,195,255 (CyberpunkConfig.NeonColors)",32,
B,B_Mega_01__WIN_VIO,CP_WIN_VIO,WIN_VIO,F_WIN_VIO.png (swatch only),"Material=Neon, Color=170,130,255 (CyberpunkConfig.NeonColors)",104,
B,B_Mega_01__WIN_WRM,CP_WIN_WRM,WIN_WRM,F_WIN_WRM.png (swatch only),"Material=Neon, Color=255,190,125 (CyberpunkConfig.NeonColors)",396,
B,B_Mega_02__GLS,CP_GlassCurtain,GLS,T_GlassCurtain_Color.png;T_GlassCurtain_Normal.png;T_GlassCurtain_Roughness.png;T_GlassCurtain_Metalness.png,SurfaceAppearance (Color/Normal/Roughness/Metalness),32,
B,B_Mega_02__NEON_CYN,CP_NEON_CYN,NEON_CYN,F_NEON_CYN.png (swatch only),"Material=Neon, Color=0,230,255 (CyberpunkConfig.NeonColors)",600,
B,B_Mega_02__NEON_MAG,CP_NEON_MAG,NEON_MAG,F_NEON_MAG.png (swatch only),"Material=Neon, Color=255,25,175 (CyberpunkConfig.NeonColors)",600,
B,B_Mega_02__NEON_RED,CP_NEON_RED,NEON_RED,F_NEON_RED.png (swatch only),"Material=Neon, Color=255,32,45 (CyberpunkConfig.NeonColors)",12,
B,B_Mega_02__PNL,CP_PanelMetal,PNL,T_PanelMetal_Color.png;T_PanelMetal_Normal.png;T_PanelMetal_Roughness.png;T_PanelMetal_Metalness.png,SurfaceAppearance,178,
B,B_Mega_02__ROF,CP_RoofDeck,ROF,T_RoofDeck_Color.png;T_RoofDeck_Normal.png;T_RoofDeck_Roughness.png;T_RoofDeck_Metalness.png,SurfaceAppearance,60,
B,B_Mega_02__STL,CP_Steel,STL,T_Steel_Color.png;T_Steel_Normal.png;T_Steel_Roughness.png;T_Steel_Metalness.png,SurfaceAppearance,304,
B,B_Mega_02__TEC,CP_TechPanel,TEC,T_TechPanel_Color.png;T_TechPanel_Normal.png;T_TechPanel_Roughness.png;T_TechPanel_Metalness.png,SurfaceAppearance,24,
B,B_Mega_02__TWN,CP_TowerNight,TWN,T_TowerNight_Color.png;T_TowerNight_Normal.png;T_TowerNight_Roughness.png;T_TowerNight_Metalness.png,SurfaceAppearance,48,
B,B_Mega_02__WIN_COL,CP_WIN_COL,WIN_COL,F_WIN_COL.png (swatch only),"Material=Neon, Color=140,195,255 (CyberpunkConfig.NeonColors)",424,
B,B_Mega_02__WIN_PNK,CP_WIN_PNK,WIN_PNK,F_WIN_PNK.png (swatch only),"Material=Neon, Color=255,120,200 (CyberpunkConfig.NeonColors)",68,
B,B_Mega_02__WIN_VIO,CP_WIN_VIO,WIN_VIO,F_WIN_VIO.png (swatch only),"Material=Neon, Color=170,130,255 (CyberpunkConfig.NeonColors)",16,
B,B_Mega_03__GLS,CP_GlassCurtain,GLS,T_GlassCurtain_Color.png;T_GlassCurtain_Normal.png;T_GlassCurtain_Roughness.png;T_GlassCurtain_Metalness.png,SurfaceAppearance (Color/Normal/Roughness/Metalness),96,
B,B_Mega_03__NEON_BLU,CP_NEON_BLU,NEON_BLU,F_NEON_BLU.png (swatch only),"Material=Neon, Color=30,95,255 (CyberpunkConfig.NeonColors)",720,
B,B_Mega_03__NEON_CYN,CP_NEON_CYN,NEON_CYN,F_NEON_CYN.png (swatch only),"Material=Neon, Color=0,230,255 (CyberpunkConfig.NeonColors)",880,
B,B_Mega_03__NEON_RED,CP_NEON_RED,NEON_RED,F_NEON_RED.png (swatch only),"Material=Neon, Color=255,32,45 (CyberpunkConfig.NeonColors)",12,
B,B_Mega_03__PNL,CP_PanelMetal,PNL,T_PanelMetal_Color.png;T_PanelMetal_Normal.png;T_PanelMetal_Roughness.png;T_PanelMetal_Metalness.png,SurfaceAppearance,178,
B,B_Mega_03__ROF,CP_RoofDeck,ROF,T_RoofDeck_Color.png;T_RoofDeck_Normal.png;T_RoofDeck_Roughness.png;T_RoofDeck_Metalness.png,SurfaceAppearance,128,
B,B_Mega_03__STL,CP_Steel,STL,T_Steel_Color.png;T_Steel_Normal.png;T_Steel_Roughness.png;T_Steel_Metalness.png,SurfaceAppearance,718,
B,B_Mega_03__TEC,CP_TechPanel,TEC,T_TechPanel_Color.png;T_TechPanel_Normal.png;T_TechPanel_Roughness.png;T_TechPanel_Metalness.png,SurfaceAppearance,24,
B,B_Mega_03__TWN,CP_TowerNight,TWN,T_TowerNight_Color.png;T_TowerNight_Normal.png;T_TowerNight_Roughness.png;T_TowerNight_Metalness.png,SurfaceAppearance,128,
B,B_Mega_03__WIN_COL,CP_WIN_COL,WIN_COL,F_WIN_COL.png (swatch only),"Material=Neon, Color=140,195,255 (CyberpunkConfig.NeonColors)",140,
B,B_Mega_03__WIN_VIO,CP_WIN_VIO,WIN_VIO,F_WIN_VIO.png (swatch only),"Material=Neon, Color=170,130,255 (CyberpunkConfig.NeonColors)",32,
B,B_Mega_03__WIN_WRM,CP_WIN_WRM,WIN_WRM,F_WIN_WRM.png (swatch only),"Material=Neon, Color=255,190,125 (CyberpunkConfig.NeonColors)",558,
B,B_Mega_04__GLS,CP_GlassCurtain,GLS,T_GlassCurtain_Color.png;T_GlassCurtain_Normal.png;T_GlassCurtain_Roughness.png;T_GlassCurtain_Metalness.png,SurfaceAppearance (Color/Normal/Roughness/Metalness),32,
B,B_Mega_04__NEON_MAG,CP_NEON_MAG,NEON_MAG,F_NEON_MAG.png (swatch only),"Material=Neon, Color=255,25,175 (CyberpunkConfig.NeonColors)",600,
B,B_Mega_04__NEON_RED,CP_NEON_RED,NEON_RED,F_NEON_RED.png (swatch only),"Material=Neon, Color=255,32,45 (CyberpunkConfig.NeonColors)",692,
B,B_Mega_04__PNL,CP_PanelMetal,PNL,T_PanelMetal_Color.png;T_PanelMetal_Normal.png;T_PanelMetal_Roughness.png;T_PanelMetal_Metalness.png,SurfaceAppearance,242,
B,B_Mega_04__ROF,CP_RoofDeck,ROF,T_RoofDeck_Color.png;T_RoofDeck_Normal.png;T_RoofDeck_Roughness.png;T_RoofDeck_Metalness.png,SurfaceAppearance,60,
B,B_Mega_04__STL,CP_Steel,STL,T_Steel_Color.png;T_Steel_Normal.png;T_Steel_Roughness.png;T_Steel_Metalness.png,SurfaceAppearance,304,
B,B_Mega_04__TEC,CP_TechPanel,TEC,T_TechPanel_Color.png;T_TechPanel_Normal.png;T_TechPanel_Roughness.png;T_TechPanel_Metalness.png,SurfaceAppearance,24,
B,B_Mega_04__TWN,CP_TowerNight,TWN,T_TowerNight_Color.png;T_TowerNight_Normal.png;T_TowerNight_Roughness.png;T_TowerNight_Metalness.png,SurfaceAppearance,48,
B,B_Mega_04__WIN_COL,CP_WIN_COL,WIN_COL,F_WIN_COL.png (swatch only),"Material=Neon, Color=140,195,255 (CyberpunkConfig.NeonColors)",16,
B,B_Mega_04__WIN_VIO,CP_WIN_VIO,WIN_VIO,F_WIN_VIO.png (swatch only),"Material=Neon, Color=170,130,255 (CyberpunkConfig.NeonColors)",60,
B,B_Mega_04__WIN_WRM,CP_WIN_WRM,WIN_WRM,F_WIN_WRM.png (swatch only),"Material=Neon, Color=255,190,125 (CyberpunkConfig.NeonColors)",258,
B,B_Mega_05__GLS,CP_GlassCurtain,GLS,T_GlassCurtain_Color.png;T_GlassCurtain_Normal.png;T_GlassCurtain_Roughness.png;T_GlassCurtain_Metalness.png,SurfaceAppearance (Color/Normal/Roughness/Metalness),96,
B,B_Mega_05__NEON_CYN,CP_NEON_CYN,NEON_CYN,F_NEON_CYN.png (swatch only),"Material=Neon, Color=0,230,255 (CyberpunkConfig.NeonColors)",880,
B,B_Mega_05__NEON_RED,CP_NEON_RED,NEON_RED,F_NEON_RED.png (swatch only),"Material=Neon, Color=255,32,45 (CyberpunkConfig.NeonColors)",12,
B,B_Mega_05__NEON_VIO,CP_NEON_VIO,NEON_VIO,F_NEON_VIO.png (swatch only),"Material=Neon, Color=150,45,255 (CyberpunkConfig.NeonColors)",720,
B,B_Mega_05__PNL,CP_PanelMetal,PNL,T_PanelMetal_Color.png;T_PanelMetal_Normal.png;T_PanelMetal_Roughness.png;T_PanelMetal_Metalness.png,SurfaceAppearance,178,
B,B_Mega_05__ROF,CP_RoofDeck,ROF,T_RoofDeck_Color.png;T_RoofDeck_Normal.png;T_RoofDeck_Roughness.png;T_RoofDeck_Metalness.png,SurfaceAppearance,128,
B,B_Mega_05__STL,CP_Steel,STL,T_Steel_Color.png;T_Steel_Normal.png;T_Steel_Roughness.png;T_Steel_Metalness.png,SurfaceAppearance,718,
B,B_Mega_05__TEC,CP_TechPanel,TEC,T_TechPanel_Color.png;T_TechPanel_Normal.png;T_TechPanel_Roughness.png;T_TechPanel_Metalness.png,SurfaceAppearance,24,
B,B_Mega_05__TWN,CP_TowerNight,TWN,T_TowerNight_Color.png;T_TowerNight_Normal.png;T_TowerNight_Roughness.png;T_TowerNight_Metalness.png,SurfaceAppearance,128,
B,B_Mega_05__WIN_COL,CP_WIN_COL,WIN_COL,F_WIN_COL.png (swatch only),"Material=Neon, Color=140,195,255 (CyberpunkConfig.NeonColors)",534,
B,B_Mega_05__WIN_PNK,CP_WIN_PNK,WIN_PNK,F_WIN_PNK.png (swatch only),"Material=Neon, Color=255,120,200 (CyberpunkConfig.NeonColors)",78,
B,B_Mega_05__WIN_VIO,CP_WIN_VIO,WIN_VIO,F_WIN_VIO.png (swatch only),"Material=Neon, Color=170,130,255 (CyberpunkConfig.NeonColors)",32,
B,B_Mega_06__GLS,CP_GlassCurtain,GLS,T_GlassCurtain_Color.png;T_GlassCurtain_Normal.png;T_GlassCurtain_Roughness.png;T_GlassCurtain_Metalness.png,SurfaceAppearance (Color/Normal/Roughness/Metalness),32,
B,B_Mega_06__NEON_CYN,CP_NEON_CYN,NEON_CYN,F_NEON_CYN.png (swatch only),"Material=Neon, Color=0,230,255 (CyberpunkConfig.NeonColors)",600,
B,B_Mega_06__NEON_RED,CP_NEON_RED,NEON_RED,F_NEON_RED.png (swatch only),"Material=Neon, Color=255,32,45 (CyberpunkConfig.NeonColors)",12,
B,B_Mega_06__NEON_VIO,CP_NEON_VIO,NEON_VIO,F_NEON_VIO.png (swatch only),"Material=Neon, Color=150,45,255 (CyberpunkConfig.NeonColors)",680,
B,B_Mega_06__PNL,CP_PanelMetal,PNL,T_PanelMetal_Color.png;T_PanelMetal_Normal.png;T_PanelMetal_Roughness.png;T_PanelMetal_Metalness.png,SurfaceAppearance,242,
B,B_Mega_06__ROF,CP_RoofDeck,ROF,T_RoofDeck_Color.png;T_RoofDeck_Normal.png;T_RoofDeck_Roughness.png;T_RoofDeck_Metalness.png,SurfaceAppearance,60,
B,B_Mega_06__STL,CP_Steel,STL,T_Steel_Color.png;T_Steel_Normal.png;T_Steel_Roughness.png;T_Steel_Metalness.png,SurfaceAppearance,304,
B,B_Mega_06__TEC,CP_TechPanel,TEC,T_TechPanel_Color.png;T_TechPanel_Normal.png;T_TechPanel_Roughness.png;T_TechPanel_Metalness.png,SurfaceAppearance,24,
B,B_Mega_06__TWN,CP_TowerNight,TWN,T_TowerNight_Color.png;T_TowerNight_Normal.png;T_TowerNight_Roughness.png;T_TowerNight_Metalness.png,SurfaceAppearance,48,
B,B_Mega_06__WIN_COL,CP_WIN_COL,WIN_COL,F_WIN_COL.png (swatch only),"Material=Neon, Color=140,195,255 (CyberpunkConfig.NeonColors)",480,
B,B_Mega_06__WIN_PNK,CP_WIN_PNK,WIN_PNK,F_WIN_PNK.png (swatch only),"Material=Neon, Color=255,120,200 (CyberpunkConfig.NeonColors)",100,
B,B_Mega_06__WIN_VIO,CP_WIN_VIO,WIN_VIO,F_WIN_VIO.png (swatch only),"Material=Neon, Color=170,130,255 (CyberpunkConfig.NeonColors)",16,
B,B_Mega_07__GLS,CP_GlassCurtain,GLS,T_GlassCurtain_Color.png;T_GlassCurtain_Normal.png;T_GlassCurtain_Roughness.png;T_GlassCurtain_Metalness.png,SurfaceAppearance (Color/Normal/Roughness/Metalness),64,
B,B_Mega_07__NEON_BLU,CP_NEON_BLU,NEON_BLU,F_NEON_BLU.png (swatch only),"Material=Neon, Color=30,95,255 (CyberpunkConfig.NeonColors)",720,
B,B_Mega_07__NEON_CYN,CP_NEON_CYN,NEON_CYN,F_NEON_CYN.png (swatch only),"Material=Neon, Color=0,230,255 (CyberpunkConfig.NeonColors)",680,
B,B_Mega_07__NEON_RED,CP_NEON_RED,NEON_RED,F_NEON_RED.png (swatch only),"Material=Neon, Color=255,32,45 (CyberpunkConfig.NeonColors)",12,
B,B_Mega_07__PNL,CP_PanelMetal,PNL,T_PanelMetal_Color.png;T_PanelMetal_Normal.png;T_PanelMetal_Roughness.png;T_PanelMetal_Metalness.png,SurfaceAppearance,146,
B,B_Mega_07__ROF,CP_RoofDeck,ROF,T_RoofDeck_Color.png;T_RoofDeck_Normal.png;T_RoofDeck_Roughness.png;T_RoofDeck_Metalness.png,SurfaceAppearance,100,
B,B_Mega_07__STL,CP_Steel,STL,T_Steel_Color.png;T_Steel_Normal.png;T_Steel_Roughness.png;T_Steel_Metalness.png,SurfaceAppearance,512,
B,B_Mega_07__TEC,CP_TechPanel,TEC,T_TechPanel_Color.png;T_TechPanel_Normal.png;T_TechPanel_Roughness.png;T_TechPanel_Metalness.png,SurfaceAppearance,24,
B,B_Mega_07__TWN,CP_TowerNight,TWN,T_TowerNight_Color.png;T_TowerNight_Normal.png;T_TowerNight_Roughness.png;T_TowerNight_Metalness.png,SurfaceAppearance,96,
B,B_Mega_07__WIN_COL,CP_WIN_COL,WIN_COL,F_WIN_COL.png (swatch only),"Material=Neon, Color=140,195,255 (CyberpunkConfig.NeonColors)",128,
B,B_Mega_07__WIN_VIO,CP_WIN_VIO,WIN_VIO,F_WIN_VIO.png (swatch only),"Material=Neon, Color=170,130,255 (CyberpunkConfig.NeonColors)",32,
B,B_Mega_07__WIN_WRM,CP_WIN_WRM,WIN_WRM,F_WIN_WRM.png (swatch only),"Material=Neon, Color=255,190,125 (CyberpunkConfig.NeonColors)",468,
B,B_Mega_08__GLS,CP_GlassCurtain,GLS,T_GlassCurtain_Color.png;T_GlassCurtain_Normal.png;T_GlassCurtain_Roughness.png;T_GlassCurtain_Metalness.png,SurfaceAppearance (Color/Normal/Roughness/Metalness),32,
B,B_Mega_08__NEON_CYN,CP_NEON_CYN,NEON_CYN,F_NEON_CYN.png (swatch only),"Material=Neon, Color=0,230,255 (CyberpunkConfig.NeonColors)",600,
B,B_Mega_08__NEON_RED,CP_NEON_RED,NEON_RED,F_NEON_RED.png (swatch only),"Material=Neon, Color=255,32,45 (CyberpunkConfig.NeonColors)",12,
B,B_Mega_08__NEON_VIO,CP_NEON_VIO,NEON_VIO,F_NEON_VIO.png (swatch only),"Material=Neon, Color=150,45,255 (CyberpunkConfig.NeonColors)",600,
B,B_Mega_08__PNL,CP_PanelMetal,PNL,T_PanelMetal_Color.png;T_PanelMetal_Normal.png;T_PanelMetal_Roughness.png;T_PanelMetal_Metalness.png,SurfaceAppearance,178,
B,B_Mega_08__ROF,CP_RoofDeck,ROF,T_RoofDeck_Color.png;T_RoofDeck_Normal.png;T_RoofDeck_Roughness.png;T_RoofDeck_Metalness.png,SurfaceAppearance,60,
B,B_Mega_08__STL,CP_Steel,STL,T_Steel_Color.png;T_Steel_Normal.png;T_Steel_Roughness.png;T_Steel_Metalness.png,SurfaceAppearance,304,
B,B_Mega_08__TEC,CP_TechPanel,TEC,T_TechPanel_Color.png;T_TechPanel_Normal.png;T_TechPanel_Roughness.png;T_TechPanel_Metalness.png,SurfaceAppearance,24,
B,B_Mega_08__TWN,CP_TowerNight,TWN,T_TowerNight_Color.png;T_TowerNight_Normal.png;T_TowerNight_Roughness.png;T_TowerNight_Metalness.png,SurfaceAppearance,48,
B,B_Mega_08__WIN_COL,CP_WIN_COL,WIN_COL,F_WIN_COL.png (swatch only),"Material=Neon, Color=140,195,255 (CyberpunkConfig.NeonColors)",54,
B,B_Mega_08__WIN_VIO,CP_WIN_VIO,WIN_VIO,F_WIN_VIO.png (swatch only),"Material=Neon, Color=170,130,255 (CyberpunkConfig.NeonColors)",16,
B,B_Mega_08__WIN_WRM,CP_WIN_WRM,WIN_WRM,F_WIN_WRM.png (swatch only),"Material=Neon, Color=255,190,125 (CyberpunkConfig.NeonColors)",280,
B,B_Mega_09__GLS,CP_GlassCurtain,GLS,T_GlassCurtain_Color.png;T_GlassCurtain_Normal.png;T_GlassCurtain_Roughness.png;T_GlassCurtain_Metalness.png,SurfaceAppearance (Color/Normal/Roughness/Metalness),48,
B,B_Mega_09__NEON_MAG,CP_NEON_MAG,NEON_MAG,F_NEON_MAG.png (swatch only),"Material=Neon, Color=255,25,175 (CyberpunkConfig.NeonColors)",720,
B,B_Mega_09__NEON_RED,CP_NEON_RED,NEON_RED,F_NEON_RED.png (swatch only),"Material=Neon, Color=255,32,45 (CyberpunkConfig.NeonColors)",612,
B,B_Mega_09__PNL,CP_PanelMetal,PNL,T_PanelMetal_Color.png;T_PanelMetal_Normal.png;T_PanelMetal_Roughness.png;T_PanelMetal_Metalness.png,SurfaceAppearance,210,
B,B_Mega_09__ROF,CP_RoofDeck,ROF,T_RoofDeck_Color.png;T_RoofDeck_Normal.png;T_RoofDeck_Roughness.png;T_RoofDeck_Metalness.png,SurfaceAppearance,72,
B,B_Mega_09__STL,CP_Steel,STL,T_Steel_Color.png;T_Steel_Normal.png;T_Steel_Roughness.png;T_Steel_Metalness.png,SurfaceAppearance,406,
B,B_Mega_09__TEC,CP_TechPanel,TEC,T_TechPanel_Color.png;T_TechPanel_Normal.png;T_TechPanel_Roughness.png;T_TechPanel_Metalness.png,SurfaceAppearance,24,
B,B_Mega_09__TWN,CP_TowerNight,TWN,T_TowerNight_Color.png;T_TowerNight_Normal.png;T_TowerNight_Roughness.png;T_TowerNight_Metalness.png,SurfaceAppearance,64,
B,B_Mega_09__WIN_COL,CP_WIN_COL,WIN_COL,F_WIN_COL.png (swatch only),"Material=Neon, Color=140,195,255 (CyberpunkConfig.NeonColors)",32,
B,B_Mega_09__WIN_PNK,CP_WIN_PNK,WIN_PNK,F_WIN_PNK.png (swatch only),"Material=Neon, Color=255,120,200 (CyberpunkConfig.NeonColors)",62,
B,B_Mega_09__WIN_VIO,CP_WIN_VIO,WIN_VIO,F_WIN_VIO.png (swatch only),"Material=Neon, Color=170,130,255 (CyberpunkConfig.NeonColors)",458,
B,B_Mega_10__GLS,CP_GlassCurtain,GLS,T_GlassCurtain_Color.png;T_GlassCurtain_Normal.png;T_GlassCurtain_Roughness.png;T_GlassCurtain_Metalness.png,SurfaceAppearance (Color/Normal/Roughness/Metalness),64,
B,B_Mega_10__NEON_CYN,CP_NEON_CYN,NEON_CYN,F_NEON_CYN.png (swatch only),"Material=Neon, Color=0,230,255 (CyberpunkConfig.NeonColors)",680,
B,B_Mega_10__NEON_RED,CP_NEON_RED,NEON_RED,F_NEON_RED.png (swatch only),"Material=Neon, Color=255,32,45 (CyberpunkConfig.NeonColors)",12,
B,B_Mega_10__NEON_VIO,CP_NEON_VIO,NEON_VIO,F_NEON_VIO.png (swatch only),"Material=Neon, Color=150,45,255 (CyberpunkConfig.NeonColors)",720,
B,B_Mega_10__PNL,CP_PanelMetal,PNL,T_PanelMetal_Color.png;T_PanelMetal_Normal.png;T_PanelMetal_Roughness.png;T_PanelMetal_Metalness.png,SurfaceAppearance,146,
B,B_Mega_10__ROF,CP_RoofDeck,ROF,T_RoofDeck_Color.png;T_RoofDeck_Normal.png;T_RoofDeck_Roughness.png;T_RoofDeck_Metalness.png,SurfaceAppearance,100,
B,B_Mega_10__STL,CP_Steel,STL,T_Steel_Color.png;T_Steel_Normal.png;T_Steel_Roughness.png;T_Steel_Metalness.png,SurfaceAppearance,512,
B,B_Mega_10__TEC,CP_TechPanel,TEC,T_TechPanel_Color.png;T_TechPanel_Normal.png;T_TechPanel_Roughness.png;T_TechPanel_Metalness.png,SurfaceAppearance,24,
B,B_Mega_10__TWN,CP_TowerNight,TWN,T_TowerNight_Color.png;T_TowerNight_Normal.png;T_TowerNight_Roughness.png;T_TowerNight_Metalness.png,SurfaceAppearance,96,
B,B_Mega_10__WIN_COL,CP_WIN_COL,WIN_COL,F_WIN_COL.png (swatch only),"Material=Neon, Color=140,195,255 (CyberpunkConfig.NeonColors)",32,
B,B_Mega_10__WIN_VIO,CP_WIN_VIO,WIN_VIO,F_WIN_VIO.png (swatch only),"Material=Neon, Color=170,130,255 (CyberpunkConfig.NeonColors)",32,
B,B_Mega_10__WIN_WRM,CP_WIN_WRM,WIN_WRM,F_WIN_WRM.png (swatch only),"Material=Neon, Color=255,190,125 (CyberpunkConfig.NeonColors)",386,
B,B_Mega_11__GLS,CP_GlassCurtain,GLS,T_GlassCurtain_Color.png;T_GlassCurtain_Normal.png;T_GlassCurtain_Roughness.png;T_GlassCurtain_Metalness.png,SurfaceAppearance (Color/Normal/Roughness/Metalness),48,
B,B_Mega_11__NEON_CYN,CP_NEON_CYN,NEON_CYN,F_NEON_CYN.png (swatch only),"Material=Neon, Color=0,230,255 (CyberpunkConfig.NeonColors)",720,
B,B_Mega_11__NEON_MAG,CP_NEON_MAG,NEON_MAG,F_NEON_MAG.png (swatch only),"Material=Neon, Color=255,25,175 (CyberpunkConfig.NeonColors)",720,
B,B_Mega_11__NEON_RED,CP_NEON_RED,NEON_RED,F_NEON_RED.png (swatch only),"Material=Neon, Color=255,32,45 (CyberpunkConfig.NeonColors)",12,
B,B_Mega_11__PNL,CP_PanelMetal,PNL,T_PanelMetal_Color.png;T_PanelMetal_Normal.png;T_PanelMetal_Roughness.png;T_PanelMetal_Metalness.png,SurfaceAppearance,306,
B,B_Mega_11__ROF,CP_RoofDeck,ROF,T_RoofDeck_Color.png;T_RoofDeck_Normal.png;T_RoofDeck_Roughness.png;T_RoofDeck_Metalness.png,SurfaceAppearance,72,
B,B_Mega_11__STL,CP_Steel,STL,T_Steel_Color.png;T_Steel_Normal.png;T_Steel_Roughness.png;T_Steel_Metalness.png,SurfaceAppearance,406,
B,B_Mega_11__TEC,CP_TechPanel,TEC,T_TechPanel_Color.png;T_TechPanel_Normal.png;T_TechPanel_Roughness.png;T_TechPanel_Metalness.png,SurfaceAppearance,24,
B,B_Mega_11__TWN,CP_TowerNight,TWN,T_TowerNight_Color.png;T_TowerNight_Normal.png;T_TowerNight_Roughness.png;T_TowerNight_Metalness.png,SurfaceAppearance,64,
B,B_Mega_11__WIN_COL,CP_WIN_COL,WIN_COL,F_WIN_COL.png (swatch only),"Material=Neon, Color=140,195,255 (CyberpunkConfig.NeonColors)",32,
B,B_Mega_11__WIN_VIO,CP_WIN_VIO,WIN_VIO,F_WIN_VIO.png (swatch only),"Material=Neon, Color=170,130,255 (CyberpunkConfig.NeonColors)",46,
B,B_Mega_11__WIN_WRM,CP_WIN_WRM,WIN_WRM,F_WIN_WRM.png (swatch only),"Material=Neon, Color=255,190,125 (CyberpunkConfig.NeonColors)",244,
B,B_Mega_12__GLS,CP_GlassCurtain,GLS,T_GlassCurtain_Color.png;T_GlassCurtain_Normal.png;T_GlassCurtain_Roughness.png;T_GlassCurtain_Metalness.png,SurfaceAppearance (Color/Normal/Roughness/Metalness),48,
B,B_Mega_12__NEON_CYN,CP_NEON_CYN,NEON_CYN,F_NEON_CYN.png (swatch only),"Material=Neon, Color=0,230,255 (CyberpunkConfig.NeonColors)",720,
B,B_Mega_12__NEON_MAG,CP_NEON_MAG,NEON_MAG,F_NEON_MAG.png (swatch only),"Material=Neon, Color=255,25,175 (CyberpunkConfig.NeonColors)",600,
B,B_Mega_12__NEON_RED,CP_NEON_RED,NEON_RED,F_NEON_RED.png (swatch only),"Material=Neon, Color=255,32,45 (CyberpunkConfig.NeonColors)",12,
B,B_Mega_12__PNL,CP_PanelMetal,PNL,T_PanelMetal_Color.png;T_PanelMetal_Normal.png;T_PanelMetal_Roughness.png;T_PanelMetal_Metalness.png,SurfaceAppearance,210,
B,B_Mega_12__ROF,CP_RoofDeck,ROF,T_RoofDeck_Color.png;T_RoofDeck_Normal.png;T_RoofDeck_Roughness.png;T_RoofDeck_Metalness.png,SurfaceAppearance,72,
B,B_Mega_12__STL,CP_Steel,STL,T_Steel_Color.png;T_Steel_Normal.png;T_Steel_Roughness.png;T_Steel_Metalness.png,SurfaceAppearance,406,
B,B_Mega_12__TEC,CP_TechPanel,TEC,T_TechPanel_Color.png;T_TechPanel_Normal.png;T_TechPanel_Roughness.png;T_TechPanel_Metalness.png,SurfaceAppearance,24,
B,B_Mega_12__TWN,CP_TowerNight,TWN,T_TowerNight_Color.png;T_TowerNight_Normal.png;T_TowerNight_Roughness.png;T_TowerNight_Metalness.png,SurfaceAppearance,64,
B,B_Mega_12__WIN_COL,CP_WIN_COL,WIN_COL,F_WIN_COL.png (swatch only),"Material=Neon, Color=140,195,255 (CyberpunkConfig.NeonColors)",32,
B,B_Mega_12__WIN_VIO,CP_WIN_VIO,WIN_VIO,F_WIN_VIO.png (swatch only),"Material=Neon, Color=170,130,255 (CyberpunkConfig.NeonColors)",66,
B,B_Mega_12__WIN_WRM,CP_WIN_WRM,WIN_WRM,F_WIN_WRM.png (swatch only),"Material=Neon, Color=255,190,125 (CyberpunkConfig.NeonColors)",254,
B,B_N_01_P01_FANBOX__MEC,CP_Mechanical,MEC,T_Mechanical_Color.png;T_Mechanical_Normal.png;T_Mechanical_Roughness.png;T_Mechanical_Metalness.png,SurfaceAppearance,50,PROTO_FANBOX__MEC
B,B_N_01_P02_DISH__MEC,CP_Mechanical,MEC,T_Mechanical_Color.png;T_Mechanical_Normal.png;T_Mechanical_Roughness.png;T_Mechanical_Metalness.png,SurfaceAppearance,22,PROTO_DISH__MEC
B,B_N_01_P03_VENT__MEC,CP_Mechanical,MEC,T_Mechanical_Color.png;T_Mechanical_Normal.png;T_Mechanical_Roughness.png;T_Mechanical_Metalness.png,SurfaceAppearance,44,PROTO_VENT__MEC
B,B_N_01_P04_HVAC_S__MEC,CP_Mechanical,MEC,T_Mechanical_Color.png;T_Mechanical_Normal.png;T_Mechanical_Roughness.png;T_Mechanical_Metalness.png,SurfaceAppearance,32,PROTO_HVAC_S__MEC
B,B_N_01__CON,CP_ConcreteDark,CON,T_ConcreteDark_Color.png;T_ConcreteDark_Normal.png;T_ConcreteDark_Roughness.png;T_ConcreteDark_Metalness.png,SurfaceAppearance,6,
B,B_N_01__NEON_RED,CP_NEON_RED,NEON_RED,F_NEON_RED.png (swatch only),"Material=Neon, Color=255,32,45 (CyberpunkConfig.NeonColors)",24,
B,B_N_01__PNL,CP_PanelMetal,PNL,T_PanelMetal_Color.png;T_PanelMetal_Normal.png;T_PanelMetal_Roughness.png;T_PanelMetal_Metalness.png,SurfaceAppearance,8,
B,B_N_01__ROF,CP_RoofDeck,ROF,T_RoofDeck_Color.png;T_RoofDeck_Normal.png;T_RoofDeck_Roughness.png;T_RoofDeck_Metalness.png,SurfaceAppearance,10,
B,B_N_01__STL,CP_Steel,STL,T_Steel_Color.png;T_Steel_Normal.png;T_Steel_Roughness.png;T_Steel_Metalness.png,SurfaceAppearance,308,
B,B_N_01__TEC,CP_TechPanel,TEC,T_TechPanel_Color.png;T_TechPanel_Normal.png;T_TechPanel_Roughness.png;T_TechPanel_Metalness.png,SurfaceAppearance,10,
B,B_N_01__TWN,CP_TowerNight,TWN,T_TowerNight_Color.png;T_TowerNight_Normal.png;T_TowerNight_Roughness.png;T_TowerNight_Metalness.png,SurfaceAppearance,14,
B,B_N_01__WIN_COL,CP_WIN_COL,WIN_COL,F_WIN_COL.png (swatch only),"Material=Neon, Color=140,195,255 (CyberpunkConfig.NeonColors)",54,
B,B_N_01__WIN_WRM,CP_WIN_WRM,WIN_WRM,F_WIN_WRM.png (swatch only),"Material=Neon, Color=255,190,125 (CyberpunkConfig.NeonColors)",356,
B,B_N_02_P01_HVAC_S__MEC,CP_Mechanical,MEC,T_Mechanical_Color.png;T_Mechanical_Normal.png;T_Mechanical_Roughness.png;T_Mechanical_Metalness.png,SurfaceAppearance,32,PROTO_HVAC_S__MEC
B,B_N_02_P02_DISH__MEC,CP_Mechanical,MEC,T_Mechanical_Color.png;T_Mechanical_Normal.png;T_Mechanical_Roughness.png;T_Mechanical_Metalness.png,SurfaceAppearance,22,PROTO_DISH__MEC
B,B_N_02_P03_VENT__MEC,CP_Mechanical,MEC,T_Mechanical_Color.png;T_Mechanical_Normal.png;T_Mechanical_Roughness.png;T_Mechanical_Metalness.png,SurfaceAppearance,44,PROTO_VENT__MEC
B,B_N_02_P04_HVAC_S__MEC,CP_Mechanical,MEC,T_Mechanical_Color.png;T_Mechanical_Normal.png;T_Mechanical_Roughness.png;T_Mechanical_Metalness.png,SurfaceAppearance,32,PROTO_HVAC_S__MEC
B,B_N_02_P05_STACK__MEC,CP_Mechanical,MEC,T_Mechanical_Color.png;T_Mechanical_Normal.png;T_Mechanical_Roughness.png;T_Mechanical_Metalness.png,SurfaceAppearance,128,PROTO_STACK__MEC
B,B_N_02__CON,CP_ConcreteDark,CON,T_ConcreteDark_Color.png;T_ConcreteDark_Normal.png;T_ConcreteDark_Roughness.png;T_ConcreteDark_Metalness.png,SurfaceAppearance,6,
B,B_N_02__MEC,CP_Mechanical,MEC,T_Mechanical_Color.png;T_Mechanical_Normal.png;T_Mechanical_Roughness.png;T_Mechanical_Metalness.png,SurfaceAppearance,24,
B,B_N_02__NEON_BLU,CP_NEON_BLU,NEON_BLU,F_NEON_BLU.png (swatch only),"Material=Neon, Color=30,95,255 (CyberpunkConfig.NeonColors)",10,
B,B_N_02__NEON_RED,CP_NEON_RED,NEON_RED,F_NEON_RED.png (swatch only),"Material=Neon, Color=255,32,45 (CyberpunkConfig.NeonColors)",12,
B,B_N_02__PNL,CP_PanelMetal,PNL,T_PanelMetal_Color.png;T_PanelMetal_Normal.png;T_PanelMetal_Roughness.png;T_PanelMetal_Metalness.png,SurfaceAppearance,8,
B,B_N_02__ROF,CP_RoofDeck,ROF,T_RoofDeck_Color.png;T_RoofDeck_Normal.png;T_RoofDeck_Roughness.png;T_RoofDeck_Metalness.png,SurfaceAppearance,10,
B,B_N_02__STL,CP_Steel,STL,T_Steel_Color.png;T_Steel_Normal.png;T_Steel_Roughness.png;T_Steel_Metalness.png,SurfaceAppearance,60,
B,B_N_02__TEC,CP_TechPanel,TEC,T_TechPanel_Color.png;T_TechPanel_Normal.png;T_TechPanel_Roughness.png;T_TechPanel_Metalness.png,SurfaceAppearance,8,
B,B_N_02__TWN,CP_TowerNight,TWN,T_TowerNight_Color.png;T_TowerNight_Normal.png;T_TowerNight_Roughness.png;T_TowerNight_Metalness.png,SurfaceAppearance,16,
B,B_N_02__WIN_PNK,CP_WIN_PNK,WIN_PNK,F_WIN_PNK.png (swatch only),"Material=Neon, Color=255,120,200 (CyberpunkConfig.NeonColors)",24,
B,B_N_02__WIN_WRM,CP_WIN_WRM,WIN_WRM,F_WIN_WRM.png (swatch only),"Material=Neon, Color=255,190,125 (CyberpunkConfig.NeonColors)",144,
B,B_N_03_P01_HVAC_L__MEC,CP_Mechanical,MEC,T_Mechanical_Color.png;T_Mechanical_Normal.png;T_Mechanical_Roughness.png;T_Mechanical_Metalness.png,SurfaceAppearance,76,PROTO_HVAC_L__MEC
B,B_N_03_P02_FANBOX__MEC,CP_Mechanical,MEC,T_Mechanical_Color.png;T_Mechanical_Normal.png;T_Mechanical_Roughness.png;T_Mechanical_Metalness.png,SurfaceAppearance,50,PROTO_FANBOX__MEC
B,B_N_03_P03_GEN__MEC,CP_Mechanical,MEC,T_Mechanical_Color.png;T_Mechanical_Normal.png;T_Mechanical_Roughness.png;T_Mechanical_Metalness.png,SurfaceAppearance,70,PROTO_GEN__MEC
B,B_N_03__CON,CP_ConcreteDark,CON,T_ConcreteDark_Color.png;T_ConcreteDark_Normal.png;T_ConcreteDark_Roughness.png;T_ConcreteDark_Metalness.png,SurfaceAppearance,6,
B,B_N_03__PNL,CP_PanelMetal,PNL,T_PanelMetal_Color.png;T_PanelMetal_Normal.png;T_PanelMetal_Roughness.png;T_PanelMetal_Metalness.png,SurfaceAppearance,6,
B,B_N_03__ROF,CP_RoofDeck,ROF,T_RoofDeck_Color.png;T_RoofDeck_Normal.png;T_RoofDeck_Roughness.png;T_RoofDeck_Metalness.png,SurfaceAppearance,6,
B,B_N_03__STL,CP_Steel,STL,T_Steel_Color.png;T_Steel_Normal.png;T_Steel_Roughness.png;T_Steel_Metalness.png,SurfaceAppearance,12,
B,B_N_03__TEC,CP_TechPanel,TEC,T_TechPanel_Color.png;T_TechPanel_Normal.png;T_TechPanel_Roughness.png;T_TechPanel_Metalness.png,SurfaceAppearance,2,
B,B_N_03__TWN,CP_TowerNight,TWN,T_TowerNight_Color.png;T_TowerNight_Normal.png;T_TowerNight_Roughness.png;T_TowerNight_Metalness.png,SurfaceAppearance,14,
B,B_N_03__WIN_PNK,CP_WIN_PNK,WIN_PNK,F_WIN_PNK.png (swatch only),"Material=Neon, Color=255,120,200 (CyberpunkConfig.NeonColors)",48,
B,B_N_03__WIN_WRM,CP_WIN_WRM,WIN_WRM,F_WIN_WRM.png (swatch only),"Material=Neon, Color=255,190,125 (CyberpunkConfig.NeonColors)",312,
B,B_N_04_P01_HVAC_S__MEC,CP_Mechanical,MEC,T_Mechanical_Color.png;T_Mechanical_Normal.png;T_Mechanical_Roughness.png;T_Mechanical_Metalness.png,SurfaceAppearance,32,PROTO_HVAC_S__MEC
B,B_N_04_P02_FANBOX__MEC,CP_Mechanical,MEC,T_Mechanical_Color.png;T_Mechanical_Normal.png;T_Mechanical_Roughness.png;T_Mechanical_Metalness.png,SurfaceAppearance,50,PROTO_FANBOX__MEC
B,B_N_04_P03_TANK__MEC,CP_Mechanical,MEC,T_Mechanical_Color.png;T_Mechanical_Normal.png;T_Mechanical_Roughness.png;T_Mechanical_Metalness.png,SurfaceAppearance,84,PROTO_TANK__MEC
B,B_N_04_P04_VENT__MEC,CP_Mechanical,MEC,T_Mechanical_Color.png;T_Mechanical_Normal.png;T_Mechanical_Roughness.png;T_Mechanical_Metalness.png,SurfaceAppearance,44,PROTO_VENT__MEC
B,B_N_04__CON,CP_ConcreteDark,CON,T_ConcreteDark_Color.png;T_ConcreteDark_Normal.png;T_ConcreteDark_Roughness.png;T_ConcreteDark_Metalness.png,SurfaceAppearance,6,
B,B_N_04__NEON_RED,CP_NEON_RED,NEON_RED,F_NEON_RED.png (swatch only),"Material=Neon, Color=255,32,45 (CyberpunkConfig.NeonColors)",24,
B,B_N_04__NEON_VIO,CP_NEON_VIO,NEON_VIO,F_NEON_VIO.png (swatch only),"Material=Neon, Color=150,45,255 (CyberpunkConfig.NeonColors)",10,
B,B_N_04__ROF,CP_RoofDeck,ROF,T_RoofDeck_Color.png;T_RoofDeck_Normal.png;T_RoofDeck_Roughness.png;T_RoofDeck_Metalness.png,SurfaceAppearance,6,
B,B_N_04__STL,CP_Steel,STL,T_Steel_Color.png;T_Steel_Normal.png;T_Steel_Roughness.png;T_Steel_Metalness.png,SurfaceAppearance,536,
B,B_N_04__TEC,CP_TechPanel,TEC,T_TechPanel_Color.png;T_TechPanel_Normal.png;T_TechPanel_Roughness.png;T_TechPanel_Metalness.png,SurfaceAppearance,8,
B,B_N_04__TWN,CP_TowerNight,TWN,T_TowerNight_Color.png;T_TowerNight_Normal.png;T_TowerNight_Roughness.png;T_TowerNight_Metalness.png,SurfaceAppearance,8,
B,B_N_04__WIN_COL,CP_WIN_COL,WIN_COL,F_WIN_COL.png (swatch only),"Material=Neon, Color=140,195,255 (CyberpunkConfig.NeonColors)",18,
B,B_N_04__WIN_WRM,CP_WIN_WRM,WIN_WRM,F_WIN_WRM.png (swatch only),"Material=Neon, Color=255,190,125 (CyberpunkConfig.NeonColors)",244,
B,B_N_05_P01_TANK__MEC,CP_Mechanical,MEC,T_Mechanical_Color.png;T_Mechanical_Normal.png;T_Mechanical_Roughness.png;T_Mechanical_Metalness.png,SurfaceAppearance,84,PROTO_TANK__MEC
B,B_N_05_P02_DISH__MEC,CP_Mechanical,MEC,T_Mechanical_Color.png;T_Mechanical_Normal.png;T_Mechanical_Roughness.png;T_Mechanical_Metalness.png,SurfaceAppearance,22,PROTO_DISH__MEC
B,B_N_05_P03_DISH__MEC,CP_Mechanical,MEC,T_Mechanical_Color.png;T_Mechanical_Normal.png;T_Mechanical_Roughness.png;T_Mechanical_Metalness.png,SurfaceAppearance,22,PROTO_DISH__MEC
B,B_N_05_P04_COOL__MEC,CP_Mechanical,MEC,T_Mechanical_Color.png;T_Mechanical_Normal.png;T_Mechanical_Roughness.png;T_Mechanical_Metalness.png,SurfaceAppearance,66,PROTO_COOL__MEC
B,B_N_05_P05_DISH__MEC,CP_Mechanical,MEC,T_Mechanical_Color.png;T_Mechanical_Normal.png;T_Mechanical_Roughness.png;T_Mechanical_Metalness.png,SurfaceAppearance,22,PROTO_DISH__MEC
B,B_N_05_P06_FANBOX__MEC,CP_Mechanical,MEC,T_Mechanical_Color.png;T_Mechanical_Normal.png;T_Mechanical_Roughness.png;T_Mechanical_Metalness.png,SurfaceAppearance,50,PROTO_FANBOX__MEC
B,B_N_05__CON,CP_ConcreteDark,CON,T_ConcreteDark_Color.png;T_ConcreteDark_Normal.png;T_ConcreteDark_Roughness.png;T_ConcreteDark_Metalness.png,SurfaceAppearance,46,
B,B_N_05__MEC,CP_Mechanical,MEC,T_Mechanical_Color.png;T_Mechanical_Normal.png;T_Mechanical_Roughness.png;T_Mechanical_Metalness.png,SurfaceAppearance,10,
B,B_N_05__NEON_BLU,CP_NEON_BLU,NEON_BLU,F_NEON_BLU.png (swatch only),"Material=Neon, Color=30,95,255 (CyberpunkConfig.NeonColors)",90,
B,B_N_05__NEON_WHT,CP_NEON_WHT,NEON_WHT,F_NEON_WHT.png (swatch only),"Material=Neon, Color=215,228,255 (CyberpunkConfig.NeonColors)",60,
B,B_N_05__PNL,CP_PanelMetal,PNL,T_PanelMetal_Color.png;T_PanelMetal_Normal.png;T_PanelMetal_Roughness.png;T_PanelMetal_Metalness.png,SurfaceAppearance,4,
B,B_N_05__RIB,CP_GlassRibbon,RIB,T_GlassRibbon_Color.png;T_GlassRibbon_Normal.png;T_GlassRibbon_Roughness.png;T_GlassRibbon_Metalness.png,SurfaceAppearance,2,
B,B_N_05__ROF,CP_RoofDeck,ROF,T_RoofDeck_Color.png;T_RoofDeck_Normal.png;T_RoofDeck_Roughness.png;T_RoofDeck_Metalness.png,SurfaceAppearance,4,
B,B_N_05__STL,CP_Steel,STL,T_Steel_Color.png;T_Steel_Normal.png;T_Steel_Roughness.png;T_Steel_Metalness.png,SurfaceAppearance,196,
B,B_N_05__TWN,CP_TowerNight,TWN,T_TowerNight_Color.png;T_TowerNight_Normal.png;T_TowerNight_Roughness.png;T_TowerNight_Metalness.png,SurfaceAppearance,6,
B,B_N_05__WIN_COL,CP_WIN_COL,WIN_COL,F_WIN_COL.png (swatch only),"Material=Neon, Color=140,195,255 (CyberpunkConfig.NeonColors)",398,
B,B_N_05__WIN_VIO,CP_WIN_VIO,WIN_VIO,F_WIN_VIO.png (swatch only),"Material=Neon, Color=170,130,255 (CyberpunkConfig.NeonColors)",54,
B,B_N_06_P01_DISH__MEC,CP_Mechanical,MEC,T_Mechanical_Color.png;T_Mechanical_Normal.png;T_Mechanical_Roughness.png;T_Mechanical_Metalness.png,SurfaceAppearance,22,PROTO_DISH__MEC
B,B_N_06_P02_HVAC_L__MEC,CP_Mechanical,MEC,T_Mechanical_Color.png;T_Mechanical_Normal.png;T_Mechanical_Roughness.png;T_Mechanical_Metalness.png,SurfaceAppearance,76,PROTO_HVAC_L__MEC
B,B_N_06_P03_STACK__MEC,CP_Mechanical,MEC,T_Mechanical_Color.png;T_Mechanical_Normal.png;T_Mechanical_Roughness.png;T_Mechanical_Metalness.png,SurfaceAppearance,128,PROTO_STACK__MEC
B,B_N_06_P04_COOL__MEC,CP_Mechanical,MEC,T_Mechanical_Color.png;T_Mechanical_Normal.png;T_Mechanical_Roughness.png;T_Mechanical_Metalness.png,SurfaceAppearance,66,PROTO_COOL__MEC
B,B_N_06_P05_STACK__MEC,CP_Mechanical,MEC,T_Mechanical_Color.png;T_Mechanical_Normal.png;T_Mechanical_Roughness.png;T_Mechanical_Metalness.png,SurfaceAppearance,128,PROTO_STACK__MEC
B,B_N_06_P06_HVAC_S__MEC,CP_Mechanical,MEC,T_Mechanical_Color.png;T_Mechanical_Normal.png;T_Mechanical_Roughness.png;T_Mechanical_Metalness.png,SurfaceAppearance,32,PROTO_HVAC_S__MEC
B,B_N_06__CON,CP_ConcreteDark,CON,T_ConcreteDark_Color.png;T_ConcreteDark_Normal.png;T_ConcreteDark_Roughness.png;T_ConcreteDark_Metalness.png,SurfaceAppearance,6,
B,B_N_06__LOU,CP_Louver,LOU,T_Louver_Color.png;T_Louver_Normal.png;T_Louver_Roughness.png;T_Louver_Metalness.png,SurfaceAppearance,2,
B,B_N_06__MEC,CP_Mechanical,MEC,T_Mechanical_Color.png;T_Mechanical_Normal.png;T_Mechanical_Roughness.png;T_Mechanical_Metalness.png,SurfaceAppearance,24,
B,B_N_06__NEON_MAG,CP_NEON_MAG,NEON_MAG,F_NEON_MAG.png (swatch only),"Material=Neon, Color=255,25,175 (CyberpunkConfig.NeonColors)",10,
B,B_N_06__NEON_RED,CP_NEON_RED,NEON_RED,F_NEON_RED.png (swatch only),"Material=Neon, Color=255,32,45 (CyberpunkConfig.NeonColors)",12,
B,B_N_06__PNL,CP_PanelMetal,PNL,T_PanelMetal_Color.png;T_PanelMetal_Normal.png;T_PanelMetal_Roughness.png;T_PanelMetal_Metalness.png,SurfaceAppearance,8,
B,B_N_06__ROF,CP_RoofDeck,ROF,T_RoofDeck_Color.png;T_RoofDeck_Normal.png;T_RoofDeck_Roughness.png;T_RoofDeck_Metalness.png,SurfaceAppearance,10,
B,B_N_06__STL,CP_Steel,STL,T_Steel_Color.png;T_Steel_Normal.png;T_Steel_Roughness.png;T_Steel_Metalness.png,SurfaceAppearance,24,
B,B_N_06__TEC,CP_TechPanel,TEC,T_TechPanel_Color.png;T_TechPanel_Normal.png;T_TechPanel_Roughness.png;T_TechPanel_Metalness.png,SurfaceAppearance,10,
B,B_N_06__TWN,CP_TowerNight,TWN,T_TowerNight_Color.png;T_TowerNight_Normal.png;T_TowerNight_Roughness.png;T_TowerNight_Metalness.png,SurfaceAppearance,12,
B,B_N_06__WIN_PNK,CP_WIN_PNK,WIN_PNK,F_WIN_PNK.png (swatch only),"Material=Neon, Color=255,120,200 (CyberpunkConfig.NeonColors)",54,
B,B_N_06__WIN_WRM,CP_WIN_WRM,WIN_WRM,F_WIN_WRM.png (swatch only),"Material=Neon, Color=255,190,125 (CyberpunkConfig.NeonColors)",318,
B,B_N_07_P01_HVAC_S__MEC,CP_Mechanical,MEC,T_Mechanical_Color.png;T_Mechanical_Normal.png;T_Mechanical_Roughness.png;T_Mechanical_Metalness.png,SurfaceAppearance,32,PROTO_HVAC_S__MEC
B,B_N_07_P02_STACK__MEC,CP_Mechanical,MEC,T_Mechanical_Color.png;T_Mechanical_Normal.png;T_Mechanical_Roughness.png;T_Mechanical_Metalness.png,SurfaceAppearance,128,PROTO_STACK__MEC
B,B_N_07_P03_VENT__MEC,CP_Mechanical,MEC,T_Mechanical_Color.png;T_Mechanical_Normal.png;T_Mechanical_Roughness.png;T_Mechanical_Metalness.png,SurfaceAppearance,44,PROTO_VENT__MEC
B,B_N_07_P04_DISH__MEC,CP_Mechanical,MEC,T_Mechanical_Color.png;T_Mechanical_Normal.png;T_Mechanical_Roughness.png;T_Mechanical_Metalness.png,SurfaceAppearance,22,PROTO_DISH__MEC
B,B_N_07__CON,CP_ConcreteDark,CON,T_ConcreteDark_Color.png;T_ConcreteDark_Normal.png;T_ConcreteDark_Roughness.png;T_ConcreteDark_Metalness.png,SurfaceAppearance,6,
B,B_N_07__NEON_MAG,CP_NEON_MAG,NEON_MAG,F_NEON_MAG.png (swatch only),"Material=Neon, Color=255,25,175 (CyberpunkConfig.NeonColors)",10,
B,B_N_07__PNL,CP_PanelMetal,PNL,T_PanelMetal_Color.png;T_PanelMetal_Normal.png;T_PanelMetal_Roughness.png;T_PanelMetal_Metalness.png,SurfaceAppearance,8,
B,B_N_07__ROF,CP_RoofDeck,ROF,T_RoofDeck_Color.png;T_RoofDeck_Normal.png;T_RoofDeck_Roughness.png;T_RoofDeck_Metalness.png,SurfaceAppearance,10,
B,B_N_07__STL,CP_Steel,STL,T_Steel_Color.png;T_Steel_Normal.png;T_Steel_Roughness.png;T_Steel_Metalness.png,SurfaceAppearance,48,
B,B_N_07__TEC,CP_TechPanel,TEC,T_TechPanel_Color.png;T_TechPanel_Normal.png;T_TechPanel_Roughness.png;T_TechPanel_Metalness.png,SurfaceAppearance,12,
B,B_N_07__TWN,CP_TowerNight,TWN,T_TowerNight_Color.png;T_TowerNight_Normal.png;T_TowerNight_Roughness.png;T_TowerNight_Metalness.png,SurfaceAppearance,12,
B,B_N_07__WIN_COL,CP_WIN_COL,WIN_COL,F_WIN_COL.png (swatch only),"Material=Neon, Color=140,195,255 (CyberpunkConfig.NeonColors)",50,
B,B_N_07__WIN_PNK,CP_WIN_PNK,WIN_PNK,F_WIN_PNK.png (swatch only),"Material=Neon, Color=255,120,200 (CyberpunkConfig.NeonColors)",234,
B,B_N_08_P01_TANK__MEC,CP_Mechanical,MEC,T_Mechanical_Color.png;T_Mechanical_Normal.png;T_Mechanical_Roughness.png;T_Mechanical_Metalness.png,SurfaceAppearance,84,PROTO_TANK__MEC
B,B_N_08_P02_DISH__MEC,CP_Mechanical,MEC,T_Mechanical_Color.png;T_Mechanical_Normal.png;T_Mechanical_Roughness.png;T_Mechanical_Metalness.png,SurfaceAppearance,22,PROTO_DISH__MEC
B,B_N_08_P03_GEN__MEC,CP_Mechanical,MEC,T_Mechanical_Color.png;T_Mechanical_Normal.png;T_Mechanical_Roughness.png;T_Mechanical_Metalness.png,SurfaceAppearance,70,PROTO_GEN__MEC
B,B_N_08_P04_VENT__MEC,CP_Mechanical,MEC,T_Mechanical_Color.png;T_Mechanical_Normal.png;T_Mechanical_Roughness.png;T_Mechanical_Metalness.png,SurfaceAppearance,44,PROTO_VENT__MEC
B,B_N_08_P05_HVAC_S__MEC,CP_Mechanical,MEC,T_Mechanical_Color.png;T_Mechanical_Normal.png;T_Mechanical_Roughness.png;T_Mechanical_Metalness.png,SurfaceAppearance,32,PROTO_HVAC_S__MEC
B,B_N_08_P06_DISH__MEC,CP_Mechanical,MEC,T_Mechanical_Color.png;T_Mechanical_Normal.png;T_Mechanical_Roughness.png;T_Mechanical_Metalness.png,SurfaceAppearance,22,PROTO_DISH__MEC
B,B_N_08__CON,CP_ConcreteDark,CON,T_ConcreteDark_Color.png;T_ConcreteDark_Normal.png;T_ConcreteDark_Roughness.png;T_ConcreteDark_Metalness.png,SurfaceAppearance,46,
B,B_N_08__NEON_RED,CP_NEON_RED,NEON_RED,F_NEON_RED.png (swatch only),"Material=Neon, Color=255,32,45 (CyberpunkConfig.NeonColors)",24,
B,B_N_08__NEON_WHT,CP_NEON_WHT,NEON_WHT,F_NEON_WHT.png (swatch only),"Material=Neon, Color=215,228,255 (CyberpunkConfig.NeonColors)",48,
B,B_N_08__PNL,CP_PanelMetal,PNL,T_PanelMetal_Color.png;T_PanelMetal_Normal.png;T_PanelMetal_Roughness.png;T_PanelMetal_Metalness.png,SurfaceAppearance,4,
B,B_N_08__RIB,CP_GlassRibbon,RIB,T_GlassRibbon_Color.png;T_GlassRibbon_Normal.png;T_GlassRibbon_Roughness.png;T_GlassRibbon_Metalness.png,SurfaceAppearance,4,
B,B_N_08__ROF,CP_RoofDeck,ROF,T_RoofDeck_Color.png;T_RoofDeck_Normal.png;T_RoofDeck_Roughness.png;T_RoofDeck_Metalness.png,SurfaceAppearance,6,
B,B_N_08__STL,CP_Steel,STL,T_Steel_Color.png;T_Steel_Normal.png;T_Steel_Roughness.png;T_Steel_Metalness.png,SurfaceAppearance,664,
B,B_N_08__TWN,CP_TowerNight,TWN,T_TowerNight_Color.png;T_TowerNight_Normal.png;T_TowerNight_Roughness.png;T_TowerNight_Metalness.png,SurfaceAppearance,12,
B,B_N_08__WIN_COL,CP_WIN_COL,WIN_COL,F_WIN_COL.png (swatch only),"Material=Neon, Color=140,195,255 (CyberpunkConfig.NeonColors)",44,
B,B_N_08__WIN_PNK,CP_WIN_PNK,WIN_PNK,F_WIN_PNK.png (swatch only),"Material=Neon, Color=255,120,200 (CyberpunkConfig.NeonColors)",358,
B,B_N_09_P01_STACK__MEC,CP_Mechanical,MEC,T_Mechanical_Color.png;T_Mechanical_Normal.png;T_Mechanical_Roughness.png;T_Mechanical_Metalness.png,SurfaceAppearance,128,PROTO_STACK__MEC
B,B_N_09_P02_HVAC_S__MEC,CP_Mechanical,MEC,T_Mechanical_Color.png;T_Mechanical_Normal.png;T_Mechanical_Roughness.png;T_Mechanical_Metalness.png,SurfaceAppearance,32,PROTO_HVAC_S__MEC
B,B_N_09_P03_HVAC_L__MEC,CP_Mechanical,MEC,T_Mechanical_Color.png;T_Mechanical_Normal.png;T_Mechanical_Roughness.png;T_Mechanical_Metalness.png,SurfaceAppearance,76,PROTO_HVAC_L__MEC
B,B_N_09_P04_HVAC_S__MEC,CP_Mechanical,MEC,T_Mechanical_Color.png;T_Mechanical_Normal.png;T_Mechanical_Roughness.png;T_Mechanical_Metalness.png,SurfaceAppearance,32,PROTO_HVAC_S__MEC
B,B_N_09_P05_VENT__MEC,CP_Mechanical,MEC,T_Mechanical_Color.png;T_Mechanical_Normal.png;T_Mechanical_Roughness.png;T_Mechanical_Metalness.png,SurfaceAppearance,44,PROTO_VENT__MEC
B,B_N_09__CON,CP_ConcreteDark,CON,T_ConcreteDark_Color.png;T_ConcreteDark_Normal.png;T_ConcreteDark_Roughness.png;T_ConcreteDark_Metalness.png,SurfaceAppearance,6,
B,B_N_09__GLS,CP_GlassCurtain,GLS,T_GlassCurtain_Color.png;T_GlassCurtain_Normal.png;T_GlassCurtain_Roughness.png;T_GlassCurtain_Metalness.png,SurfaceAppearance (Color/Normal/Roughness/Metalness),2,
B,B_N_09__MEC,CP_Mechanical,MEC,T_Mechanical_Color.png;T_Mechanical_Normal.png;T_Mechanical_Roughness.png;T_Mechanical_Metalness.png,SurfaceAppearance,34,
B,B_N_09__NEON_RED,CP_NEON_RED,NEON_RED,F_NEON_RED.png (swatch only),"Material=Neon, Color=255,32,45 (CyberpunkConfig.NeonColors)",78,
B,B_N_09__PNL,CP_PanelMetal,PNL,T_PanelMetal_Color.png;T_PanelMetal_Normal.png;T_PanelMetal_Roughness.png;T_PanelMetal_Metalness.png,SurfaceAppearance,8,
B,B_N_09__ROF,CP_RoofDeck,ROF,T_RoofDeck_Color.png;T_RoofDeck_Normal.png;T_RoofDeck_Roughness.png;T_RoofDeck_Metalness.png,SurfaceAppearance,4,
B,B_N_09__STL,CP_Steel,STL,T_Steel_Color.png;T_Steel_Normal.png;T_Steel_Roughness.png;T_Steel_Metalness.png,SurfaceAppearance,76,
B,B_N_09__TWN,CP_TowerNight,TWN,T_TowerNight_Color.png;T_TowerNight_Normal.png;T_TowerNight_Roughness.png;T_TowerNight_Metalness.png,SurfaceAppearance,6,
B,B_N_09__WIN_WRM,CP_WIN_WRM,WIN_WRM,F_WIN_WRM.png (swatch only),"Material=Neon, Color=255,190,125 (CyberpunkConfig.NeonColors)",386,
B,B_N_10_P01_STACK__MEC,CP_Mechanical,MEC,T_Mechanical_Color.png;T_Mechanical_Normal.png;T_Mechanical_Roughness.png;T_Mechanical_Metalness.png,SurfaceAppearance,128,PROTO_STACK__MEC
B,B_N_10_P02_STACK__MEC,CP_Mechanical,MEC,T_Mechanical_Color.png;T_Mechanical_Normal.png;T_Mechanical_Roughness.png;T_Mechanical_Metalness.png,SurfaceAppearance,128,PROTO_STACK__MEC
B,B_N_10_P03_HVAC_L__MEC,CP_Mechanical,MEC,T_Mechanical_Color.png;T_Mechanical_Normal.png;T_Mechanical_Roughness.png;T_Mechanical_Metalness.png,SurfaceAppearance,76,PROTO_HVAC_L__MEC
B,B_N_10__CON,CP_ConcreteDark,CON,T_ConcreteDark_Color.png;T_ConcreteDark_Normal.png;T_ConcreteDark_Roughness.png;T_ConcreteDark_Metalness.png,SurfaceAppearance,6,
B,B_N_10__MEC,CP_Mechanical,MEC,T_Mechanical_Color.png;T_Mechanical_Normal.png;T_Mechanical_Roughness.png;T_Mechanical_Metalness.png,SurfaceAppearance,24,
B,B_N_10__NEON_RED,CP_NEON_RED,NEON_RED,F_NEON_RED.png (swatch only),"Material=Neon, Color=255,32,45 (CyberpunkConfig.NeonColors)",12,
B,B_N_10__NEON_VIO,CP_NEON_VIO,NEON_VIO,F_NEON_VIO.png (swatch only),"Material=Neon, Color=150,45,255 (CyberpunkConfig.NeonColors)",56,
B,B_N_10__PNL,CP_PanelMetal,PNL,T_PanelMetal_Color.png;T_PanelMetal_Normal.png;T_PanelMetal_Roughness.png;T_PanelMetal_Metalness.png,SurfaceAppearance,8,
B,B_N_10__ROF,CP_RoofDeck,ROF,T_RoofDeck_Color.png;T_RoofDeck_Normal.png;T_RoofDeck_Roughness.png;T_RoofDeck_Metalness.png,SurfaceAppearance,8,
B,B_N_10__STL,CP_Steel,STL,T_Steel_Color.png;T_Steel_Normal.png;T_Steel_Roughness.png;T_Steel_Metalness.png,SurfaceAppearance,76,
B,B_N_10__TEC,CP_TechPanel,TEC,T_TechPanel_Color.png;T_TechPanel_Normal.png;T_TechPanel_Roughness.png;T_TechPanel_Metalness.png,SurfaceAppearance,6,
B,B_N_10__TWN,CP_TowerNight,TWN,T_TowerNight_Color.png;T_TowerNight_Normal.png;T_TowerNight_Roughness.png;T_TowerNight_Metalness.png,SurfaceAppearance,10,
B,B_N_10__WIN_COL,CP_WIN_COL,WIN_COL,F_WIN_COL.png (swatch only),"Material=Neon, Color=140,195,255 (CyberpunkConfig.NeonColors)",106,
B,B_N_10__WIN_WRM,CP_WIN_WRM,WIN_WRM,F_WIN_WRM.png (swatch only),"Material=Neon, Color=255,190,125 (CyberpunkConfig.NeonColors)",438,
B,B_N_11_P01_STACK__MEC,CP_Mechanical,MEC,T_Mechanical_Color.png;T_Mechanical_Normal.png;T_Mechanical_Roughness.png;T_Mechanical_Metalness.png,SurfaceAppearance,128,PROTO_STACK__MEC
B,B_N_11_P02_HVAC_L__MEC,CP_Mechanical,MEC,T_Mechanical_Color.png;T_Mechanical_Normal.png;T_Mechanical_Roughness.png;T_Mechanical_Metalness.png,SurfaceAppearance,76,PROTO_HVAC_L__MEC
B,B_N_11_P03_GEN__MEC,CP_Mechanical,MEC,T_Mechanical_Color.png;T_Mechanical_Normal.png;T_Mechanical_Roughness.png;T_Mechanical_Metalness.png,SurfaceAppearance,70,PROTO_GEN__MEC
B,B_N_11_P04_TANK__MEC,CP_Mechanical,MEC,T_Mechanical_Color.png;T_Mechanical_Normal.png;T_Mechanical_Roughness.png;T_Mechanical_Metalness.png,SurfaceAppearance,84,PROTO_TANK__MEC
B,B_N_11__CON,CP_ConcreteDark,CON,T_ConcreteDark_Color.png;T_ConcreteDark_Normal.png;T_ConcreteDark_Roughness.png;T_ConcreteDark_Metalness.png,SurfaceAppearance,46,
B,B_N_11__NEON_WHT,CP_NEON_WHT,NEON_WHT,F_NEON_WHT.png (swatch only),"Material=Neon, Color=215,228,255 (CyberpunkConfig.NeonColors)",24,
B,B_N_11__PNL,CP_PanelMetal,PNL,T_PanelMetal_Color.png;T_PanelMetal_Normal.png;T_PanelMetal_Roughness.png;T_PanelMetal_Metalness.png,SurfaceAppearance,2,
B,B_N_11__ROF,CP_RoofDeck,ROF,T_RoofDeck_Color.png;T_RoofDeck_Normal.png;T_RoofDeck_Roughness.png;T_RoofDeck_Metalness.png,SurfaceAppearance,4,
B,B_N_11__STL,CP_Steel,STL,T_Steel_Color.png;T_Steel_Normal.png;T_Steel_Roughness.png;T_Steel_Metalness.png,SurfaceAppearance,112,
B,B_N_11__TWN,CP_TowerNight,TWN,T_TowerNight_Color.png;T_TowerNight_Normal.png;T_TowerNight_Roughness.png;T_TowerNight_Metalness.png,SurfaceAppearance,8,
B,B_N_11__WIN_COL,CP_WIN_COL,WIN_COL,F_WIN_COL.png (swatch only),"Material=Neon, Color=140,195,255 (CyberpunkConfig.NeonColors)",310,
B,B_N_11__WIN_VIO,CP_WIN_VIO,WIN_VIO,F_WIN_VIO.png (swatch only),"Material=Neon, Color=170,130,255 (CyberpunkConfig.NeonColors)",42,
B,B_N_12_P01_HVAC_S__MEC,CP_Mechanical,MEC,T_Mechanical_Color.png;T_Mechanical_Normal.png;T_Mechanical_Roughness.png;T_Mechanical_Metalness.png,SurfaceAppearance,32,PROTO_HVAC_S__MEC
B,B_N_12_P02_FANBOX__MEC,CP_Mechanical,MEC,T_Mechanical_Color.png;T_Mechanical_Normal.png;T_Mechanical_Roughness.png;T_Mechanical_Metalness.png,SurfaceAppearance,50,PROTO_FANBOX__MEC
B,B_N_12_P03_COOL__MEC,CP_Mechanical,MEC,T_Mechanical_Color.png;T_Mechanical_Normal.png;T_Mechanical_Roughness.png;T_Mechanical_Metalness.png,SurfaceAppearance,66,PROTO_COOL__MEC
B,B_N_12_P04_TANK__MEC,CP_Mechanical,MEC,T_Mechanical_Color.png;T_Mechanical_Normal.png;T_Mechanical_Roughness.png;T_Mechanical_Metalness.png,SurfaceAppearance,84,PROTO_TANK__MEC
B,B_N_12__CON,CP_ConcreteDark,CON,T_ConcreteDark_Color.png;T_ConcreteDark_Normal.png;T_ConcreteDark_Roughness.png;T_ConcreteDark_Metalness.png,SurfaceAppearance,6,
B,B_N_12__GLS,CP_GlassCurtain,GLS,T_GlassCurtain_Color.png;T_GlassCurtain_Normal.png;T_GlassCurtain_Roughness.png;T_GlassCurtain_Metalness.png,SurfaceAppearance (Color/Normal/Roughness/Metalness),8,
B,B_N_12__NEON_BLU,CP_NEON_BLU,NEON_BLU,F_NEON_BLU.png (swatch only),"Material=Neon, Color=30,95,255 (CyberpunkConfig.NeonColors)",10,
B,B_N_12__NEON_MAG,CP_NEON_MAG,NEON_MAG,F_NEON_MAG.png (swatch only),"Material=Neon, Color=255,25,175 (CyberpunkConfig.NeonColors)",10,
B,B_N_12__ROF,CP_RoofDeck,ROF,T_RoofDeck_Color.png;T_RoofDeck_Normal.png;T_RoofDeck_Roughness.png;T_RoofDeck_Metalness.png,SurfaceAppearance,10,
B,B_N_12__STL,CP_Steel,STL,T_Steel_Color.png;T_Steel_Normal.png;T_Steel_Roughness.png;T_Steel_Metalness.png,SurfaceAppearance,48,
B,B_N_12__TEC,CP_TechPanel,TEC,T_TechPanel_Color.png;T_TechPanel_Normal.png;T_TechPanel_Roughness.png;T_TechPanel_Metalness.png,SurfaceAppearance,8,
B,B_N_12__TWN,CP_TowerNight,TWN,T_TowerNight_Color.png;T_TowerNight_Normal.png;T_TowerNight_Roughness.png;T_TowerNight_Metalness.png,SurfaceAppearance,8,
B,B_N_12__WIN_VIO,CP_WIN_VIO,WIN_VIO,F_WIN_VIO.png (swatch only),"Material=Neon, Color=170,130,255 (CyberpunkConfig.NeonColors)",146,
B,B_N_13_P01_GEN__MEC,CP_Mechanical,MEC,T_Mechanical_Color.png;T_Mechanical_Normal.png;T_Mechanical_Roughness.png;T_Mechanical_Metalness.png,SurfaceAppearance,70,PROTO_GEN__MEC
B,B_N_13_P02_TANK__MEC,CP_Mechanical,MEC,T_Mechanical_Color.png;T_Mechanical_Normal.png;T_Mechanical_Roughness.png;T_Mechanical_Metalness.png,SurfaceAppearance,84,PROTO_TANK__MEC
B,B_N_13_P03_VENT__MEC,CP_Mechanical,MEC,T_Mechanical_Color.png;T_Mechanical_Normal.png;T_Mechanical_Roughness.png;T_Mechanical_Metalness.png,SurfaceAppearance,44,PROTO_VENT__MEC
B,B_N_13_P04_HVAC_L__MEC,CP_Mechanical,MEC,T_Mechanical_Color.png;T_Mechanical_Normal.png;T_Mechanical_Roughness.png;T_Mechanical_Metalness.png,SurfaceAppearance,76,PROTO_HVAC_L__MEC
B,B_N_13_P05_TANK__MEC,CP_Mechanical,MEC,T_Mechanical_Color.png;T_Mechanical_Normal.png;T_Mechanical_Roughness.png;T_Mechanical_Metalness.png,SurfaceAppearance,84,PROTO_TANK__MEC
B,B_N_13_P06_VENT__MEC,CP_Mechanical,MEC,T_Mechanical_Color.png;T_Mechanical_Normal.png;T_Mechanical_Roughness.png;T_Mechanical_Metalness.png,SurfaceAppearance,44,PROTO_VENT__MEC
B,B_N_13_P07_STACK__MEC,CP_Mechanical,MEC,T_Mechanical_Color.png;T_Mechanical_Normal.png;T_Mechanical_Roughness.png;T_Mechanical_Metalness.png,SurfaceAppearance,128,PROTO_STACK__MEC
B,B_N_13__CON,CP_ConcreteDark,CON,T_ConcreteDark_Color.png;T_ConcreteDark_Normal.png;T_ConcreteDark_Roughness.png;T_ConcreteDark_Metalness.png,SurfaceAppearance,46,
B,B_N_13__GLS,CP_GlassCurtain,GLS,T_GlassCurtain_Color.png;T_GlassCurtain_Normal.png;T_GlassCurtain_Roughness.png;T_GlassCurtain_Metalness.png,SurfaceAppearance (Color/Normal/Roughness/Metalness),4,
B,B_N_13__MEC,CP_Mechanical,MEC,T_Mechanical_Color.png;T_Mechanical_Normal.png;T_Mechanical_Roughness.png;T_Mechanical_Metalness.png,SurfaceAppearance,34,
B,B_N_13__NEON_MAG,CP_NEON_MAG,NEON_MAG,F_NEON_MAG.png (swatch only),"Material=Neon, Color=255,25,175 (CyberpunkConfig.NeonColors)",50,
B,B_N_13__NEON_RED,CP_NEON_RED,NEON_RED,F_NEON_RED.png (swatch only),"Material=Neon, Color=255,32,45 (CyberpunkConfig.NeonColors)",12,
B,B_N_13__NEON_VIO,CP_NEON_VIO,NEON_VIO,F_NEON_VIO.png (swatch only),"Material=Neon, Color=150,45,255 (CyberpunkConfig.NeonColors)",20,
B,B_N_13__NEON_WHT,CP_NEON_WHT,NEON_WHT,F_NEON_WHT.png (swatch only),"Material=Neon, Color=215,228,255 (CyberpunkConfig.NeonColors)",60,
B,B_N_13__PNL,CP_PanelMetal,PNL,T_PanelMetal_Color.png;T_PanelMetal_Normal.png;T_PanelMetal_Roughness.png;T_PanelMetal_Metalness.png,SurfaceAppearance,2,
B,B_N_13__ROF,CP_RoofDeck,ROF,T_RoofDeck_Color.png;T_RoofDeck_Normal.png;T_RoofDeck_Roughness.png;T_RoofDeck_Metalness.png,SurfaceAppearance,6,
B,B_N_13__STL,CP_Steel,STL,T_Steel_Color.png;T_Steel_Normal.png;T_Steel_Roughness.png;T_Steel_Metalness.png,SurfaceAppearance,144,
B,B_N_13__TWN,CP_TowerNight,TWN,T_TowerNight_Color.png;T_TowerNight_Normal.png;T_TowerNight_Roughness.png;T_TowerNight_Metalness.png,SurfaceAppearance,12,
B,B_N_13__WIN_WRM,CP_WIN_WRM,WIN_WRM,F_WIN_WRM.png (swatch only),"Material=Neon, Color=255,190,125 (CyberpunkConfig.NeonColors)",366,
B,B_N_14_P01_FANBOX__MEC,CP_Mechanical,MEC,T_Mechanical_Color.png;T_Mechanical_Normal.png;T_Mechanical_Roughness.png;T_Mechanical_Metalness.png,SurfaceAppearance,50,PROTO_FANBOX__MEC
B,B_N_14_P02_HVAC_L__MEC,CP_Mechanical,MEC,T_Mechanical_Color.png;T_Mechanical_Normal.png;T_Mechanical_Roughness.png;T_Mechanical_Metalness.png,SurfaceAppearance,76,PROTO_HVAC_L__MEC
B,B_N_14_P03_HVAC_S__MEC,CP_Mechanical,MEC,T_Mechanical_Color.png;T_Mechanical_Normal.png;T_Mechanical_Roughness.png;T_Mechanical_Metalness.png,SurfaceAppearance,32,PROTO_HVAC_S__MEC
B,B_N_14_P04_VENT__MEC,CP_Mechanical,MEC,T_Mechanical_Color.png;T_Mechanical_Normal.png;T_Mechanical_Roughness.png;T_Mechanical_Metalness.png,SurfaceAppearance,44,PROTO_VENT__MEC
B,B_N_14_P05_COOL__MEC,CP_Mechanical,MEC,T_Mechanical_Color.png;T_Mechanical_Normal.png;T_Mechanical_Roughness.png;T_Mechanical_Metalness.png,SurfaceAppearance,66,PROTO_COOL__MEC
B,B_N_14_P06_TANK__MEC,CP_Mechanical,MEC,T_Mechanical_Color.png;T_Mechanical_Normal.png;T_Mechanical_Roughness.png;T_Mechanical_Metalness.png,SurfaceAppearance,84,PROTO_TANK__MEC
B,B_N_14__CON,CP_ConcreteDark,CON,T_ConcreteDark_Color.png;T_ConcreteDark_Normal.png;T_ConcreteDark_Roughness.png;T_ConcreteDark_Metalness.png,SurfaceAppearance,46,
B,B_N_14__LOU,CP_Louver,LOU,T_Louver_Color.png;T_Louver_Normal.png;T_Louver_Roughness.png;T_Louver_Metalness.png,SurfaceAppearance,4,
B,B_N_14__NEON_WHT,CP_NEON_WHT,NEON_WHT,F_NEON_WHT.png (swatch only),"Material=Neon, Color=215,228,255 (CyberpunkConfig.NeonColors)",36,
B,B_N_14__PNL,CP_PanelMetal,PNL,T_PanelMetal_Color.png;T_PanelMetal_Normal.png;T_PanelMetal_Roughness.png;T_PanelMetal_Metalness.png,SurfaceAppearance,4,
B,B_N_14__ROF,CP_RoofDeck,ROF,T_RoofDeck_Color.png;T_RoofDeck_Normal.png;T_RoofDeck_Roughness.png;T_RoofDeck_Metalness.png,SurfaceAppearance,6,
B,B_N_14__STL,CP_Steel,STL,T_Steel_Color.png;T_Steel_Normal.png;T_Steel_Roughness.png;T_Steel_Metalness.png,SurfaceAppearance,176,
B,B_N_14__TWN,CP_TowerNight,TWN,T_TowerNight_Color.png;T_TowerNight_Normal.png;T_TowerNight_Roughness.png;T_TowerNight_Metalness.png,SurfaceAppearance,12,
B,B_N_14__WIN_COL,CP_WIN_COL,WIN_COL,F_WIN_COL.png (swatch only),"Material=Neon, Color=140,195,255 (CyberpunkConfig.NeonColors)",202,
B,B_N_14__WIN_PNK,CP_WIN_PNK,WIN_PNK,F_WIN_PNK.png (swatch only),"Material=Neon, Color=255,120,200 (CyberpunkConfig.NeonColors)",20,
B,B_N_15_P01_COOL__MEC,CP_Mechanical,MEC,T_Mechanical_Color.png;T_Mechanical_Normal.png;T_Mechanical_Roughness.png;T_Mechanical_Metalness.png,SurfaceAppearance,66,PROTO_COOL__MEC
B,B_N_15_P02_COOL__MEC,CP_Mechanical,MEC,T_Mechanical_Color.png;T_Mechanical_Normal.png;T_Mechanical_Roughness.png;T_Mechanical_Metalness.png,SurfaceAppearance,66,PROTO_COOL__MEC
B,B_N_15_P03_VENT__MEC,CP_Mechanical,MEC,T_Mechanical_Color.png;T_Mechanical_Normal.png;T_Mechanical_Roughness.png;T_Mechanical_Metalness.png,SurfaceAppearance,44,PROTO_VENT__MEC
B,B_N_15_P04_HVAC_S__MEC,CP_Mechanical,MEC,T_Mechanical_Color.png;T_Mechanical_Normal.png;T_Mechanical_Roughness.png;T_Mechanical_Metalness.png,SurfaceAppearance,32,PROTO_HVAC_S__MEC
B,B_N_15_P05_STACK__MEC,CP_Mechanical,MEC,T_Mechanical_Color.png;T_Mechanical_Normal.png;T_Mechanical_Roughness.png;T_Mechanical_Metalness.png,SurfaceAppearance,128,PROTO_STACK__MEC
B,B_N_15__CON,CP_ConcreteDark,CON,T_ConcreteDark_Color.png;T_ConcreteDark_Normal.png;T_ConcreteDark_Roughness.png;T_ConcreteDark_Metalness.png,SurfaceAppearance,46,
B,B_N_15__NEON_VIO,CP_NEON_VIO,NEON_VIO,F_NEON_VIO.png (swatch only),"Material=Neon, Color=150,45,255 (CyberpunkConfig.NeonColors)",10,
B,B_N_15__RIB,CP_GlassRibbon,RIB,T_GlassRibbon_Color.png;T_GlassRibbon_Normal.png;T_GlassRibbon_Roughness.png;T_GlassRibbon_Metalness.png,SurfaceAppearance,2,
B,B_N_15__ROF,CP_RoofDeck,ROF,T_RoofDeck_Color.png;T_RoofDeck_Normal.png;T_RoofDeck_Roughness.png;T_RoofDeck_Metalness.png,SurfaceAppearance,4,
B,B_N_15__STL,CP_Steel,STL,T_Steel_Color.png;T_Steel_Normal.png;T_Steel_Roughness.png;T_Steel_Metalness.png,SurfaceAppearance,48,
B,B_N_15__TWN,CP_TowerNight,TWN,T_TowerNight_Color.png;T_TowerNight_Normal.png;T_TowerNight_Roughness.png;T_TowerNight_Metalness.png,SurfaceAppearance,6,
B,B_N_15__WIN_COL,CP_WIN_COL,WIN_COL,F_WIN_COL.png (swatch only),"Material=Neon, Color=140,195,255 (CyberpunkConfig.NeonColors)",38,
B,B_N_15__WIN_PNK,CP_WIN_PNK,WIN_PNK,F_WIN_PNK.png (swatch only),"Material=Neon, Color=255,120,200 (CyberpunkConfig.NeonColors)",178,
B,B_N_16_P01_DISH__MEC,CP_Mechanical,MEC,T_Mechanical_Color.png;T_Mechanical_Normal.png;T_Mechanical_Roughness.png;T_Mechanical_Metalness.png,SurfaceAppearance,22,PROTO_DISH__MEC
B,B_N_16_P02_HVAC_L__MEC,CP_Mechanical,MEC,T_Mechanical_Color.png;T_Mechanical_Normal.png;T_Mechanical_Roughness.png;T_Mechanical_Metalness.png,SurfaceAppearance,76,PROTO_HVAC_L__MEC
B,B_N_16_P03_FANBOX__MEC,CP_Mechanical,MEC,T_Mechanical_Color.png;T_Mechanical_Normal.png;T_Mechanical_Roughness.png;T_Mechanical_Metalness.png,SurfaceAppearance,50,PROTO_FANBOX__MEC
B,B_N_16_P04_STACK__MEC,CP_Mechanical,MEC,T_Mechanical_Color.png;T_Mechanical_Normal.png;T_Mechanical_Roughness.png;T_Mechanical_Metalness.png,SurfaceAppearance,128,PROTO_STACK__MEC
B,B_N_16__CON,CP_ConcreteDark,CON,T_ConcreteDark_Color.png;T_ConcreteDark_Normal.png;T_ConcreteDark_Roughness.png;T_ConcreteDark_Metalness.png,SurfaceAppearance,6,
B,B_N_16__PNL,CP_PanelMetal,PNL,T_PanelMetal_Color.png;T_PanelMetal_Normal.png;T_PanelMetal_Roughness.png;T_PanelMetal_Metalness.png,SurfaceAppearance,8,
B,B_N_16__ROF,CP_RoofDeck,ROF,T_RoofDeck_Color.png;T_RoofDeck_Normal.png;T_RoofDeck_Roughness.png;T_RoofDeck_Metalness.png,SurfaceAppearance,8,
B,B_N_16__STL,CP_Steel,STL,T_Steel_Color.png;T_Steel_Normal.png;T_Steel_Roughness.png;T_Steel_Metalness.png,SurfaceAppearance,64,
B,B_N_16__TEC,CP_TechPanel,TEC,T_TechPanel_Color.png;T_TechPanel_Normal.png;T_TechPanel_Roughness.png;T_TechPanel_Metalness.png,SurfaceAppearance,8,
B,B_N_16__TWN,CP_TowerNight,TWN,T_TowerNight_Color.png;T_TowerNight_Normal.png;T_TowerNight_Roughness.png;T_TowerNight_Metalness.png,SurfaceAppearance,8,
B,B_N_16__WIN_WRM,CP_WIN_WRM,WIN_WRM,F_WIN_WRM.png (swatch only),"Material=Neon, Color=255,190,125 (CyberpunkConfig.NeonColors)",364,
B,B_N_17_P01_STACK__MEC,CP_Mechanical,MEC,T_Mechanical_Color.png;T_Mechanical_Normal.png;T_Mechanical_Roughness.png;T_Mechanical_Metalness.png,SurfaceAppearance,128,PROTO_STACK__MEC
B,B_N_17_P02_VENT__MEC,CP_Mechanical,MEC,T_Mechanical_Color.png;T_Mechanical_Normal.png;T_Mechanical_Roughness.png;T_Mechanical_Metalness.png,SurfaceAppearance,44,PROTO_VENT__MEC
B,B_N_17_P03_TANK__MEC,CP_Mechanical,MEC,T_Mechanical_Color.png;T_Mechanical_Normal.png;T_Mechanical_Roughness.png;T_Mechanical_Metalness.png,SurfaceAppearance,84,PROTO_TANK__MEC
B,B_N_17_P04_GEN__MEC,CP_Mechanical,MEC,T_Mechanical_Color.png;T_Mechanical_Normal.png;T_Mechanical_Roughness.png;T_Mechanical_Metalness.png,SurfaceAppearance,70,PROTO_GEN__MEC
B,B_N_17_P05_HVAC_S__MEC,CP_Mechanical,MEC,T_Mechanical_Color.png;T_Mechanical_Normal.png;T_Mechanical_Roughness.png;T_Mechanical_Metalness.png,SurfaceAppearance,32,PROTO_HVAC_S__MEC
B,B_N_17_P06_VENT__MEC,CP_Mechanical,MEC,T_Mechanical_Color.png;T_Mechanical_Normal.png;T_Mechanical_Roughness.png;T_Mechanical_Metalness.png,SurfaceAppearance,44,PROTO_VENT__MEC
B,B_N_17__CON,CP_ConcreteDark,CON,T_ConcreteDark_Color.png;T_ConcreteDark_Normal.png;T_ConcreteDark_Roughness.png;T_ConcreteDark_Metalness.png,SurfaceAppearance,6,
B,B_N_17__GLS,CP_GlassCurtain,GLS,T_GlassCurtain_Color.png;T_GlassCurtain_Normal.png;T_GlassCurtain_Roughness.png;T_GlassCurtain_Metalness.png,SurfaceAppearance (Color/Normal/Roughness/Metalness),2,
B,B_N_17__NEON_CYN,CP_NEON_CYN,NEON_CYN,F_NEON_CYN.png (swatch only),"Material=Neon, Color=0,230,255 (CyberpunkConfig.NeonColors)",26,
B,B_N_17__PNL,CP_PanelMetal,PNL,T_PanelMetal_Color.png;T_PanelMetal_Normal.png;T_PanelMetal_Roughness.png;T_PanelMetal_Metalness.png,SurfaceAppearance,6,
B,B_N_17__ROF,CP_RoofDeck,ROF,T_RoofDeck_Color.png;T_RoofDeck_Normal.png;T_RoofDeck_Roughness.png;T_RoofDeck_Metalness.png,SurfaceAppearance,6,
B,B_N_17__STL,CP_Steel,STL,T_Steel_Color.png;T_Steel_Normal.png;T_Steel_Roughness.png;T_Steel_Metalness.png,SurfaceAppearance,12,
B,B_N_17__TEC,CP_TechPanel,TEC,T_TechPanel_Color.png;T_TechPanel_Normal.png;T_TechPanel_Roughness.png;T_TechPanel_Metalness.png,SurfaceAppearance,2,
B,B_N_17__TWN,CP_TowerNight,TWN,T_TowerNight_Color.png;T_TowerNight_Normal.png;T_TowerNight_Roughness.png;T_TowerNight_Metalness.png,SurfaceAppearance,12,
B,B_N_17__WIN_PNK,CP_WIN_PNK,WIN_PNK,F_WIN_PNK.png (swatch only),"Material=Neon, Color=255,120,200 (CyberpunkConfig.NeonColors)",88,
B,B_N_17__WIN_WRM,CP_WIN_WRM,WIN_WRM,F_WIN_WRM.png (swatch only),"Material=Neon, Color=255,190,125 (CyberpunkConfig.NeonColors)",566,
B,B_N_18_P01_STACK__MEC,CP_Mechanical,MEC,T_Mechanical_Color.png;T_Mechanical_Normal.png;T_Mechanical_Roughness.png;T_Mechanical_Metalness.png,SurfaceAppearance,128,PROTO_STACK__MEC
B,B_N_18_P02_DISH__MEC,CP_Mechanical,MEC,T_Mechanical_Color.png;T_Mechanical_Normal.png;T_Mechanical_Roughness.png;T_Mechanical_Metalness.png,SurfaceAppearance,22,PROTO_DISH__MEC
B,B_N_18_P03_FANBOX__MEC,CP_Mechanical,MEC,T_Mechanical_Color.png;T_Mechanical_Normal.png;T_Mechanical_Roughness.png;T_Mechanical_Metalness.png,SurfaceAppearance,50,PROTO_FANBOX__MEC
B,B_N_18_P04_HVAC_S__MEC,CP_Mechanical,MEC,T_Mechanical_Color.png;T_Mechanical_Normal.png;T_Mechanical_Roughness.png;T_Mechanical_Metalness.png,SurfaceAppearance,32,PROTO_HVAC_S__MEC
B,B_N_18_P05_TANK__MEC,CP_Mechanical,MEC,T_Mechanical_Color.png;T_Mechanical_Normal.png;T_Mechanical_Roughness.png;T_Mechanical_Metalness.png,SurfaceAppearance,84,PROTO_TANK__MEC
B,B_N_18_P06_FANBOX__MEC,CP_Mechanical,MEC,T_Mechanical_Color.png;T_Mechanical_Normal.png;T_Mechanical_Roughness.png;T_Mechanical_Metalness.png,SurfaceAppearance,50,PROTO_FANBOX__MEC
B,B_N_18_P07_STACK__MEC,CP_Mechanical,MEC,T_Mechanical_Color.png;T_Mechanical_Normal.png;T_Mechanical_Roughness.png;T_Mechanical_Metalness.png,SurfaceAppearance,128,PROTO_STACK__MEC
B,B_N_18_P08_STACK__MEC,CP_Mechanical,MEC,T_Mechanical_Color.png;T_Mechanical_Normal.png;T_Mechanical_Roughness.png;T_Mechanical_Metalness.png,SurfaceAppearance,128,PROTO_STACK__MEC
B,B_N_18_P09_DISH__MEC,CP_Mechanical,MEC,T_Mechanical_Color.png;T_Mechanical_Normal.png;T_Mechanical_Roughness.png;T_Mechanical_Metalness.png,SurfaceAppearance,22,PROTO_DISH__MEC
B,B_N_18__CON,CP_ConcreteDark,CON,T_ConcreteDark_Color.png;T_ConcreteDark_Normal.png;T_ConcreteDark_Roughness.png;T_ConcreteDark_Metalness.png,SurfaceAppearance,16,
B,B_N_18__MEC,CP_Mechanical,MEC,T_Mechanical_Color.png;T_Mechanical_Normal.png;T_Mechanical_Roughness.png;T_Mechanical_Metalness.png,SurfaceAppearance,10,
B,B_N_18__NEON_BLU,CP_NEON_BLU,NEON_BLU,F_NEON_BLU.png (swatch only),"Material=Neon, Color=30,95,255 (CyberpunkConfig.NeonColors)",10,
B,B_N_18__NEON_MAG,CP_NEON_MAG,NEON_MAG,F_NEON_MAG.png (swatch only),"Material=Neon, Color=255,25,175 (CyberpunkConfig.NeonColors)",90,
B,B_N_18__RIB,CP_GlassRibbon,RIB,T_GlassRibbon_Color.png;T_GlassRibbon_Normal.png;T_GlassRibbon_Roughness.png;T_GlassRibbon_Metalness.png,SurfaceAppearance,4,
B,B_N_18__ROF,CP_RoofDeck,ROF,T_RoofDeck_Color.png;T_RoofDeck_Normal.png;T_RoofDeck_Roughness.png;T_RoofDeck_Metalness.png,SurfaceAppearance,12,
B,B_N_18__STL,CP_Steel,STL,T_Steel_Color.png;T_Steel_Normal.png;T_Steel_Roughness.png;T_Steel_Metalness.png,SurfaceAppearance,70,
B,B_N_18__TWN,CP_TowerNight,TWN,T_TowerNight_Color.png;T_TowerNight_Normal.png;T_TowerNight_Roughness.png;T_TowerNight_Metalness.png,SurfaceAppearance,12,
B,B_N_18__WIN_PNK,CP_WIN_PNK,WIN_PNK,F_WIN_PNK.png (swatch only),"Material=Neon, Color=255,120,200 (CyberpunkConfig.NeonColors)",56,
B,B_N_18__WIN_WRM,CP_WIN_WRM,WIN_WRM,F_WIN_WRM.png (swatch only),"Material=Neon, Color=255,190,125 (CyberpunkConfig.NeonColors)",382,
B,B_N_19_P01_TANK__MEC,CP_Mechanical,MEC,T_Mechanical_Color.png;T_Mechanical_Normal.png;T_Mechanical_Roughness.png;T_Mechanical_Metalness.png,SurfaceAppearance,84,PROTO_TANK__MEC
B,B_N_19_P02_TANK__MEC,CP_Mechanical,MEC,T_Mechanical_Color.png;T_Mechanical_Normal.png;T_Mechanical_Roughness.png;T_Mechanical_Metalness.png,SurfaceAppearance,84,PROTO_TANK__MEC
B,B_N_19_P03_VENT__MEC,CP_Mechanical,MEC,T_Mechanical_Color.png;T_Mechanical_Normal.png;T_Mechanical_Roughness.png;T_Mechanical_Metalness.png,SurfaceAppearance,44,PROTO_VENT__MEC
B,B_N_19__CON,CP_ConcreteDark,CON,T_ConcreteDark_Color.png;T_ConcreteDark_Normal.png;T_ConcreteDark_Roughness.png;T_ConcreteDark_Metalness.png,SurfaceAppearance,46,
B,B_N_19__MEC,CP_Mechanical,MEC,T_Mechanical_Color.png;T_Mechanical_Normal.png;T_Mechanical_Roughness.png;T_Mechanical_Metalness.png,SurfaceAppearance,98,
B,B_N_19__NEON_MAG,CP_NEON_MAG,NEON_MAG,F_NEON_MAG.png (swatch only),"Material=Neon, Color=255,25,175 (CyberpunkConfig.NeonColors)",50,
B,B_N_19__NEON_RED,CP_NEON_RED,NEON_RED,F_NEON_RED.png (swatch only),"Material=Neon, Color=255,32,45 (CyberpunkConfig.NeonColors)",12,
B,B_N_19__PNL,CP_PanelMetal,PNL,T_PanelMetal_Color.png;T_PanelMetal_Normal.png;T_PanelMetal_Roughness.png;T_PanelMetal_Metalness.png,SurfaceAppearance,2,
B,B_N_19__RIB,CP_GlassRibbon,RIB,T_GlassRibbon_Color.png;T_GlassRibbon_Normal.png;T_GlassRibbon_Roughness.png;T_GlassRibbon_Metalness.png,SurfaceAppearance,2,
B,B_N_19__ROF,CP_RoofDeck,ROF,T_RoofDeck_Color.png;T_RoofDeck_Normal.png;T_RoofDeck_Roughness.png;T_RoofDeck_Metalness.png,SurfaceAppearance,6,
B,B_N_19__STL,CP_Steel,STL,T_Steel_Color.png;T_Steel_Normal.png;T_Steel_Roughness.png;T_Steel_Metalness.png,SurfaceAppearance,76,
B,B_N_19__TWN,CP_TowerNight,TWN,T_TowerNight_Color.png;T_TowerNight_Normal.png;T_TowerNight_Roughness.png;T_TowerNight_Metalness.png,SurfaceAppearance,6,
B,B_N_19__WIN_VIO,CP_WIN_VIO,WIN_VIO,F_WIN_VIO.png (swatch only),"Material=Neon, Color=170,130,255 (CyberpunkConfig.NeonColors)",304,
B,B_N_20_P01_TANK__MEC,CP_Mechanical,MEC,T_Mechanical_Color.png;T_Mechanical_Normal.png;T_Mechanical_Roughness.png;T_Mechanical_Metalness.png,SurfaceAppearance,84,PROTO_TANK__MEC
B,B_N_20_P02_HVAC_S__MEC,CP_Mechanical,MEC,T_Mechanical_Color.png;T_Mechanical_Normal.png;T_Mechanical_Roughness.png;T_Mechanical_Metalness.png,SurfaceAppearance,32,PROTO_HVAC_S__MEC
B,B_N_20_P03_VENT__MEC,CP_Mechanical,MEC,T_Mechanical_Color.png;T_Mechanical_Normal.png;T_Mechanical_Roughness.png;T_Mechanical_Metalness.png,SurfaceAppearance,44,PROTO_VENT__MEC
B,B_N_20_P04_TANK__MEC,CP_Mechanical,MEC,T_Mechanical_Color.png;T_Mechanical_Normal.png;T_Mechanical_Roughness.png;T_Mechanical_Metalness.png,SurfaceAppearance,84,PROTO_TANK__MEC
B,B_N_20_P05_COOL__MEC,CP_Mechanical,MEC,T_Mechanical_Color.png;T_Mechanical_Normal.png;T_Mechanical_Roughness.png;T_Mechanical_Metalness.png,SurfaceAppearance,66,PROTO_COOL__MEC
B,B_N_20__CON,CP_ConcreteDark,CON,T_ConcreteDark_Color.png;T_ConcreteDark_Normal.png;T_ConcreteDark_Roughness.png;T_ConcreteDark_Metalness.png,SurfaceAppearance,6,
B,B_N_20__NEON_CYN,CP_NEON_CYN,NEON_CYN,F_NEON_CYN.png (swatch only),"Material=Neon, Color=0,230,255 (CyberpunkConfig.NeonColors)",10,
B,B_N_20__NEON_RED,CP_NEON_RED,NEON_RED,F_NEON_RED.png (swatch only),"Material=Neon, Color=255,32,45 (CyberpunkConfig.NeonColors)",24,
B,B_N_20__NEON_VIO,CP_NEON_VIO,NEON_VIO,F_NEON_VIO.png (swatch only),"Material=Neon, Color=150,45,255 (CyberpunkConfig.NeonColors)",16,
B,B_N_20__PNL,CP_PanelMetal,PNL,T_PanelMetal_Color.png;T_PanelMetal_Normal.png;T_PanelMetal_Roughness.png;T_PanelMetal_Metalness.png,SurfaceAppearance,6,
B,B_N_20__ROF,CP_RoofDeck,ROF,T_RoofDeck_Color.png;T_RoofDeck_Normal.png;T_RoofDeck_Roughness.png;T_RoofDeck_Metalness.png,SurfaceAppearance,8,
B,B_N_20__STL,CP_Steel,STL,T_Steel_Color.png;T_Steel_Normal.png;T_Steel_Roughness.png;T_Steel_Metalness.png,SurfaceAppearance,344,
B,B_N_20__TWN,CP_TowerNight,TWN,T_TowerNight_Color.png;T_TowerNight_Normal.png;T_TowerNight_Roughness.png;T_TowerNight_Metalness.png,SurfaceAppearance,16,
B,B_N_20__WIN_COL,CP_WIN_COL,WIN_COL,F_WIN_COL.png (swatch only),"Material=Neon, Color=140,195,255 (CyberpunkConfig.NeonColors)",416,
B,B_N_20__WIN_PNK,CP_WIN_PNK,WIN_PNK,F_WIN_PNK.png (swatch only),"Material=Neon, Color=255,120,200 (CyberpunkConfig.NeonColors)",74,
B,B_N_21_P01_HVAC_S__MEC,CP_Mechanical,MEC,T_Mechanical_Color.png;T_Mechanical_Normal.png;T_Mechanical_Roughness.png;T_Mechanical_Metalness.png,SurfaceAppearance,32,PROTO_HVAC_S__MEC
B,B_N_21_P02_GEN__MEC,CP_Mechanical,MEC,T_Mechanical_Color.png;T_Mechanical_Normal.png;T_Mechanical_Roughness.png;T_Mechanical_Metalness.png,SurfaceAppearance,70,PROTO_GEN__MEC
B,B_N_21_P03_FANBOX__MEC,CP_Mechanical,MEC,T_Mechanical_Color.png;T_Mechanical_Normal.png;T_Mechanical_Roughness.png;T_Mechanical_Metalness.png,SurfaceAppearance,50,PROTO_FANBOX__MEC
B,B_N_21_P04_HVAC_L__MEC,CP_Mechanical,MEC,T_Mechanical_Color.png;T_Mechanical_Normal.png;T_Mechanical_Roughness.png;T_Mechanical_Metalness.png,SurfaceAppearance,76,PROTO_HVAC_L__MEC
B,B_N_21__CON,CP_ConcreteDark,CON,T_ConcreteDark_Color.png;T_ConcreteDark_Normal.png;T_ConcreteDark_Roughness.png;T_ConcreteDark_Metalness.png,SurfaceAppearance,86,
B,B_N_21__GLS,CP_GlassCurtain,GLS,T_GlassCurtain_Color.png;T_GlassCurtain_Normal.png;T_GlassCurtain_Roughness.png;T_GlassCurtain_Metalness.png,SurfaceAppearance (Color/Normal/Roughness/Metalness),6,
B,B_N_21__NEON_BLU,CP_NEON_BLU,NEON_BLU,F_NEON_BLU.png (swatch only),"Material=Neon, Color=30,95,255 (CyberpunkConfig.NeonColors)",50,
B,B_N_21__NEON_RED,CP_NEON_RED,NEON_RED,F_NEON_RED.png (swatch only),"Material=Neon, Color=255,32,45 (CyberpunkConfig.NeonColors)",24,
B,B_N_21__NEON_WHT,CP_NEON_WHT,NEON_WHT,F_NEON_WHT.png (swatch only),"Material=Neon, Color=215,228,255 (CyberpunkConfig.NeonColors)",84,
B,B_N_21__PNL,CP_PanelMetal,PNL,T_PanelMetal_Color.png;T_PanelMetal_Normal.png;T_PanelMetal_Roughness.png;T_PanelMetal_Metalness.png,SurfaceAppearance,2,
B,B_N_21__ROF,CP_RoofDeck,ROF,T_RoofDeck_Color.png;T_RoofDeck_Normal.png;T_RoofDeck_Roughness.png;T_RoofDeck_Metalness.png,SurfaceAppearance,8,
B,B_N_21__STL,CP_Steel,STL,T_Steel_Color.png;T_Steel_Normal.png;T_Steel_Roughness.png;T_Steel_Metalness.png,SurfaceAppearance,576,
B,B_N_21__TWN,CP_TowerNight,TWN,T_TowerNight_Color.png;T_TowerNight_Normal.png;T_TowerNight_Roughness.png;T_TowerNight_Metalness.png,SurfaceAppearance,10,
B,B_N_21__WIN_COL,CP_WIN_COL,WIN_COL,F_WIN_COL.png (swatch only),"Material=Neon, Color=140,195,255 (CyberpunkConfig.NeonColors)",126,
B,B_N_21__WIN_WRM,CP_WIN_WRM,WIN_WRM,F_WIN_WRM.png (swatch only),"Material=Neon, Color=255,190,125 (CyberpunkConfig.NeonColors)",20,
B,B_N_22_P01_FANBOX__MEC,CP_Mechanical,MEC,T_Mechanical_Color.png;T_Mechanical_Normal.png;T_Mechanical_Roughness.png;T_Mechanical_Metalness.png,SurfaceAppearance,50,PROTO_FANBOX__MEC
B,B_N_22_P02_HVAC_S__MEC,CP_Mechanical,MEC,T_Mechanical_Color.png;T_Mechanical_Normal.png;T_Mechanical_Roughness.png;T_Mechanical_Metalness.png,SurfaceAppearance,32,PROTO_HVAC_S__MEC
B,B_N_22_P03_FANBOX__MEC,CP_Mechanical,MEC,T_Mechanical_Color.png;T_Mechanical_Normal.png;T_Mechanical_Roughness.png;T_Mechanical_Metalness.png,SurfaceAppearance,50,PROTO_FANBOX__MEC
B,B_N_22_P04_HVAC_S__MEC,CP_Mechanical,MEC,T_Mechanical_Color.png;T_Mechanical_Normal.png;T_Mechanical_Roughness.png;T_Mechanical_Metalness.png,SurfaceAppearance,32,PROTO_HVAC_S__MEC
B,B_N_22__CON,CP_ConcreteDark,CON,T_ConcreteDark_Color.png;T_ConcreteDark_Normal.png;T_ConcreteDark_Roughness.png;T_ConcreteDark_Metalness.png,SurfaceAppearance,46,
B,B_N_22__NEON_WHT,CP_NEON_WHT,NEON_WHT,F_NEON_WHT.png (swatch only),"Material=Neon, Color=215,228,255 (CyberpunkConfig.NeonColors)",48,
B,B_N_22__PNL,CP_PanelMetal,PNL,T_PanelMetal_Color.png;T_PanelMetal_Normal.png;T_PanelMetal_Roughness.png;T_PanelMetal_Metalness.png,SurfaceAppearance,4,
B,B_N_22__RIB,CP_GlassRibbon,RIB,T_GlassRibbon_Color.png;T_GlassRibbon_Normal.png;T_GlassRibbon_Roughness.png;T_GlassRibbon_Metalness.png,SurfaceAppearance,4,
B,B_N_22__ROF,CP_RoofDeck,ROF,T_RoofDeck_Color.png;T_RoofDeck_Normal.png;T_RoofDeck_Roughness.png;T_RoofDeck_Metalness.png,SurfaceAppearance,6,
B,B_N_22__STL,CP_Steel,STL,T_Steel_Color.png;T_Steel_Normal.png;T_Steel_Roughness.png;T_Steel_Metalness.png,SurfaceAppearance,196,
B,B_N_22__TWN,CP_TowerNight,TWN,T_TowerNight_Color.png;T_TowerNight_Normal.png;T_TowerNight_Roughness.png;T_TowerNight_Metalness.png,SurfaceAppearance,12,
B,B_N_22__WIN_VIO,CP_WIN_VIO,WIN_VIO,F_WIN_VIO.png (swatch only),"Material=Neon, Color=170,130,255 (CyberpunkConfig.NeonColors)",48,
B,B_N_22__WIN_WRM,CP_WIN_WRM,WIN_WRM,F_WIN_WRM.png (swatch only),"Material=Neon, Color=255,190,125 (CyberpunkConfig.NeonColors)",304,
B,B_N_23_P01_GEN__MEC,CP_Mechanical,MEC,T_Mechanical_Color.png;T_Mechanical_Normal.png;T_Mechanical_Roughness.png;T_Mechanical_Metalness.png,SurfaceAppearance,70,PROTO_GEN__MEC
B,B_N_23_P02_HVAC_L__MEC,CP_Mechanical,MEC,T_Mechanical_Color.png;T_Mechanical_Normal.png;T_Mechanical_Roughness.png;T_Mechanical_Metalness.png,SurfaceAppearance,76,PROTO_HVAC_L__MEC
B,B_N_23_P03_TANK__MEC,CP_Mechanical,MEC,T_Mechanical_Color.png;T_Mechanical_Normal.png;T_Mechanical_Roughness.png;T_Mechanical_Metalness.png,SurfaceAppearance,84,PROTO_TANK__MEC
B,B_N_23_P04_STACK__MEC,CP_Mechanical,MEC,T_Mechanical_Color.png;T_Mechanical_Normal.png;T_Mechanical_Roughness.png;T_Mechanical_Metalness.png,SurfaceAppearance,128,PROTO_STACK__MEC
B,B_N_23_P05_COOL__MEC,CP_Mechanical,MEC,T_Mechanical_Color.png;T_Mechanical_Normal.png;T_Mechanical_Roughness.png;T_Mechanical_Metalness.png,SurfaceAppearance,66,PROTO_COOL__MEC
B,B_N_23__CON,CP_ConcreteDark,CON,T_ConcreteDark_Color.png;T_ConcreteDark_Normal.png;T_ConcreteDark_Roughness.png;T_ConcreteDark_Metalness.png,SurfaceAppearance,6,
B,B_N_23__LOU,CP_Louver,LOU,T_Louver_Color.png;T_Louver_Normal.png;T_Louver_Roughness.png;T_Louver_Metalness.png,SurfaceAppearance,2,
B,B_N_23__PNL,CP_PanelMetal,PNL,T_PanelMetal_Color.png;T_PanelMetal_Normal.png;T_PanelMetal_Roughness.png;T_PanelMetal_Metalness.png,SurfaceAppearance,2,
B,B_N_23__ROF,CP_RoofDeck,ROF,T_RoofDeck_Color.png;T_RoofDeck_Normal.png;T_RoofDeck_Roughness.png;T_RoofDeck_Metalness.png,SurfaceAppearance,4,
B,B_N_23__STL,CP_Steel,STL,T_Steel_Color.png;T_Steel_Normal.png;T_Steel_Roughness.png;T_Steel_Metalness.png,SurfaceAppearance,200,
B,B_N_23__TWN,CP_TowerNight,TWN,T_TowerNight_Color.png;T_TowerNight_Normal.png;T_TowerNight_Roughness.png;T_TowerNight_Metalness.png,SurfaceAppearance,6,
B,B_N_23__WIN_COL,CP_WIN_COL,WIN_COL,F_WIN_COL.png (swatch only),"Material=Neon, Color=140,195,255 (CyberpunkConfig.NeonColors)",496,
B,B_N_24_P01_FANBOX__MEC,CP_Mechanical,MEC,T_Mechanical_Color.png;T_Mechanical_Normal.png;T_Mechanical_Roughness.png;T_Mechanical_Metalness.png,SurfaceAppearance,50,PROTO_FANBOX__MEC
B,B_N_24_P02_FANBOX__MEC,CP_Mechanical,MEC,T_Mechanical_Color.png;T_Mechanical_Normal.png;T_Mechanical_Roughness.png;T_Mechanical_Metalness.png,SurfaceAppearance,50,PROTO_FANBOX__MEC
B,B_N_24_P03_STACK__MEC,CP_Mechanical,MEC,T_Mechanical_Color.png;T_Mechanical_Normal.png;T_Mechanical_Roughness.png;T_Mechanical_Metalness.png,SurfaceAppearance,128,PROTO_STACK__MEC
B,B_N_24_P04_TANK__MEC,CP_Mechanical,MEC,T_Mechanical_Color.png;T_Mechanical_Normal.png;T_Mechanical_Roughness.png;T_Mechanical_Metalness.png,SurfaceAppearance,84,PROTO_TANK__MEC
B,B_N_24_P05_DISH__MEC,CP_Mechanical,MEC,T_Mechanical_Color.png;T_Mechanical_Normal.png;T_Mechanical_Roughness.png;T_Mechanical_Metalness.png,SurfaceAppearance,22,PROTO_DISH__MEC
B,B_N_24_P06_HVAC_S__MEC,CP_Mechanical,MEC,T_Mechanical_Color.png;T_Mechanical_Normal.png;T_Mechanical_Roughness.png;T_Mechanical_Metalness.png,SurfaceAppearance,32,PROTO_HVAC_S__MEC
B,B_N_24__CON,CP_ConcreteDark,CON,T_ConcreteDark_Color.png;T_ConcreteDark_Normal.png;T_ConcreteDark_Roughness.png;T_ConcreteDark_Metalness.png,SurfaceAppearance,46,
B,B_N_24__NEON_MAG,CP_NEON_MAG,NEON_MAG,F_NEON_MAG.png (swatch only),"Material=Neon, Color=255,25,175 (CyberpunkConfig.NeonColors)",10,
B,B_N_24__NEON_RED,CP_NEON_RED,NEON_RED,F_NEON_RED.png (swatch only),"Material=Neon, Color=255,32,45 (CyberpunkConfig.NeonColors)",24,
B,B_N_24__NEON_WHT,CP_NEON_WHT,NEON_WHT,F_NEON_WHT.png (swatch only),"Material=Neon, Color=215,228,255 (CyberpunkConfig.NeonColors)",48,
B,B_N_24__PNL,CP_PanelMetal,PNL,T_PanelMetal_Color.png;T_PanelMetal_Normal.png;T_PanelMetal_Roughness.png;T_PanelMetal_Metalness.png,SurfaceAppearance,2,
B,B_N_24__RIB,CP_GlassRibbon,RIB,T_GlassRibbon_Color.png;T_GlassRibbon_Normal.png;T_GlassRibbon_Roughness.png;T_GlassRibbon_Metalness.png,SurfaceAppearance,2,
B,B_N_24__ROF,CP_RoofDeck,ROF,T_RoofDeck_Color.png;T_RoofDeck_Normal.png;T_RoofDeck_Roughness.png;T_RoofDeck_Metalness.png,SurfaceAppearance,6,
B,B_N_24__STL,CP_Steel,STL,T_Steel_Color.png;T_Steel_Normal.png;T_Steel_Roughness.png;T_Steel_Metalness.png,SurfaceAppearance,680,
B,B_N_24__TEC,CP_TechPanel,TEC,T_TechPanel_Color.png;T_TechPanel_Normal.png;T_TechPanel_Roughness.png;T_TechPanel_Metalness.png,SurfaceAppearance,2,
B,B_N_24__TWN,CP_TowerNight,TWN,T_TowerNight_Color.png;T_TowerNight_Normal.png;T_TowerNight_Roughness.png;T_TowerNight_Metalness.png,SurfaceAppearance,12,
B,B_N_24__WIN_WRM,CP_WIN_WRM,WIN_WRM,F_WIN_WRM.png (swatch only),"Material=Neon, Color=255,190,125 (CyberpunkConfig.NeonColors)",176,
B,B_N_25_P01_HVAC_L__MEC,CP_Mechanical,MEC,T_Mechanical_Color.png;T_Mechanical_Normal.png;T_Mechanical_Roughness.png;T_Mechanical_Metalness.png,SurfaceAppearance,76,PROTO_HVAC_L__MEC
B,B_N_25_P02_COOL__MEC,CP_Mechanical,MEC,T_Mechanical_Color.png;T_Mechanical_Normal.png;T_Mechanical_Roughness.png;T_Mechanical_Metalness.png,SurfaceAppearance,66,PROTO_COOL__MEC
B,B_N_25_P03_HVAC_S__MEC,CP_Mechanical,MEC,T_Mechanical_Color.png;T_Mechanical_Normal.png;T_Mechanical_Roughness.png;T_Mechanical_Metalness.png,SurfaceAppearance,32,PROTO_HVAC_S__MEC
B,B_N_25_P04_HVAC_L__MEC,CP_Mechanical,MEC,T_Mechanical_Color.png;T_Mechanical_Normal.png;T_Mechanical_Roughness.png;T_Mechanical_Metalness.png,SurfaceAppearance,76,PROTO_HVAC_L__MEC
B,B_N_25_P05_VENT__MEC,CP_Mechanical,MEC,T_Mechanical_Color.png;T_Mechanical_Normal.png;T_Mechanical_Roughness.png;T_Mechanical_Metalness.png,SurfaceAppearance,44,PROTO_VENT__MEC
B,B_N_25_P06_VENT__MEC,CP_Mechanical,MEC,T_Mechanical_Color.png;T_Mechanical_Normal.png;T_Mechanical_Roughness.png;T_Mechanical_Metalness.png,SurfaceAppearance,44,PROTO_VENT__MEC
B,B_N_25_P07_TANK__MEC,CP_Mechanical,MEC,T_Mechanical_Color.png;T_Mechanical_Normal.png;T_Mechanical_Roughness.png;T_Mechanical_Metalness.png,SurfaceAppearance,84,PROTO_TANK__MEC
B,B_N_25_P08_COOL__MEC,CP_Mechanical,MEC,T_Mechanical_Color.png;T_Mechanical_Normal.png;T_Mechanical_Roughness.png;T_Mechanical_Metalness.png,SurfaceAppearance,66,PROTO_COOL__MEC
B,B_N_25_P09_TANK__MEC,CP_Mechanical,MEC,T_Mechanical_Color.png;T_Mechanical_Normal.png;T_Mechanical_Roughness.png;T_Mechanical_Metalness.png,SurfaceAppearance,84,PROTO_TANK__MEC
B,B_N_25__CON,CP_ConcreteDark,CON,T_ConcreteDark_Color.png;T_ConcreteDark_Normal.png;T_ConcreteDark_Roughness.png;T_ConcreteDark_Metalness.png,SurfaceAppearance,46,
B,B_N_25__MEC,CP_Mechanical,MEC,T_Mechanical_Color.png;T_Mechanical_Normal.png;T_Mechanical_Roughness.png;T_Mechanical_Metalness.png,SurfaceAppearance,10,
B,B_N_25__NEON_CYN,CP_NEON_CYN,NEON_CYN,F_NEON_CYN.png (swatch only),"Material=Neon, Color=0,230,255 (CyberpunkConfig.NeonColors)",30,
B,B_N_25__NEON_MAG,CP_NEON_MAG,NEON_MAG,F_NEON_MAG.png (swatch only),"Material=Neon, Color=255,25,175 (CyberpunkConfig.NeonColors)",100,
B,B_N_25__NEON_RED,CP_NEON_RED,NEON_RED,F_NEON_RED.png (swatch only),"Material=Neon, Color=255,32,45 (CyberpunkConfig.NeonColors)",24,
B,B_N_25__NEON_WHT,CP_NEON_WHT,NEON_WHT,F_NEON_WHT.png (swatch only),"Material=Neon, Color=215,228,255 (CyberpunkConfig.NeonColors)",36,
B,B_N_25__PNL,CP_PanelMetal,PNL,T_PanelMetal_Color.png;T_PanelMetal_Normal.png;T_PanelMetal_Roughness.png;T_PanelMetal_Metalness.png,SurfaceAppearance,4,
B,B_N_25__ROF,CP_RoofDeck,ROF,T_RoofDeck_Color.png;T_RoofDeck_Normal.png;T_RoofDeck_Roughness.png;T_RoofDeck_Metalness.png,SurfaceAppearance,4,
B,B_N_25__STL,CP_Steel,STL,T_Steel_Color.png;T_Steel_Normal.png;T_Steel_Roughness.png;T_Steel_Metalness.png,SurfaceAppearance,664,
B,B_N_25__TEC,CP_TechPanel,TEC,T_TechPanel_Color.png;T_TechPanel_Normal.png;T_TechPanel_Roughness.png;T_TechPanel_Metalness.png,SurfaceAppearance,2,
B,B_N_25__TWN,CP_TowerNight,TWN,T_TowerNight_Color.png;T_TowerNight_Normal.png;T_TowerNight_Roughness.png;T_TowerNight_Metalness.png,SurfaceAppearance,6,
B,B_N_25__WIN_COL,CP_WIN_COL,WIN_COL,F_WIN_COL.png (swatch only),"Material=Neon, Color=140,195,255 (CyberpunkConfig.NeonColors)",62,
B,B_N_25__WIN_WRM,CP_WIN_WRM,WIN_WRM,F_WIN_WRM.png (swatch only),"Material=Neon, Color=255,190,125 (CyberpunkConfig.NeonColors)",224,
B,B_N_26_P01_DISH__MEC,CP_Mechanical,MEC,T_Mechanical_Color.png;T_Mechanical_Normal.png;T_Mechanical_Roughness.png;T_Mechanical_Metalness.png,SurfaceAppearance,22,PROTO_DISH__MEC
B,B_N_26_P02_FANBOX__MEC,CP_Mechanical,MEC,T_Mechanical_Color.png;T_Mechanical_Normal.png;T_Mechanical_Roughness.png;T_Mechanical_Metalness.png,SurfaceAppearance,50,PROTO_FANBOX__MEC
B,B_N_26_P03_TANK__MEC,CP_Mechanical,MEC,T_Mechanical_Color.png;T_Mechanical_Normal.png;T_Mechanical_Roughness.png;T_Mechanical_Metalness.png,SurfaceAppearance,84,PROTO_TANK__MEC
B,B_N_26_P04_VENT__MEC,CP_Mechanical,MEC,T_Mechanical_Color.png;T_Mechanical_Normal.png;T_Mechanical_Roughness.png;T_Mechanical_Metalness.png,SurfaceAppearance,44,PROTO_VENT__MEC
B,B_N_26_P05_VENT__MEC,CP_Mechanical,MEC,T_Mechanical_Color.png;T_Mechanical_Normal.png;T_Mechanical_Roughness.png;T_Mechanical_Metalness.png,SurfaceAppearance,44,PROTO_VENT__MEC
B,B_N_26__CON,CP_ConcreteDark,CON,T_ConcreteDark_Color.png;T_ConcreteDark_Normal.png;T_ConcreteDark_Roughness.png;T_ConcreteDark_Metalness.png,SurfaceAppearance,16,
B,B_N_26__NEON_RED,CP_NEON_RED,NEON_RED,F_NEON_RED.png (swatch only),"Material=Neon, Color=255,32,45 (CyberpunkConfig.NeonColors)",24,
B,B_N_26__ROF,CP_RoofDeck,ROF,T_RoofDeck_Color.png;T_RoofDeck_Normal.png;T_RoofDeck_Roughness.png;T_RoofDeck_Metalness.png,SurfaceAppearance,10,
B,B_N_26__STL,CP_Steel,STL,T_Steel_Color.png;T_Steel_Normal.png;T_Steel_Roughness.png;T_Steel_Metalness.png,SurfaceAppearance,382,
B,B_N_26__TWN,CP_TowerNight,TWN,T_TowerNight_Color.png;T_TowerNight_Normal.png;T_TowerNight_Roughness.png;T_TowerNight_Metalness.png,SurfaceAppearance,8,
B,B_N_26__WIN_COL,CP_WIN_COL,WIN_COL,F_WIN_COL.png (swatch only),"Material=Neon, Color=140,195,255 (CyberpunkConfig.NeonColors)",200,
B,B_N_26__WIN_VIO,CP_WIN_VIO,WIN_VIO,F_WIN_VIO.png (swatch only),"Material=Neon, Color=170,130,255 (CyberpunkConfig.NeonColors)",32,
B,B_N_27_P01_FANBOX__MEC,CP_Mechanical,MEC,T_Mechanical_Color.png;T_Mechanical_Normal.png;T_Mechanical_Roughness.png;T_Mechanical_Metalness.png,SurfaceAppearance,50,PROTO_FANBOX__MEC
B,B_N_27_P02_STACK__MEC,CP_Mechanical,MEC,T_Mechanical_Color.png;T_Mechanical_Normal.png;T_Mechanical_Roughness.png;T_Mechanical_Metalness.png,SurfaceAppearance,128,PROTO_STACK__MEC
B,B_N_27_P03_VENT__MEC,CP_Mechanical,MEC,T_Mechanical_Color.png;T_Mechanical_Normal.png;T_Mechanical_Roughness.png;T_Mechanical_Metalness.png,SurfaceAppearance,44,PROTO_VENT__MEC
B,B_N_27_P04_HVAC_L__MEC,CP_Mechanical,MEC,T_Mechanical_Color.png;T_Mechanical_Normal.png;T_Mechanical_Roughness.png;T_Mechanical_Metalness.png,SurfaceAppearance,76,PROTO_HVAC_L__MEC
B,B_N_27_P05_HVAC_S__MEC,CP_Mechanical,MEC,T_Mechanical_Color.png;T_Mechanical_Normal.png;T_Mechanical_Roughness.png;T_Mechanical_Metalness.png,SurfaceAppearance,32,PROTO_HVAC_S__MEC
B,B_N_27_P06_FANBOX__MEC,CP_Mechanical,MEC,T_Mechanical_Color.png;T_Mechanical_Normal.png;T_Mechanical_Roughness.png;T_Mechanical_Metalness.png,SurfaceAppearance,50,PROTO_FANBOX__MEC
B,B_N_27_P07_VENT__MEC,CP_Mechanical,MEC,T_Mechanical_Color.png;T_Mechanical_Normal.png;T_Mechanical_Roughness.png;T_Mechanical_Metalness.png,SurfaceAppearance,44,PROTO_VENT__MEC
B,B_N_27__CON,CP_ConcreteDark,CON,T_ConcreteDark_Color.png;T_ConcreteDark_Normal.png;T_ConcreteDark_Roughness.png;T_ConcreteDark_Metalness.png,SurfaceAppearance,46,
B,B_N_27__MEC,CP_Mechanical,MEC,T_Mechanical_Color.png;T_Mechanical_Normal.png;T_Mechanical_Roughness.png;T_Mechanical_Metalness.png,SurfaceAppearance,10,
B,B_N_27__NEON_RED,CP_NEON_RED,NEON_RED,F_NEON_RED.png (swatch only),"Material=Neon, Color=255,32,45 (CyberpunkConfig.NeonColors)",34,
B,B_N_27__ROF,CP_RoofDeck,ROF,T_RoofDeck_Color.png;T_RoofDeck_Normal.png;T_RoofDeck_Roughness.png;T_RoofDeck_Metalness.png,SurfaceAppearance,8,
B,B_N_27__STL,CP_Steel,STL,T_Steel_Color.png;T_Steel_Normal.png;T_Steel_Roughness.png;T_Steel_Metalness.png,SurfaceAppearance,488,
B,B_N_27__TWN,CP_TowerNight,TWN,T_TowerNight_Color.png;T_TowerNight_Normal.png;T_TowerNight_Roughness.png;T_TowerNight_Metalness.png,SurfaceAppearance,16,
B,B_N_27__WIN_COL,CP_WIN_COL,WIN_COL,F_WIN_COL.png (swatch only),"Material=Neon, Color=140,195,255 (CyberpunkConfig.NeonColors)",20,
B,B_N_27__WIN_WRM,CP_WIN_WRM,WIN_WRM,F_WIN_WRM.png (swatch only),"Material=Neon, Color=255,190,125 (CyberpunkConfig.NeonColors)",140,
B,B_N_28_P01_TANK__MEC,CP_Mechanical,MEC,T_Mechanical_Color.png;T_Mechanical_Normal.png;T_Mechanical_Roughness.png;T_Mechanical_Metalness.png,SurfaceAppearance,84,PROTO_TANK__MEC
B,B_N_28_P02_GEN__MEC,CP_Mechanical,MEC,T_Mechanical_Color.png;T_Mechanical_Normal.png;T_Mechanical_Roughness.png;T_Mechanical_Metalness.png,SurfaceAppearance,70,PROTO_GEN__MEC
B,B_N_28_P03_VENT__MEC,CP_Mechanical,MEC,T_Mechanical_Color.png;T_Mechanical_Normal.png;T_Mechanical_Roughness.png;T_Mechanical_Metalness.png,SurfaceAppearance,44,PROTO_VENT__MEC
B,B_N_28_P04_VENT__MEC,CP_Mechanical,MEC,T_Mechanical_Color.png;T_Mechanical_Normal.png;T_Mechanical_Roughness.png;T_Mechanical_Metalness.png,SurfaceAppearance,44,PROTO_VENT__MEC
B,B_N_28_P05_HVAC_S__MEC,CP_Mechanical,MEC,T_Mechanical_Color.png;T_Mechanical_Normal.png;T_Mechanical_Roughness.png;T_Mechanical_Metalness.png,SurfaceAppearance,32,PROTO_HVAC_S__MEC
B,B_N_28__CON,CP_ConcreteDark,CON,T_ConcreteDark_Color.png;T_ConcreteDark_Normal.png;T_ConcreteDark_Roughness.png;T_ConcreteDark_Metalness.png,SurfaceAppearance,46,
B,B_N_28__GLS,CP_GlassCurtain,GLS,T_GlassCurtain_Color.png;T_GlassCurtain_Normal.png;T_GlassCurtain_Roughness.png;T_GlassCurtain_Metalness.png,SurfaceAppearance (Color/Normal/Roughness/Metalness),8,
B,B_N_28__MEC,CP_Mechanical,MEC,T_Mechanical_Color.png;T_Mechanical_Normal.png;T_Mechanical_Roughness.png;T_Mechanical_Metalness.png,SurfaceAppearance,40,
B,B_N_28__NEON_CYN,CP_NEON_CYN,NEON_CYN,F_NEON_CYN.png (swatch only),"Material=Neon, Color=0,230,255 (CyberpunkConfig.NeonColors)",30,
B,B_N_28__NEON_MAG,CP_NEON_MAG,NEON_MAG,F_NEON_MAG.png (swatch only),"Material=Neon, Color=255,25,175 (CyberpunkConfig.NeonColors)",10,
B,B_N_28__ROF,CP_RoofDeck,ROF,T_RoofDeck_Color.png;T_RoofDeck_Normal.png;T_RoofDeck_Roughness.png;T_RoofDeck_Metalness.png,SurfaceAppearance,10,
B,B_N_28__STL,CP_Steel,STL,T_Steel_Color.png;T_Steel_Normal.png;T_Steel_Roughness.png;T_Steel_Metalness.png,SurfaceAppearance,48,
B,B_N_28__TWN,CP_TowerNight,TWN,T_TowerNight_Color.png;T_TowerNight_Normal.png;T_TowerNight_Roughness.png;T_TowerNight_Metalness.png,SurfaceAppearance,8,
B,B_N_28__WIN_COL,CP_WIN_COL,WIN_COL,F_WIN_COL.png (swatch only),"Material=Neon, Color=140,195,255 (CyberpunkConfig.NeonColors)",234,
B,B_N_28__WIN_VIO,CP_WIN_VIO,WIN_VIO,F_WIN_VIO.png (swatch only),"Material=Neon, Color=170,130,255 (CyberpunkConfig.NeonColors)",30,
B,B_N_29_P01_HVAC_L__MEC,CP_Mechanical,MEC,T_Mechanical_Color.png;T_Mechanical_Normal.png;T_Mechanical_Roughness.png;T_Mechanical_Metalness.png,SurfaceAppearance,76,PROTO_HVAC_L__MEC
B,B_N_29_P02_HVAC_S__MEC,CP_Mechanical,MEC,T_Mechanical_Color.png;T_Mechanical_Normal.png;T_Mechanical_Roughness.png;T_Mechanical_Metalness.png,SurfaceAppearance,32,PROTO_HVAC_S__MEC
B,B_N_29_P03_VENT__MEC,CP_Mechanical,MEC,T_Mechanical_Color.png;T_Mechanical_Normal.png;T_Mechanical_Roughness.png;T_Mechanical_Metalness.png,SurfaceAppearance,44,PROTO_VENT__MEC
B,B_N_29_P04_HVAC_S__MEC,CP_Mechanical,MEC,T_Mechanical_Color.png;T_Mechanical_Normal.png;T_Mechanical_Roughness.png;T_Mechanical_Metalness.png,SurfaceAppearance,32,PROTO_HVAC_S__MEC
B,B_N_29_P05_VENT__MEC,CP_Mechanical,MEC,T_Mechanical_Color.png;T_Mechanical_Normal.png;T_Mechanical_Roughness.png;T_Mechanical_Metalness.png,SurfaceAppearance,44,PROTO_VENT__MEC
B,B_N_29__CON,CP_ConcreteDark,CON,T_ConcreteDark_Color.png;T_ConcreteDark_Normal.png;T_ConcreteDark_Roughness.png;T_ConcreteDark_Metalness.png,SurfaceAppearance,6,
B,B_N_29__NEON_CYN,CP_NEON_CYN,NEON_CYN,F_NEON_CYN.png (swatch only),"Material=Neon, Color=0,230,255 (CyberpunkConfig.NeonColors)",10,
B,B_N_29__NEON_VIO,CP_NEON_VIO,NEON_VIO,F_NEON_VIO.png (swatch only),"Material=Neon, Color=150,45,255 (CyberpunkConfig.NeonColors)",16,
B,B_N_29__PNL,CP_PanelMetal,PNL,T_PanelMetal_Color.png;T_PanelMetal_Normal.png;T_PanelMetal_Roughness.png;T_PanelMetal_Metalness.png,SurfaceAppearance,6,
B,B_N_29__ROF,CP_RoofDeck,ROF,T_RoofDeck_Color.png;T_RoofDeck_Normal.png;T_RoofDeck_Roughness.png;T_RoofDeck_Metalness.png,SurfaceAppearance,6,
B,B_N_29__STL,CP_Steel,STL,T_Steel_Color.png;T_Steel_Normal.png;T_Steel_Roughness.png;T_Steel_Metalness.png,SurfaceAppearance,48,
B,B_N_29__TWN,CP_TowerNight,TWN,T_TowerNight_Color.png;T_TowerNight_Normal.png;T_TowerNight_Roughness.png;T_TowerNight_Metalness.png,SurfaceAppearance,16,
B,B_N_29__WIN_COL,CP_WIN_COL,WIN_COL,F_WIN_COL.png (swatch only),"Material=Neon, Color=140,195,255 (CyberpunkConfig.NeonColors)",188,
B,B_N_30_P01_FANBOX__MEC,CP_Mechanical,MEC,T_Mechanical_Color.png;T_Mechanical_Normal.png;T_Mechanical_Roughness.png;T_Mechanical_Metalness.png,SurfaceAppearance,50,PROTO_FANBOX__MEC
B,B_N_30_P02_STACK__MEC,CP_Mechanical,MEC,T_Mechanical_Color.png;T_Mechanical_Normal.png;T_Mechanical_Roughness.png;T_Mechanical_Metalness.png,SurfaceAppearance,128,PROTO_STACK__MEC
B,B_N_30_P03_HVAC_L__MEC,CP_Mechanical,MEC,T_Mechanical_Color.png;T_Mechanical_Normal.png;T_Mechanical_Roughness.png;T_Mechanical_Metalness.png,SurfaceAppearance,76,PROTO_HVAC_L__MEC
B,B_N_30_P04_GEN__MEC,CP_Mechanical,MEC,T_Mechanical_Color.png;T_Mechanical_Normal.png;T_Mechanical_Roughness.png;T_Mechanical_Metalness.png,SurfaceAppearance,70,PROTO_GEN__MEC
B,B_N_30_P05_VENT__MEC,CP_Mechanical,MEC,T_Mechanical_Color.png;T_Mechanical_Normal.png;T_Mechanical_Roughness.png;T_Mechanical_Metalness.png,SurfaceAppearance,44,PROTO_VENT__MEC
B,B_N_30__CON,CP_ConcreteDark,CON,T_ConcreteDark_Color.png;T_ConcreteDark_Normal.png;T_ConcreteDark_Roughness.png;T_ConcreteDark_Metalness.png,SurfaceAppearance,16,
B,B_N_30__GLS,CP_GlassCurtain,GLS,T_GlassCurtain_Color.png;T_GlassCurtain_Normal.png;T_GlassCurtain_Roughness.png;T_GlassCurtain_Metalness.png,SurfaceAppearance (Color/Normal/Roughness/Metalness),4,
B,B_N_30__MEC,CP_Mechanical,MEC,T_Mechanical_Color.png;T_Mechanical_Normal.png;T_Mechanical_Roughness.png;T_Mechanical_Metalness.png,SurfaceAppearance,24,
B,B_N_30__NEON_CYN,CP_NEON_CYN,NEON_CYN,F_NEON_CYN.png (swatch only),"Material=Neon, Color=0,230,255 (CyberpunkConfig.NeonColors)",10,
B,B_N_30__NEON_RED,CP_NEON_RED,NEON_RED,F_NEON_RED.png (swatch only),"Material=Neon, Color=255,32,45 (CyberpunkConfig.NeonColors)",12,
B,B_N_30__NEON_VIO,CP_NEON_VIO,NEON_VIO,F_NEON_VIO.png (swatch only),"Material=Neon, Color=150,45,255 (CyberpunkConfig.NeonColors)",10,
B,B_N_30__NEON_WHT,CP_NEON_WHT,NEON_WHT,F_NEON_WHT.png (swatch only),"Material=Neon, Color=215,228,255 (CyberpunkConfig.NeonColors)",80,
B,B_N_30__ROF,CP_RoofDeck,ROF,T_RoofDeck_Color.png;T_RoofDeck_Normal.png;T_RoofDeck_Roughness.png;T_RoofDeck_Metalness.png,SurfaceAppearance,12,
B,B_N_30__STL,CP_Steel,STL,T_Steel_Color.png;T_Steel_Normal.png;T_Steel_Roughness.png;T_Steel_Metalness.png,SurfaceAppearance,82,
B,B_N_30__TWN,CP_TowerNight,TWN,T_TowerNight_Color.png;T_TowerNight_Normal.png;T_TowerNight_Roughness.png;T_TowerNight_Metalness.png,SurfaceAppearance,12,
B,B_N_30__WIN_VIO,CP_WIN_VIO,WIN_VIO,F_WIN_VIO.png (swatch only),"Material=Neon, Color=170,130,255 (CyberpunkConfig.NeonColors)",30,
B,B_N_30__WIN_WRM,CP_WIN_WRM,WIN_WRM,F_WIN_WRM.png (swatch only),"Material=Neon, Color=255,190,125 (CyberpunkConfig.NeonColors)",264,
B,B_N_31_P01_VENT__MEC,CP_Mechanical,MEC,T_Mechanical_Color.png;T_Mechanical_Normal.png;T_Mechanical_Roughness.png;T_Mechanical_Metalness.png,SurfaceAppearance,44,PROTO_VENT__MEC
B,B_N_31_P02_HVAC_S__MEC,CP_Mechanical,MEC,T_Mechanical_Color.png;T_Mechanical_Normal.png;T_Mechanical_Roughness.png;T_Mechanical_Metalness.png,SurfaceAppearance,32,PROTO_HVAC_S__MEC
B,B_N_31_P03_GEN__MEC,CP_Mechanical,MEC,T_Mechanical_Color.png;T_Mechanical_Normal.png;T_Mechanical_Roughness.png;T_Mechanical_Metalness.png,SurfaceAppearance,70,PROTO_GEN__MEC
B,B_N_31_P04_DISH__MEC,CP_Mechanical,MEC,T_Mechanical_Color.png;T_Mechanical_Normal.png;T_Mechanical_Roughness.png;T_Mechanical_Metalness.png,SurfaceAppearance,22,PROTO_DISH__MEC
B,B_N_31_P05_COOL__MEC,CP_Mechanical,MEC,T_Mechanical_Color.png;T_Mechanical_Normal.png;T_Mechanical_Roughness.png;T_Mechanical_Metalness.png,SurfaceAppearance,66,PROTO_COOL__MEC
B,B_N_31_P06_VENT__MEC,CP_Mechanical,MEC,T_Mechanical_Color.png;T_Mechanical_Normal.png;T_Mechanical_Roughness.png;T_Mechanical_Metalness.png,SurfaceAppearance,44,PROTO_VENT__MEC
B,B_N_31__CON,CP_ConcreteDark,CON,T_ConcreteDark_Color.png;T_ConcreteDark_Normal.png;T_ConcreteDark_Roughness.png;T_ConcreteDark_Metalness.png,SurfaceAppearance,6,
B,B_N_31__MEC,CP_Mechanical,MEC,T_Mechanical_Color.png;T_Mechanical_Normal.png;T_Mechanical_Roughness.png;T_Mechanical_Metalness.png,SurfaceAppearance,24,
B,B_N_31__NEON_RED,CP_NEON_RED,NEON_RED,F_NEON_RED.png (swatch only),"Material=Neon, Color=255,32,45 (CyberpunkConfig.NeonColors)",12,
B,B_N_31__PNL,CP_PanelMetal,PNL,T_PanelMetal_Color.png;T_PanelMetal_Normal.png;T_PanelMetal_Roughness.png;T_PanelMetal_Metalness.png,SurfaceAppearance,8,
B,B_N_31__RIB,CP_GlassRibbon,RIB,T_GlassRibbon_Color.png;T_GlassRibbon_Normal.png;T_GlassRibbon_Roughness.png;T_GlassRibbon_Metalness.png,SurfaceAppearance,2,
B,B_N_31__ROF,CP_RoofDeck,ROF,T_RoofDeck_Color.png;T_RoofDeck_Normal.png;T_RoofDeck_Roughness.png;T_RoofDeck_Metalness.png,SurfaceAppearance,12,
B,B_N_31__STL,CP_Steel,STL,T_Steel_Color.png;T_Steel_Normal.png;T_Steel_Roughness.png;T_Steel_Metalness.png,SurfaceAppearance,24,
B,B_N_31__TEC,CP_TechPanel,TEC,T_TechPanel_Color.png;T_TechPanel_Normal.png;T_TechPanel_Roughness.png;T_TechPanel_Metalness.png,SurfaceAppearance,18,
B,B_N_31__TWN,CP_TowerNight,TWN,T_TowerNight_Color.png;T_TowerNight_Normal.png;T_TowerNight_Roughness.png;T_TowerNight_Metalness.png,SurfaceAppearance,12,
B,B_N_31__WIN_VIO,CP_WIN_VIO,WIN_VIO,F_WIN_VIO.png (swatch only),"Material=Neon, Color=170,130,255 (CyberpunkConfig.NeonColors)",68,
B,B_N_31__WIN_WRM,CP_WIN_WRM,WIN_WRM,F_WIN_WRM.png (swatch only),"Material=Neon, Color=255,190,125 (CyberpunkConfig.NeonColors)",350,
B,B_N_32_P01_DISH__MEC,CP_Mechanical,MEC,T_Mechanical_Color.png;T_Mechanical_Normal.png;T_Mechanical_Roughness.png;T_Mechanical_Metalness.png,SurfaceAppearance,22,PROTO_DISH__MEC
B,B_N_32_P02_COOL__MEC,CP_Mechanical,MEC,T_Mechanical_Color.png;T_Mechanical_Normal.png;T_Mechanical_Roughness.png;T_Mechanical_Metalness.png,SurfaceAppearance,66,PROTO_COOL__MEC
B,B_N_32_P03_VENT__MEC,CP_Mechanical,MEC,T_Mechanical_Color.png;T_Mechanical_Normal.png;T_Mechanical_Roughness.png;T_Mechanical_Metalness.png,SurfaceAppearance,44,PROTO_VENT__MEC
B,B_N_32_P04_TANK__MEC,CP_Mechanical,MEC,T_Mechanical_Color.png;T_Mechanical_Normal.png;T_Mechanical_Roughness.png;T_Mechanical_Metalness.png,SurfaceAppearance,84,PROTO_TANK__MEC
B,B_N_32_P05_HVAC_S__MEC,CP_Mechanical,MEC,T_Mechanical_Color.png;T_Mechanical_Normal.png;T_Mechanical_Roughness.png;T_Mechanical_Metalness.png,SurfaceAppearance,32,PROTO_HVAC_S__MEC
B,B_N_32__CON,CP_ConcreteDark,CON,T_ConcreteDark_Color.png;T_ConcreteDark_Normal.png;T_ConcreteDark_Roughness.png;T_ConcreteDark_Metalness.png,SurfaceAppearance,6,
B,B_N_32__MEC,CP_Mechanical,MEC,T_Mechanical_Color.png;T_Mechanical_Normal.png;T_Mechanical_Roughness.png;T_Mechanical_Metalness.png,SurfaceAppearance,10,
B,B_N_32__NEON_CYN,CP_NEON_CYN,NEON_CYN,F_NEON_CYN.png (swatch only),"Material=Neon, Color=0,230,255 (CyberpunkConfig.NeonColors)",26,
B,B_N_32__NEON_MAG,CP_NEON_MAG,NEON_MAG,F_NEON_MAG.png (swatch only),"Material=Neon, Color=255,25,175 (CyberpunkConfig.NeonColors)",30,
B,B_N_32__PNL,CP_PanelMetal,PNL,T_PanelMetal_Color.png;T_PanelMetal_Normal.png;T_PanelMetal_Roughness.png;T_PanelMetal_Metalness.png,SurfaceAppearance,6,
B,B_N_32__RIB,CP_GlassRibbon,RIB,T_GlassRibbon_Color.png;T_GlassRibbon_Normal.png;T_GlassRibbon_Roughness.png;T_GlassRibbon_Metalness.png,SurfaceAppearance,4,
B,B_N_32__ROF,CP_RoofDeck,ROF,T_RoofDeck_Color.png;T_RoofDeck_Normal.png;T_RoofDeck_Roughness.png;T_RoofDeck_Metalness.png,SurfaceAppearance,6,
B,B_N_32__STL,CP_Steel,STL,T_Steel_Color.png;T_Steel_Normal.png;T_Steel_Roughness.png;T_Steel_Metalness.png,SurfaceAppearance,48,
B,B_N_32__TWN,CP_TowerNight,TWN,T_TowerNight_Color.png;T_TowerNight_Normal.png;T_TowerNight_Roughness.png;T_TowerNight_Metalness.png,SurfaceAppearance,12,
B,B_N_32__WIN_COL,CP_WIN_COL,WIN_COL,F_WIN_COL.png (swatch only),"Material=Neon, Color=140,195,255 (CyberpunkConfig.NeonColors)",140,
B,B_N_33_P01_HVAC_L__MEC,CP_Mechanical,MEC,T_Mechanical_Color.png;T_Mechanical_Normal.png;T_Mechanical_Roughness.png;T_Mechanical_Metalness.png,SurfaceAppearance,76,PROTO_HVAC_L__MEC
B,B_N_33_P02_VENT__MEC,CP_Mechanical,MEC,T_Mechanical_Color.png;T_Mechanical_Normal.png;T_Mechanical_Roughness.png;T_Mechanical_Metalness.png,SurfaceAppearance,44,PROTO_VENT__MEC
B,B_N_33_P03_GEN__MEC,CP_Mechanical,MEC,T_Mechanical_Color.png;T_Mechanical_Normal.png;T_Mechanical_Roughness.png;T_Mechanical_Metalness.png,SurfaceAppearance,70,PROTO_GEN__MEC
B,B_N_33_P04_HVAC_S__MEC,CP_Mechanical,MEC,T_Mechanical_Color.png;T_Mechanical_Normal.png;T_Mechanical_Roughness.png;T_Mechanical_Metalness.png,SurfaceAppearance,32,PROTO_HVAC_S__MEC
B,B_N_33_P05_STACK__MEC,CP_Mechanical,MEC,T_Mechanical_Color.png;T_Mechanical_Normal.png;T_Mechanical_Roughness.png;T_Mechanical_Metalness.png,SurfaceAppearance,128,PROTO_STACK__MEC
B,B_N_33_P06_HVAC_S__MEC,CP_Mechanical,MEC,T_Mechanical_Color.png;T_Mechanical_Normal.png;T_Mechanical_Roughness.png;T_Mechanical_Metalness.png,SurfaceAppearance,32,PROTO_HVAC_S__MEC
B,B_N_33_P07_HVAC_L__MEC,CP_Mechanical,MEC,T_Mechanical_Color.png;T_Mechanical_Normal.png;T_Mechanical_Roughness.png;T_Mechanical_Metalness.png,SurfaceAppearance,76,PROTO_HVAC_L__MEC
B,B_N_33_P08_COOL__MEC,CP_Mechanical,MEC,T_Mechanical_Color.png;T_Mechanical_Normal.png;T_Mechanical_Roughness.png;T_Mechanical_Metalness.png,SurfaceAppearance,66,PROTO_COOL__MEC
B,B_N_33__CON,CP_ConcreteDark,CON,T_ConcreteDark_Color.png;T_ConcreteDark_Normal.png;T_ConcreteDark_Roughness.png;T_ConcreteDark_Metalness.png,SurfaceAppearance,46,
B,B_N_33__MEC,CP_Mechanical,MEC,T_Mechanical_Color.png;T_Mechanical_Normal.png;T_Mechanical_Roughness.png;T_Mechanical_Metalness.png,SurfaceAppearance,10,
B,B_N_33__NEON_RED,CP_NEON_RED,NEON_RED,F_NEON_RED.png (swatch only),"Material=Neon, Color=255,32,45 (CyberpunkConfig.NeonColors)",90,
B,B_N_33__NEON_WHT,CP_NEON_WHT,NEON_WHT,F_NEON_WHT.png (swatch only),"Material=Neon, Color=215,228,255 (CyberpunkConfig.NeonColors)",36,
B,B_N_33__PNL,CP_PanelMetal,PNL,T_PanelMetal_Color.png;T_PanelMetal_Normal.png;T_PanelMetal_Roughness.png;T_PanelMetal_Metalness.png,SurfaceAppearance,4,
B,B_N_33__ROF,CP_RoofDeck,ROF,T_RoofDeck_Color.png;T_RoofDeck_Normal.png;T_RoofDeck_Roughness.png;T_RoofDeck_Metalness.png,SurfaceAppearance,6,
B,B_N_33__STL,CP_Steel,STL,T_Steel_Color.png;T_Steel_Normal.png;T_Steel_Roughness.png;T_Steel_Metalness.png,SurfaceAppearance,176,
B,B_N_33__TWN,CP_TowerNight,TWN,T_TowerNight_Color.png;T_TowerNight_Normal.png;T_TowerNight_Roughness.png;T_TowerNight_Metalness.png,SurfaceAppearance,16,
B,B_N_33__WIN_PNK,CP_WIN_PNK,WIN_PNK,F_WIN_PNK.png (swatch only),"Material=Neon, Color=255,120,200 (CyberpunkConfig.NeonColors)",28,
B,B_N_33__WIN_WRM,CP_WIN_WRM,WIN_WRM,F_WIN_WRM.png (swatch only),"Material=Neon, Color=255,190,125 (CyberpunkConfig.NeonColors)",156,
B,B_S_01_P01_GEN__MEC,CP_Mechanical,MEC,T_Mechanical_Color.png;T_Mechanical_Normal.png;T_Mechanical_Roughness.png;T_Mechanical_Metalness.png,SurfaceAppearance,70,PROTO_GEN__MEC
B,B_S_01_P02_DISH__MEC,CP_Mechanical,MEC,T_Mechanical_Color.png;T_Mechanical_Normal.png;T_Mechanical_Roughness.png;T_Mechanical_Metalness.png,SurfaceAppearance,22,PROTO_DISH__MEC
B,B_S_01_P03_HVAC_L__MEC,CP_Mechanical,MEC,T_Mechanical_Color.png;T_Mechanical_Normal.png;T_Mechanical_Roughness.png;T_Mechanical_Metalness.png,SurfaceAppearance,76,PROTO_HVAC_L__MEC
B,B_S_01_P04_VENT__MEC,CP_Mechanical,MEC,T_Mechanical_Color.png;T_Mechanical_Normal.png;T_Mechanical_Roughness.png;T_Mechanical_Metalness.png,SurfaceAppearance,44,PROTO_VENT__MEC
B,B_S_01_P05_VENT__MEC,CP_Mechanical,MEC,T_Mechanical_Color.png;T_Mechanical_Normal.png;T_Mechanical_Roughness.png;T_Mechanical_Metalness.png,SurfaceAppearance,44,PROTO_VENT__MEC
B,B_S_01__CON,CP_ConcreteDark,CON,T_ConcreteDark_Color.png;T_ConcreteDark_Normal.png;T_ConcreteDark_Roughness.png;T_ConcreteDark_Metalness.png,SurfaceAppearance,46,
B,B_S_01__NEON_BLU,CP_NEON_BLU,NEON_BLU,F_NEON_BLU.png (swatch only),"Material=Neon, Color=30,95,255 (CyberpunkConfig.NeonColors)",40,
B,B_S_01__NEON_WHT,CP_NEON_WHT,NEON_WHT,F_NEON_WHT.png (swatch only),"Material=Neon, Color=215,228,255 (CyberpunkConfig.NeonColors)",36,
B,B_S_01__PNL,CP_PanelMetal,PNL,T_PanelMetal_Color.png;T_PanelMetal_Normal.png;T_PanelMetal_Roughness.png;T_PanelMetal_Metalness.png,SurfaceAppearance,2,
B,B_S_01__RIB,CP_GlassRibbon,RIB,T_GlassRibbon_Color.png;T_GlassRibbon_Normal.png;T_GlassRibbon_Roughness.png;T_GlassRibbon_Metalness.png,SurfaceAppearance,4,
B,B_S_01__ROF,CP_RoofDeck,ROF,T_RoofDeck_Color.png;T_RoofDeck_Normal.png;T_RoofDeck_Roughness.png;T_RoofDeck_Metalness.png,SurfaceAppearance,6,
B,B_S_01__STL,CP_Steel,STL,T_Steel_Color.png;T_Steel_Normal.png;T_Steel_Roughness.png;T_Steel_Metalness.png,SurfaceAppearance,112,
B,B_S_01__TWN,CP_TowerNight,TWN,T_TowerNight_Color.png;T_TowerNight_Normal.png;T_TowerNight_Roughness.png;T_TowerNight_Metalness.png,SurfaceAppearance,12,
B,B_S_01__WIN_PNK,CP_WIN_PNK,WIN_PNK,F_WIN_PNK.png (swatch only),"Material=Neon, Color=255,120,200 (CyberpunkConfig.NeonColors)",36,
B,B_S_01__WIN_WRM,CP_WIN_WRM,WIN_WRM,F_WIN_WRM.png (swatch only),"Material=Neon, Color=255,190,125 (CyberpunkConfig.NeonColors)",240,
B,B_S_02_P01_VENT__MEC,CP_Mechanical,MEC,T_Mechanical_Color.png;T_Mechanical_Normal.png;T_Mechanical_Roughness.png;T_Mechanical_Metalness.png,SurfaceAppearance,44,PROTO_VENT__MEC
B,B_S_02_P02_GEN__MEC,CP_Mechanical,MEC,T_Mechanical_Color.png;T_Mechanical_Normal.png;T_Mechanical_Roughness.png;T_Mechanical_Metalness.png,SurfaceAppearance,70,PROTO_GEN__MEC
B,B_S_02_P03_VENT__MEC,CP_Mechanical,MEC,T_Mechanical_Color.png;T_Mechanical_Normal.png;T_Mechanical_Roughness.png;T_Mechanical_Metalness.png,SurfaceAppearance,44,PROTO_VENT__MEC
B,B_S_02_P04_HVAC_S__MEC,CP_Mechanical,MEC,T_Mechanical_Color.png;T_Mechanical_Normal.png;T_Mechanical_Roughness.png;T_Mechanical_Metalness.png,SurfaceAppearance,32,PROTO_HVAC_S__MEC
B,B_S_02_P05_COOL__MEC,CP_Mechanical,MEC,T_Mechanical_Color.png;T_Mechanical_Normal.png;T_Mechanical_Roughness.png;T_Mechanical_Metalness.png,SurfaceAppearance,66,PROTO_COOL__MEC
B,B_S_02__CON,CP_ConcreteDark,CON,T_ConcreteDark_Color.png;T_ConcreteDark_Normal.png;T_ConcreteDark_Roughness.png;T_ConcreteDark_Metalness.png,SurfaceAppearance,6,
B,B_S_02__GLS,CP_GlassCurtain,GLS,T_GlassCurtain_Color.png;T_GlassCurtain_Normal.png;T_GlassCurtain_Roughness.png;T_GlassCurtain_Metalness.png,SurfaceAppearance (Color/Normal/Roughness/Metalness),2,
B,B_S_02__NEON_MAG,CP_NEON_MAG,NEON_MAG,F_NEON_MAG.png (swatch only),"Material=Neon, Color=255,25,175 (CyberpunkConfig.NeonColors)",16,
B,B_S_02__NEON_VIO,CP_NEON_VIO,NEON_VIO,F_NEON_VIO.png (swatch only),"Material=Neon, Color=150,45,255 (CyberpunkConfig.NeonColors)",10,
B,B_S_02__PNL,CP_PanelMetal,PNL,T_PanelMetal_Color.png;T_PanelMetal_Normal.png;T_PanelMetal_Roughness.png;T_PanelMetal_Metalness.png,SurfaceAppearance,6,
B,B_S_02__ROF,CP_RoofDeck,ROF,T_RoofDeck_Color.png;T_RoofDeck_Normal.png;T_RoofDeck_Roughness.png;T_RoofDeck_Metalness.png,SurfaceAppearance,6,
B,B_S_02__STL,CP_Steel,STL,T_Steel_Color.png;T_Steel_Normal.png;T_Steel_Roughness.png;T_Steel_Metalness.png,SurfaceAppearance,60,
B,B_S_02__TEC,CP_TechPanel,TEC,T_TechPanel_Color.png;T_TechPanel_Normal.png;T_TechPanel_Roughness.png;T_TechPanel_Metalness.png,SurfaceAppearance,2,
B,B_S_02__TWN,CP_TowerNight,TWN,T_TowerNight_Color.png;T_TowerNight_Normal.png;T_TowerNight_Roughness.png;T_TowerNight_Metalness.png,SurfaceAppearance,12,
B,B_S_02__WIN_PNK,CP_WIN_PNK,WIN_PNK,F_WIN_PNK.png (swatch only),"Material=Neon, Color=255,120,200 (CyberpunkConfig.NeonColors)",58,
B,B_S_02__WIN_WRM,CP_WIN_WRM,WIN_WRM,F_WIN_WRM.png (swatch only),"Material=Neon, Color=255,190,125 (CyberpunkConfig.NeonColors)",274,
B,B_S_03_P01_VENT__MEC,CP_Mechanical,MEC,T_Mechanical_Color.png;T_Mechanical_Normal.png;T_Mechanical_Roughness.png;T_Mechanical_Metalness.png,SurfaceAppearance,44,PROTO_VENT__MEC
B,B_S_03_P02_TANK__MEC,CP_Mechanical,MEC,T_Mechanical_Color.png;T_Mechanical_Normal.png;T_Mechanical_Roughness.png;T_Mechanical_Metalness.png,SurfaceAppearance,84,PROTO_TANK__MEC
B,B_S_03_P03_HVAC_L__MEC,CP_Mechanical,MEC,T_Mechanical_Color.png;T_Mechanical_Normal.png;T_Mechanical_Roughness.png;T_Mechanical_Metalness.png,SurfaceAppearance,76,PROTO_HVAC_L__MEC
B,B_S_03__CON,CP_ConcreteDark,CON,T_ConcreteDark_Color.png;T_ConcreteDark_Normal.png;T_ConcreteDark_Roughness.png;T_ConcreteDark_Metalness.png,SurfaceAppearance,6,
B,B_S_03__GLS,CP_GlassCurtain,GLS,T_GlassCurtain_Color.png;T_GlassCurtain_Normal.png;T_GlassCurtain_Roughness.png;T_GlassCurtain_Metalness.png,SurfaceAppearance (Color/Normal/Roughness/Metalness),4,
B,B_S_03__PNL,CP_PanelMetal,PNL,T_PanelMetal_Color.png;T_PanelMetal_Normal.png;T_PanelMetal_Roughness.png;T_PanelMetal_Metalness.png,SurfaceAppearance,8,
B,B_S_03__ROF,CP_RoofDeck,ROF,T_RoofDeck_Color.png;T_RoofDeck_Normal.png;T_RoofDeck_Roughness.png;T_RoofDeck_Metalness.png,SurfaceAppearance,12,
B,B_S_03__TEC,CP_TechPanel,TEC,T_TechPanel_Color.png;T_TechPanel_Normal.png;T_TechPanel_Roughness.png;T_TechPanel_Metalness.png,SurfaceAppearance,16,
B,B_S_03__TWN,CP_TowerNight,TWN,T_TowerNight_Color.png;T_TowerNight_Normal.png;T_TowerNight_Roughness.png;T_TowerNight_Metalness.png,SurfaceAppearance,12,
B,B_S_03__WIN_PNK,CP_WIN_PNK,WIN_PNK,F_WIN_PNK.png (swatch only),"Material=Neon, Color=255,120,200 (CyberpunkConfig.NeonColors)",22,
B,B_S_03__WIN_WRM,CP_WIN_WRM,WIN_WRM,F_WIN_WRM.png (swatch only),"Material=Neon, Color=255,190,125 (CyberpunkConfig.NeonColors)",182,
B,B_S_04_P01_HVAC_S__MEC,CP_Mechanical,MEC,T_Mechanical_Color.png;T_Mechanical_Normal.png;T_Mechanical_Roughness.png;T_Mechanical_Metalness.png,SurfaceAppearance,32,PROTO_HVAC_S__MEC
B,B_S_04_P02_GEN__MEC,CP_Mechanical,MEC,T_Mechanical_Color.png;T_Mechanical_Normal.png;T_Mechanical_Roughness.png;T_Mechanical_Metalness.png,SurfaceAppearance,70,PROTO_GEN__MEC
B,B_S_04_P03_HVAC_S__MEC,CP_Mechanical,MEC,T_Mechanical_Color.png;T_Mechanical_Normal.png;T_Mechanical_Roughness.png;T_Mechanical_Metalness.png,SurfaceAppearance,32,PROTO_HVAC_S__MEC
B,B_S_04_P04_FANBOX__MEC,CP_Mechanical,MEC,T_Mechanical_Color.png;T_Mechanical_Normal.png;T_Mechanical_Roughness.png;T_Mechanical_Metalness.png,SurfaceAppearance,50,PROTO_FANBOX__MEC
B,B_S_04_P05_VENT__MEC,CP_Mechanical,MEC,T_Mechanical_Color.png;T_Mechanical_Normal.png;T_Mechanical_Roughness.png;T_Mechanical_Metalness.png,SurfaceAppearance,44,PROTO_VENT__MEC
B,B_S_04__CON,CP_ConcreteDark,CON,T_ConcreteDark_Color.png;T_ConcreteDark_Normal.png;T_ConcreteDark_Roughness.png;T_ConcreteDark_Metalness.png,SurfaceAppearance,16,
B,B_S_04__NEON_BLU,CP_NEON_BLU,NEON_BLU,F_NEON_BLU.png (swatch only),"Material=Neon, Color=30,95,255 (CyberpunkConfig.NeonColors)",10,
B,B_S_04__NEON_RED,CP_NEON_RED,NEON_RED,F_NEON_RED.png (swatch only),"Material=Neon, Color=255,32,45 (CyberpunkConfig.NeonColors)",24,
B,B_S_04__ROF,CP_RoofDeck,ROF,T_RoofDeck_Color.png;T_RoofDeck_Normal.png;T_RoofDeck_Roughness.png;T_RoofDeck_Metalness.png,SurfaceAppearance,12,
B,B_S_04__STL,CP_Steel,STL,T_Steel_Color.png;T_Steel_Normal.png;T_Steel_Roughness.png;T_Steel_Metalness.png,SurfaceAppearance,302,
B,B_S_04__TEC,CP_TechPanel,TEC,T_TechPanel_Color.png;T_TechPanel_Normal.png;T_TechPanel_Roughness.png;T_TechPanel_Metalness.png,SurfaceAppearance,4,
B,B_S_04__TWN,CP_TowerNight,TWN,T_TowerNight_Color.png;T_TowerNight_Normal.png;T_TowerNight_Roughness.png;T_TowerNight_Metalness.png,SurfaceAppearance,12,
B,B_S_04__WIN_WRM,CP_WIN_WRM,WIN_WRM,F_WIN_WRM.png (swatch only),"Material=Neon, Color=255,190,125 (CyberpunkConfig.NeonColors)",160,
B,B_S_05_P01_FANBOX__MEC,CP_Mechanical,MEC,T_Mechanical_Color.png;T_Mechanical_Normal.png;T_Mechanical_Roughness.png;T_Mechanical_Metalness.png,SurfaceAppearance,50,PROTO_FANBOX__MEC
B,B_S_05_P02_VENT__MEC,CP_Mechanical,MEC,T_Mechanical_Color.png;T_Mechanical_Normal.png;T_Mechanical_Roughness.png;T_Mechanical_Metalness.png,SurfaceAppearance,44,PROTO_VENT__MEC
B,B_S_05_P03_FANBOX__MEC,CP_Mechanical,MEC,T_Mechanical_Color.png;T_Mechanical_Normal.png;T_Mechanical_Roughness.png;T_Mechanical_Metalness.png,SurfaceAppearance,50,PROTO_FANBOX__MEC
B,B_S_05_P04_TANK__MEC,CP_Mechanical,MEC,T_Mechanical_Color.png;T_Mechanical_Normal.png;T_Mechanical_Roughness.png;T_Mechanical_Metalness.png,SurfaceAppearance,84,PROTO_TANK__MEC
B,B_S_05__CON,CP_ConcreteDark,CON,T_ConcreteDark_Color.png;T_ConcreteDark_Normal.png;T_ConcreteDark_Roughness.png;T_ConcreteDark_Metalness.png,SurfaceAppearance,46,
B,B_S_05__LOU,CP_Louver,LOU,T_Louver_Color.png;T_Louver_Normal.png;T_Louver_Roughness.png;T_Louver_Metalness.png,SurfaceAppearance,4,
B,B_S_05__NEON_RED,CP_NEON_RED,NEON_RED,F_NEON_RED.png (swatch only),"Material=Neon, Color=255,32,45 (CyberpunkConfig.NeonColors)",24,
B,B_S_05__NEON_WHT,CP_NEON_WHT,NEON_WHT,F_NEON_WHT.png (swatch only),"Material=Neon, Color=215,228,255 (CyberpunkConfig.NeonColors)",36,
B,B_S_05__PNL,CP_PanelMetal,PNL,T_PanelMetal_Color.png;T_PanelMetal_Normal.png;T_PanelMetal_Roughness.png;T_PanelMetal_Metalness.png,SurfaceAppearance,4,
B,B_S_05__ROF,CP_RoofDeck,ROF,T_RoofDeck_Color.png;T_RoofDeck_Normal.png;T_RoofDeck_Roughness.png;T_RoofDeck_Metalness.png,SurfaceAppearance,6,
B,B_S_05__STL,CP_Steel,STL,T_Steel_Color.png;T_Steel_Normal.png;T_Steel_Roughness.png;T_Steel_Metalness.png,SurfaceAppearance,728,
B,B_S_05__TWN,CP_TowerNight,TWN,T_TowerNight_Color.png;T_TowerNight_Normal.png;T_TowerNight_Roughness.png;T_TowerNight_Metalness.png,SurfaceAppearance,12,
B,B_S_05__WIN_COL,CP_WIN_COL,WIN_COL,F_WIN_COL.png (swatch only),"Material=Neon, Color=140,195,255 (CyberpunkConfig.NeonColors)",142,
B,B_S_05__WIN_PNK,CP_WIN_PNK,WIN_PNK,F_WIN_PNK.png (swatch only),"Material=Neon, Color=255,120,200 (CyberpunkConfig.NeonColors)",16,
B,B_S_06_P01_HVAC_S__MEC,CP_Mechanical,MEC,T_Mechanical_Color.png;T_Mechanical_Normal.png;T_Mechanical_Roughness.png;T_Mechanical_Metalness.png,SurfaceAppearance,32,PROTO_HVAC_S__MEC
B,B_S_06_P02_GEN__MEC,CP_Mechanical,MEC,T_Mechanical_Color.png;T_Mechanical_Normal.png;T_Mechanical_Roughness.png;T_Mechanical_Metalness.png,SurfaceAppearance,70,PROTO_GEN__MEC
B,B_S_06_P03_TANK__MEC,CP_Mechanical,MEC,T_Mechanical_Color.png;T_Mechanical_Normal.png;T_Mechanical_Roughness.png;T_Mechanical_Metalness.png,SurfaceAppearance,84,PROTO_TANK__MEC
B,B_S_06_P04_DISH__MEC,CP_Mechanical,MEC,T_Mechanical_Color.png;T_Mechanical_Normal.png;T_Mechanical_Roughness.png;T_Mechanical_Metalness.png,SurfaceAppearance,22,PROTO_DISH__MEC
B,B_S_06_P05_COOL__MEC,CP_Mechanical,MEC,T_Mechanical_Color.png;T_Mechanical_Normal.png;T_Mechanical_Roughness.png;T_Mechanical_Metalness.png,SurfaceAppearance,66,PROTO_COOL__MEC
B,B_S_06_P06_HVAC_L__MEC,CP_Mechanical,MEC,T_Mechanical_Color.png;T_Mechanical_Normal.png;T_Mechanical_Roughness.png;T_Mechanical_Metalness.png,SurfaceAppearance,76,PROTO_HVAC_L__MEC
B,B_S_06__CON,CP_ConcreteDark,CON,T_ConcreteDark_Color.png;T_ConcreteDark_Normal.png;T_ConcreteDark_Roughness.png;T_ConcreteDark_Metalness.png,SurfaceAppearance,46,
B,B_S_06__NEON_CYN,CP_NEON_CYN,NEON_CYN,F_NEON_CYN.png (swatch only),"Material=Neon, Color=0,230,255 (CyberpunkConfig.NeonColors)",10,
B,B_S_06__NEON_RED,CP_NEON_RED,NEON_RED,F_NEON_RED.png (swatch only),"Material=Neon, Color=255,32,45 (CyberpunkConfig.NeonColors)",24,
B,B_S_06__ROF,CP_RoofDeck,ROF,T_RoofDeck_Color.png;T_RoofDeck_Normal.png;T_RoofDeck_Roughness.png;T_RoofDeck_Metalness.png,SurfaceAppearance,8,
B,B_S_06__STL,CP_Steel,STL,T_Steel_Color.png;T_Steel_Normal.png;T_Steel_Roughness.png;T_Steel_Metalness.png,SurfaceAppearance,472,
B,B_S_06__TWN,CP_TowerNight,TWN,T_TowerNight_Color.png;T_TowerNight_Normal.png;T_TowerNight_Roughness.png;T_TowerNight_Metalness.png,SurfaceAppearance,16,
B,B_S_06__WIN_VIO,CP_WIN_VIO,WIN_VIO,F_WIN_VIO.png (swatch only),"Material=Neon, Color=170,130,255 (CyberpunkConfig.NeonColors)",82,
B,B_S_06__WIN_WRM,CP_WIN_WRM,WIN_WRM,F_WIN_WRM.png (swatch only),"Material=Neon, Color=255,190,125 (CyberpunkConfig.NeonColors)",486,
B,B_S_07_P01_VENT__MEC,CP_Mechanical,MEC,T_Mechanical_Color.png;T_Mechanical_Normal.png;T_Mechanical_Roughness.png;T_Mechanical_Metalness.png,SurfaceAppearance,44,PROTO_VENT__MEC
B,B_S_07_P02_VENT__MEC,CP_Mechanical,MEC,T_Mechanical_Color.png;T_Mechanical_Normal.png;T_Mechanical_Roughness.png;T_Mechanical_Metalness.png,SurfaceAppearance,44,PROTO_VENT__MEC
B,B_S_07_P03_HVAC_L__MEC,CP_Mechanical,MEC,T_Mechanical_Color.png;T_Mechanical_Normal.png;T_Mechanical_Roughness.png;T_Mechanical_Metalness.png,SurfaceAppearance,76,PROTO_HVAC_L__MEC
B,B_S_07_P04_HVAC_S__MEC,CP_Mechanical,MEC,T_Mechanical_Color.png;T_Mechanical_Normal.png;T_Mechanical_Roughness.png;T_Mechanical_Metalness.png,SurfaceAppearance,32,PROTO_HVAC_S__MEC
B,B_S_07_P05_DISH__MEC,CP_Mechanical,MEC,T_Mechanical_Color.png;T_Mechanical_Normal.png;T_Mechanical_Roughness.png;T_Mechanical_Metalness.png,SurfaceAppearance,22,PROTO_DISH__MEC
B,B_S_07_P06_HVAC_S__MEC,CP_Mechanical,MEC,T_Mechanical_Color.png;T_Mechanical_Normal.png;T_Mechanical_Roughness.png;T_Mechanical_Metalness.png,SurfaceAppearance,32,PROTO_HVAC_S__MEC
B,B_S_07__CON,CP_ConcreteDark,CON,T_ConcreteDark_Color.png;T_ConcreteDark_Normal.png;T_ConcreteDark_Roughness.png;T_ConcreteDark_Metalness.png,SurfaceAppearance,6,
B,B_S_07__GLS,CP_GlassCurtain,GLS,T_GlassCurtain_Color.png;T_GlassCurtain_Normal.png;T_GlassCurtain_Roughness.png;T_GlassCurtain_Metalness.png,SurfaceAppearance (Color/Normal/Roughness/Metalness),6,
B,B_S_07__PNL,CP_PanelMetal,PNL,T_PanelMetal_Color.png;T_PanelMetal_Normal.png;T_PanelMetal_Roughness.png;T_PanelMetal_Metalness.png,SurfaceAppearance,8,
B,B_S_07__ROF,CP_RoofDeck,ROF,T_RoofDeck_Color.png;T_RoofDeck_Normal.png;T_RoofDeck_Roughness.png;T_RoofDeck_Metalness.png,SurfaceAppearance,8,
B,B_S_07__STL,CP_Steel,STL,T_Steel_Color.png;T_Steel_Normal.png;T_Steel_Roughness.png;T_Steel_Metalness.png,SurfaceAppearance,64,
B,B_S_07__TWN,CP_TowerNight,TWN,T_TowerNight_Color.png;T_TowerNight_Normal.png;T_TowerNight_Roughness.png;T_TowerNight_Metalness.png,SurfaceAppearance,10,
B,B_S_07__WIN_PNK,CP_WIN_PNK,WIN_PNK,F_WIN_PNK.png (swatch only),"Material=Neon, Color=255,120,200 (CyberpunkConfig.NeonColors)",60,
B,B_S_07__WIN_WRM,CP_WIN_WRM,WIN_WRM,F_WIN_WRM.png (swatch only),"Material=Neon, Color=255,190,125 (CyberpunkConfig.NeonColors)",342,
B,B_S_08_P01_DISH__MEC,CP_Mechanical,MEC,T_Mechanical_Color.png;T_Mechanical_Normal.png;T_Mechanical_Roughness.png;T_Mechanical_Metalness.png,SurfaceAppearance,22,PROTO_DISH__MEC
B,B_S_08_P02_DISH__MEC,CP_Mechanical,MEC,T_Mechanical_Color.png;T_Mechanical_Normal.png;T_Mechanical_Roughness.png;T_Mechanical_Metalness.png,SurfaceAppearance,22,PROTO_DISH__MEC
B,B_S_08_P03_VENT__MEC,CP_Mechanical,MEC,T_Mechanical_Color.png;T_Mechanical_Normal.png;T_Mechanical_Roughness.png;T_Mechanical_Metalness.png,SurfaceAppearance,44,PROTO_VENT__MEC
B,B_S_08_P04_HVAC_L__MEC,CP_Mechanical,MEC,T_Mechanical_Color.png;T_Mechanical_Normal.png;T_Mechanical_Roughness.png;T_Mechanical_Metalness.png,SurfaceAppearance,76,PROTO_HVAC_L__MEC
B,B_S_08_P05_HVAC_L__MEC,CP_Mechanical,MEC,T_Mechanical_Color.png;T_Mechanical_Normal.png;T_Mechanical_Roughness.png;T_Mechanical_Metalness.png,SurfaceAppearance,76,PROTO_HVAC_L__MEC
B,B_S_08__CON,CP_ConcreteDark,CON,T_ConcreteDark_Color.png;T_ConcreteDark_Normal.png;T_ConcreteDark_Roughness.png;T_ConcreteDark_Metalness.png,SurfaceAppearance,6,
B,B_S_08__MEC,CP_Mechanical,MEC,T_Mechanical_Color.png;T_Mechanical_Normal.png;T_Mechanical_Roughness.png;T_Mechanical_Metalness.png,SurfaceAppearance,10,
B,B_S_08__NEON_CYN,CP_NEON_CYN,NEON_CYN,F_NEON_CYN.png (swatch only),"Material=Neon, Color=0,230,255 (CyberpunkConfig.NeonColors)",10,
B,B_S_08__NEON_RED,CP_NEON_RED,NEON_RED,F_NEON_RED.png (swatch only),"Material=Neon, Color=255,32,45 (CyberpunkConfig.NeonColors)",24,
B,B_S_08__NEON_VIO,CP_NEON_VIO,NEON_VIO,F_NEON_VIO.png (swatch only),"Material=Neon, Color=150,45,255 (CyberpunkConfig.NeonColors)",10,
B,B_S_08__PNL,CP_PanelMetal,PNL,T_PanelMetal_Color.png;T_PanelMetal_Normal.png;T_PanelMetal_Roughness.png;T_PanelMetal_Metalness.png,SurfaceAppearance,8,
B,B_S_08__ROF,CP_RoofDeck,ROF,T_RoofDeck_Color.png;T_RoofDeck_Normal.png;T_RoofDeck_Roughness.png;T_RoofDeck_Metalness.png,SurfaceAppearance,16,
B,B_S_08__STL,CP_Steel,STL,T_Steel_Color.png;T_Steel_Normal.png;T_Steel_Roughness.png;T_Steel_Metalness.png,SurfaceAppearance,424,
B,B_S_08__TEC,CP_TechPanel,TEC,T_TechPanel_Color.png;T_TechPanel_Normal.png;T_TechPanel_Roughness.png;T_TechPanel_Metalness.png,SurfaceAppearance,8,
B,B_S_08__TWN,CP_TowerNight,TWN,T_TowerNight_Color.png;T_TowerNight_Normal.png;T_TowerNight_Roughness.png;T_TowerNight_Metalness.png,SurfaceAppearance,24,
B,B_S_08__WIN_COL,CP_WIN_COL,WIN_COL,F_WIN_COL.png (swatch only),"Material=Neon, Color=140,195,255 (CyberpunkConfig.NeonColors)",46,
B,B_S_08__WIN_WRM,CP_WIN_WRM,WIN_WRM,F_WIN_WRM.png (swatch only),"Material=Neon, Color=255,190,125 (CyberpunkConfig.NeonColors)",384,
B,B_S_09_P01_HVAC_S__MEC,CP_Mechanical,MEC,T_Mechanical_Color.png;T_Mechanical_Normal.png;T_Mechanical_Roughness.png;T_Mechanical_Metalness.png,SurfaceAppearance,32,PROTO_HVAC_S__MEC
B,B_S_09_P02_HVAC_S__MEC,CP_Mechanical,MEC,T_Mechanical_Color.png;T_Mechanical_Normal.png;T_Mechanical_Roughness.png;T_Mechanical_Metalness.png,SurfaceAppearance,32,PROTO_HVAC_S__MEC
B,B_S_09_P03_DISH__MEC,CP_Mechanical,MEC,T_Mechanical_Color.png;T_Mechanical_Normal.png;T_Mechanical_Roughness.png;T_Mechanical_Metalness.png,SurfaceAppearance,22,PROTO_DISH__MEC
B,B_S_09_P04_DISH__MEC,CP_Mechanical,MEC,T_Mechanical_Color.png;T_Mechanical_Normal.png;T_Mechanical_Roughness.png;T_Mechanical_Metalness.png,SurfaceAppearance,22,PROTO_DISH__MEC
B,B_S_09_P05_VENT__MEC,CP_Mechanical,MEC,T_Mechanical_Color.png;T_Mechanical_Normal.png;T_Mechanical_Roughness.png;T_Mechanical_Metalness.png,SurfaceAppearance,44,PROTO_VENT__MEC
B,B_S_09_P06_HVAC_L__MEC,CP_Mechanical,MEC,T_Mechanical_Color.png;T_Mechanical_Normal.png;T_Mechanical_Roughness.png;T_Mechanical_Metalness.png,SurfaceAppearance,76,PROTO_HVAC_L__MEC
B,B_S_09__CON,CP_ConcreteDark,CON,T_ConcreteDark_Color.png;T_ConcreteDark_Normal.png;T_ConcreteDark_Roughness.png;T_ConcreteDark_Metalness.png,SurfaceAppearance,46,
B,B_S_09__MEC,CP_Mechanical,MEC,T_Mechanical_Color.png;T_Mechanical_Normal.png;T_Mechanical_Roughness.png;T_Mechanical_Metalness.png,SurfaceAppearance,30,
B,B_S_09__NEON_BLU,CP_NEON_BLU,NEON_BLU,F_NEON_BLU.png (swatch only),"Material=Neon, Color=30,95,255 (CyberpunkConfig.NeonColors)",10,
B,B_S_09__NEON_RED,CP_NEON_RED,NEON_RED,F_NEON_RED.png (swatch only),"Material=Neon, Color=255,32,45 (CyberpunkConfig.NeonColors)",24,
B,B_S_09__ROF,CP_RoofDeck,ROF,T_RoofDeck_Color.png;T_RoofDeck_Normal.png;T_RoofDeck_Roughness.png;T_RoofDeck_Metalness.png,SurfaceAppearance,22,
B,B_S_09__STL,CP_Steel,STL,T_Steel_Color.png;T_Steel_Normal.png;T_Steel_Roughness.png;T_Steel_Metalness.png,SurfaceAppearance,344,
B,B_S_09__TEC,CP_TechPanel,TEC,T_TechPanel_Color.png;T_TechPanel_Normal.png;T_TechPanel_Roughness.png;T_TechPanel_Metalness.png,SurfaceAppearance,14,
B,B_S_09__TWN,CP_TowerNight,TWN,T_TowerNight_Color.png;T_TowerNight_Normal.png;T_TowerNight_Roughness.png;T_TowerNight_Metalness.png,SurfaceAppearance,26,
B,B_S_09__WIN_COL,CP_WIN_COL,WIN_COL,F_WIN_COL.png (swatch only),"Material=Neon, Color=140,195,255 (CyberpunkConfig.NeonColors)",352,
B,B_S_09__WIN_PNK,CP_WIN_PNK,WIN_PNK,F_WIN_PNK.png (swatch only),"Material=Neon, Color=255,120,200 (CyberpunkConfig.NeonColors)",52,
B,B_S_10_P01_DISH__MEC,CP_Mechanical,MEC,T_Mechanical_Color.png;T_Mechanical_Normal.png;T_Mechanical_Roughness.png;T_Mechanical_Metalness.png,SurfaceAppearance,22,PROTO_DISH__MEC
B,B_S_10_P02_STACK__MEC,CP_Mechanical,MEC,T_Mechanical_Color.png;T_Mechanical_Normal.png;T_Mechanical_Roughness.png;T_Mechanical_Metalness.png,SurfaceAppearance,128,PROTO_STACK__MEC
B,B_S_10_P03_FANBOX__MEC,CP_Mechanical,MEC,T_Mechanical_Color.png;T_Mechanical_Normal.png;T_Mechanical_Roughness.png;T_Mechanical_Metalness.png,SurfaceAppearance,50,PROTO_FANBOX__MEC
B,B_S_10_P04_VENT__MEC,CP_Mechanical,MEC,T_Mechanical_Color.png;T_Mechanical_Normal.png;T_Mechanical_Roughness.png;T_Mechanical_Metalness.png,SurfaceAppearance,44,PROTO_VENT__MEC
B,B_S_10_P05_HVAC_S__MEC,CP_Mechanical,MEC,T_Mechanical_Color.png;T_Mechanical_Normal.png;T_Mechanical_Roughness.png;T_Mechanical_Metalness.png,SurfaceAppearance,32,PROTO_HVAC_S__MEC
B,B_S_10_P06_VENT__MEC,CP_Mechanical,MEC,T_Mechanical_Color.png;T_Mechanical_Normal.png;T_Mechanical_Roughness.png;T_Mechanical_Metalness.png,SurfaceAppearance,44,PROTO_VENT__MEC
B,B_S_10__CON,CP_ConcreteDark,CON,T_ConcreteDark_Color.png;T_ConcreteDark_Normal.png;T_ConcreteDark_Roughness.png;T_ConcreteDark_Metalness.png,SurfaceAppearance,46,
B,B_S_10__NEON_RED,CP_NEON_RED,NEON_RED,F_NEON_RED.png (swatch only),"Material=Neon, Color=255,32,45 (CyberpunkConfig.NeonColors)",24,
B,B_S_10__NEON_VIO,CP_NEON_VIO,NEON_VIO,F_NEON_VIO.png (swatch only),"Material=Neon, Color=150,45,255 (CyberpunkConfig.NeonColors)",40,
B,B_S_10__PNL,CP_PanelMetal,PNL,T_PanelMetal_Color.png;T_PanelMetal_Normal.png;T_PanelMetal_Roughness.png;T_PanelMetal_Metalness.png,SurfaceAppearance,2,
B,B_S_10__ROF,CP_RoofDeck,ROF,T_RoofDeck_Color.png;T_RoofDeck_Normal.png;T_RoofDeck_Roughness.png;T_RoofDeck_Metalness.png,SurfaceAppearance,6,
B,B_S_10__STL,CP_Steel,STL,T_Steel_Color.png;T_Steel_Normal.png;T_Steel_Roughness.png;T_Steel_Metalness.png,SurfaceAppearance,564,
B,B_S_10__TEC,CP_TechPanel,TEC,T_TechPanel_Color.png;T_TechPanel_Normal.png;T_TechPanel_Roughness.png;T_TechPanel_Metalness.png,SurfaceAppearance,2,
B,B_S_10__TWN,CP_TowerNight,TWN,T_TowerNight_Color.png;T_TowerNight_Normal.png;T_TowerNight_Roughness.png;T_TowerNight_Metalness.png,SurfaceAppearance,14,
B,B_S_10__WIN_COL,CP_WIN_COL,WIN_COL,F_WIN_COL.png (swatch only),"Material=Neon, Color=140,195,255 (CyberpunkConfig.NeonColors)",316,
B,B_S_10__WIN_WRM,CP_WIN_WRM,WIN_WRM,F_WIN_WRM.png (swatch only),"Material=Neon, Color=255,190,125 (CyberpunkConfig.NeonColors)",44,
B,B_S_11_P01_TANK__MEC,CP_Mechanical,MEC,T_Mechanical_Color.png;T_Mechanical_Normal.png;T_Mechanical_Roughness.png;T_Mechanical_Metalness.png,SurfaceAppearance,84,PROTO_TANK__MEC
B,B_S_11_P02_HVAC_S__MEC,CP_Mechanical,MEC,T_Mechanical_Color.png;T_Mechanical_Normal.png;T_Mechanical_Roughness.png;T_Mechanical_Metalness.png,SurfaceAppearance,32,PROTO_HVAC_S__MEC
B,B_S_11_P03_HVAC_S__MEC,CP_Mechanical,MEC,T_Mechanical_Color.png;T_Mechanical_Normal.png;T_Mechanical_Roughness.png;T_Mechanical_Metalness.png,SurfaceAppearance,32,PROTO_HVAC_S__MEC
B,B_S_11_P04_HVAC_L__MEC,CP_Mechanical,MEC,T_Mechanical_Color.png;T_Mechanical_Normal.png;T_Mechanical_Roughness.png;T_Mechanical_Metalness.png,SurfaceAppearance,76,PROTO_HVAC_L__MEC
B,B_S_11__CON,CP_ConcreteDark,CON,T_ConcreteDark_Color.png;T_ConcreteDark_Normal.png;T_ConcreteDark_Roughness.png;T_ConcreteDark_Metalness.png,SurfaceAppearance,6,
B,B_S_11__PNL,CP_PanelMetal,PNL,T_PanelMetal_Color.png;T_PanelMetal_Normal.png;T_PanelMetal_Roughness.png;T_PanelMetal_Metalness.png,SurfaceAppearance,8,
B,B_S_11__ROF,CP_RoofDeck,ROF,T_RoofDeck_Color.png;T_RoofDeck_Normal.png;T_RoofDeck_Roughness.png;T_RoofDeck_Metalness.png,SurfaceAppearance,6,
B,B_S_11__STL,CP_Steel,STL,T_Steel_Color.png;T_Steel_Normal.png;T_Steel_Roughness.png;T_Steel_Metalness.png,SurfaceAppearance,76,
B,B_S_11__TEC,CP_TechPanel,TEC,T_TechPanel_Color.png;T_TechPanel_Normal.png;T_TechPanel_Roughness.png;T_TechPanel_Metalness.png,SurfaceAppearance,2,
B,B_S_11__TWN,CP_TowerNight,TWN,T_TowerNight_Color.png;T_TowerNight_Normal.png;T_TowerNight_Roughness.png;T_TowerNight_Metalness.png,SurfaceAppearance,14,
B,B_S_11__WIN_PNK,CP_WIN_PNK,WIN_PNK,F_WIN_PNK.png (swatch only),"Material=Neon, Color=255,120,200 (CyberpunkConfig.NeonColors)",16,
B,B_S_11__WIN_WRM,CP_WIN_WRM,WIN_WRM,F_WIN_WRM.png (swatch only),"Material=Neon, Color=255,190,125 (CyberpunkConfig.NeonColors)",140,
B,B_S_12_P01_GEN__MEC,CP_Mechanical,MEC,T_Mechanical_Color.png;T_Mechanical_Normal.png;T_Mechanical_Roughness.png;T_Mechanical_Metalness.png,SurfaceAppearance,70,PROTO_GEN__MEC
B,B_S_12_P02_TANK__MEC,CP_Mechanical,MEC,T_Mechanical_Color.png;T_Mechanical_Normal.png;T_Mechanical_Roughness.png;T_Mechanical_Metalness.png,SurfaceAppearance,84,PROTO_TANK__MEC
B,B_S_12_P03_HVAC_S__MEC,CP_Mechanical,MEC,T_Mechanical_Color.png;T_Mechanical_Normal.png;T_Mechanical_Roughness.png;T_Mechanical_Metalness.png,SurfaceAppearance,32,PROTO_HVAC_S__MEC
B,B_S_12_P04_DISH__MEC,CP_Mechanical,MEC,T_Mechanical_Color.png;T_Mechanical_Normal.png;T_Mechanical_Roughness.png;T_Mechanical_Metalness.png,SurfaceAppearance,22,PROTO_DISH__MEC
B,B_S_12__CON,CP_ConcreteDark,CON,T_ConcreteDark_Color.png;T_ConcreteDark_Normal.png;T_ConcreteDark_Roughness.png;T_ConcreteDark_Metalness.png,SurfaceAppearance,46,
B,B_S_12__LOU,CP_Louver,LOU,T_Louver_Color.png;T_Louver_Normal.png;T_Louver_Roughness.png;T_Louver_Metalness.png,SurfaceAppearance,4,
B,B_S_12__NEON_MAG,CP_NEON_MAG,NEON_MAG,F_NEON_MAG.png (swatch only),"Material=Neon, Color=255,25,175 (CyberpunkConfig.NeonColors)",50,
B,B_S_12__NEON_RED,CP_NEON_RED,NEON_RED,F_NEON_RED.png (swatch only),"Material=Neon, Color=255,32,45 (CyberpunkConfig.NeonColors)",24,
B,B_S_12__PNL,CP_PanelMetal,PNL,T_PanelMetal_Color.png;T_PanelMetal_Normal.png;T_PanelMetal_Roughness.png;T_PanelMetal_Metalness.png,SurfaceAppearance,2,
B,B_S_12__ROF,CP_RoofDeck,ROF,T_RoofDeck_Color.png;T_RoofDeck_Normal.png;T_RoofDeck_Roughness.png;T_RoofDeck_Metalness.png,SurfaceAppearance,6,
B,B_S_12__STL,CP_Steel,STL,T_Steel_Color.png;T_Steel_Normal.png;T_Steel_Roughness.png;T_Steel_Metalness.png,SurfaceAppearance,552,
B,B_S_12__TWN,CP_TowerNight,TWN,T_TowerNight_Color.png;T_TowerNight_Normal.png;T_TowerNight_Roughness.png;T_TowerNight_Metalness.png,SurfaceAppearance,12,
B,B_S_12__WIN_COL,CP_WIN_COL,WIN_COL,F_WIN_COL.png (swatch only),"Material=Neon, Color=140,195,255 (CyberpunkConfig.NeonColors)",282,
B,B_S_12__WIN_WRM,CP_WIN_WRM,WIN_WRM,F_WIN_WRM.png (swatch only),"Material=Neon, Color=255,190,125 (CyberpunkConfig.NeonColors)",38,
B,B_S_13_P01_GEN__MEC,CP_Mechanical,MEC,T_Mechanical_Color.png;T_Mechanical_Normal.png;T_Mechanical_Roughness.png;T_Mechanical_Metalness.png,SurfaceAppearance,70,PROTO_GEN__MEC
B,B_S_13_P02_FANBOX__MEC,CP_Mechanical,MEC,T_Mechanical_Color.png;T_Mechanical_Normal.png;T_Mechanical_Roughness.png;T_Mechanical_Metalness.png,SurfaceAppearance,50,PROTO_FANBOX__MEC
B,B_S_13_P03_STACK__MEC,CP_Mechanical,MEC,T_Mechanical_Color.png;T_Mechanical_Normal.png;T_Mechanical_Roughness.png;T_Mechanical_Metalness.png,SurfaceAppearance,128,PROTO_STACK__MEC
B,B_S_13_P04_GEN__MEC,CP_Mechanical,MEC,T_Mechanical_Color.png;T_Mechanical_Normal.png;T_Mechanical_Roughness.png;T_Mechanical_Metalness.png,SurfaceAppearance,70,PROTO_GEN__MEC
B,B_S_13__CON,CP_ConcreteDark,CON,T_ConcreteDark_Color.png;T_ConcreteDark_Normal.png;T_ConcreteDark_Roughness.png;T_ConcreteDark_Metalness.png,SurfaceAppearance,6,
B,B_S_13__PNL,CP_PanelMetal,PNL,T_PanelMetal_Color.png;T_PanelMetal_Normal.png;T_PanelMetal_Roughness.png;T_PanelMetal_Metalness.png,SurfaceAppearance,6,
B,B_S_13__ROF,CP_RoofDeck,ROF,T_RoofDeck_Color.png;T_RoofDeck_Normal.png;T_RoofDeck_Roughness.png;T_RoofDeck_Metalness.png,SurfaceAppearance,8,
B,B_S_13__TEC,CP_TechPanel,TEC,T_TechPanel_Color.png;T_TechPanel_Normal.png;T_TechPanel_Roughness.png;T_TechPanel_Metalness.png,SurfaceAppearance,8,
B,B_S_13__TWN,CP_TowerNight,TWN,T_TowerNight_Color.png;T_TowerNight_Normal.png;T_TowerNight_Roughness.png;T_TowerNight_Metalness.png,SurfaceAppearance,8,
B,B_S_13__WIN_PNK,CP_WIN_PNK,WIN_PNK,F_WIN_PNK.png (swatch only),"Material=Neon, Color=255,120,200 (CyberpunkConfig.NeonColors)",38,
B,B_S_13__WIN_WRM,CP_WIN_WRM,WIN_WRM,F_WIN_WRM.png (swatch only),"Material=Neon, Color=255,190,125 (CyberpunkConfig.NeonColors)",324,
B,B_S_14_P01_HVAC_S__MEC,CP_Mechanical,MEC,T_Mechanical_Color.png;T_Mechanical_Normal.png;T_Mechanical_Roughness.png;T_Mechanical_Metalness.png,SurfaceAppearance,32,PROTO_HVAC_S__MEC
B,B_S_14_P02_VENT__MEC,CP_Mechanical,MEC,T_Mechanical_Color.png;T_Mechanical_Normal.png;T_Mechanical_Roughness.png;T_Mechanical_Metalness.png,SurfaceAppearance,44,PROTO_VENT__MEC
B,B_S_14_P03_COOL__MEC,CP_Mechanical,MEC,T_Mechanical_Color.png;T_Mechanical_Normal.png;T_Mechanical_Roughness.png;T_Mechanical_Metalness.png,SurfaceAppearance,66,PROTO_COOL__MEC
B,B_S_14__CON,CP_ConcreteDark,CON,T_ConcreteDark_Color.png;T_ConcreteDark_Normal.png;T_ConcreteDark_Roughness.png;T_ConcreteDark_Metalness.png,SurfaceAppearance,6,
B,B_S_14__NEON_CYN,CP_NEON_CYN,NEON_CYN,F_NEON_CYN.png (swatch only),"Material=Neon, Color=0,230,255 (CyberpunkConfig.NeonColors)",10,
B,B_S_14__PNL,CP_PanelMetal,PNL,T_PanelMetal_Color.png;T_PanelMetal_Normal.png;T_PanelMetal_Roughness.png;T_PanelMetal_Metalness.png,SurfaceAppearance,8,
B,B_S_14__RIB,CP_GlassRibbon,RIB,T_GlassRibbon_Color.png;T_GlassRibbon_Normal.png;T_GlassRibbon_Roughness.png;T_GlassRibbon_Metalness.png,SurfaceAppearance,2,
B,B_S_14__ROF,CP_RoofDeck,ROF,T_RoofDeck_Color.png;T_RoofDeck_Normal.png;T_RoofDeck_Roughness.png;T_RoofDeck_Metalness.png,SurfaceAppearance,10,
B,B_S_14__STL,CP_Steel,STL,T_Steel_Color.png;T_Steel_Normal.png;T_Steel_Roughness.png;T_Steel_Metalness.png,SurfaceAppearance,48,
B,B_S_14__TEC,CP_TechPanel,TEC,T_TechPanel_Color.png;T_TechPanel_Normal.png;T_TechPanel_Roughness.png;T_TechPanel_Metalness.png,SurfaceAppearance,16,
B,B_S_14__TWN,CP_TowerNight,TWN,T_TowerNight_Color.png;T_TowerNight_Normal.png;T_TowerNight_Roughness.png;T_TowerNight_Metalness.png,SurfaceAppearance,6,
B,B_S_14__WIN_PNK,CP_WIN_PNK,WIN_PNK,F_WIN_PNK.png (swatch only),"Material=Neon, Color=255,120,200 (CyberpunkConfig.NeonColors)",34,
B,B_S_14__WIN_WRM,CP_WIN_WRM,WIN_WRM,F_WIN_WRM.png (swatch only),"Material=Neon, Color=255,190,125 (CyberpunkConfig.NeonColors)",196,
B,B_S_15_P01_TANK__MEC,CP_Mechanical,MEC,T_Mechanical_Color.png;T_Mechanical_Normal.png;T_Mechanical_Roughness.png;T_Mechanical_Metalness.png,SurfaceAppearance,84,PROTO_TANK__MEC
B,B_S_15_P02_HVAC_L__MEC,CP_Mechanical,MEC,T_Mechanical_Color.png;T_Mechanical_Normal.png;T_Mechanical_Roughness.png;T_Mechanical_Metalness.png,SurfaceAppearance,76,PROTO_HVAC_L__MEC
B,B_S_15_P03_STACK__MEC,CP_Mechanical,MEC,T_Mechanical_Color.png;T_Mechanical_Normal.png;T_Mechanical_Roughness.png;T_Mechanical_Metalness.png,SurfaceAppearance,128,PROTO_STACK__MEC
B,B_S_15_P04_HVAC_L__MEC,CP_Mechanical,MEC,T_Mechanical_Color.png;T_Mechanical_Normal.png;T_Mechanical_Roughness.png;T_Mechanical_Metalness.png,SurfaceAppearance,76,PROTO_HVAC_L__MEC
B,B_S_15_P05_TANK__MEC,CP_Mechanical,MEC,T_Mechanical_Color.png;T_Mechanical_Normal.png;T_Mechanical_Roughness.png;T_Mechanical_Metalness.png,SurfaceAppearance,84,PROTO_TANK__MEC
B,B_S_15__CON,CP_ConcreteDark,CON,T_ConcreteDark_Color.png;T_ConcreteDark_Normal.png;T_ConcreteDark_Roughness.png;T_ConcreteDark_Metalness.png,SurfaceAppearance,46,
B,B_S_15__NEON_CYN,CP_NEON_CYN,NEON_CYN,F_NEON_CYN.png (swatch only),"Material=Neon, Color=0,230,255 (CyberpunkConfig.NeonColors)",50,
B,B_S_15__NEON_WHT,CP_NEON_WHT,NEON_WHT,F_NEON_WHT.png (swatch only),"Material=Neon, Color=215,228,255 (CyberpunkConfig.NeonColors)",36,
B,B_S_15__PNL,CP_PanelMetal,PNL,T_PanelMetal_Color.png;T_PanelMetal_Normal.png;T_PanelMetal_Roughness.png;T_PanelMetal_Metalness.png,SurfaceAppearance,2,
B,B_S_15__ROF,CP_RoofDeck,ROF,T_RoofDeck_Color.png;T_RoofDeck_Normal.png;T_RoofDeck_Roughness.png;T_RoofDeck_Metalness.png,SurfaceAppearance,6,
B,B_S_15__STL,CP_Steel,STL,T_Steel_Color.png;T_Steel_Normal.png;T_Steel_Roughness.png;T_Steel_Metalness.png,SurfaceAppearance,112,
B,B_S_15__TWN,CP_TowerNight,TWN,T_TowerNight_Color.png;T_TowerNight_Normal.png;T_TowerNight_Roughness.png;T_TowerNight_Metalness.png,SurfaceAppearance,16,
B,B_S_15__WIN_COL,CP_WIN_COL,WIN_COL,F_WIN_COL.png (swatch only),"Material=Neon, Color=140,195,255 (CyberpunkConfig.NeonColors)",384,
B,B_S_15__WIN_VIO,CP_WIN_VIO,WIN_VIO,F_WIN_VIO.png (swatch only),"Material=Neon, Color=170,130,255 (CyberpunkConfig.NeonColors)",68,
B,B_S_16_P01_VENT__MEC,CP_Mechanical,MEC,T_Mechanical_Color.png;T_Mechanical_Normal.png;T_Mechanical_Roughness.png;T_Mechanical_Metalness.png,SurfaceAppearance,44,PROTO_VENT__MEC
B,B_S_16_P02_TANK__MEC,CP_Mechanical,MEC,T_Mechanical_Color.png;T_Mechanical_Normal.png;T_Mechanical_Roughness.png;T_Mechanical_Metalness.png,SurfaceAppearance,84,PROTO_TANK__MEC
B,B_S_16_P03_DISH__MEC,CP_Mechanical,MEC,T_Mechanical_Color.png;T_Mechanical_Normal.png;T_Mechanical_Roughness.png;T_Mechanical_Metalness.png,SurfaceAppearance,22,PROTO_DISH__MEC
B,B_S_16__CON,CP_ConcreteDark,CON,T_ConcreteDark_Color.png;T_ConcreteDark_Normal.png;T_ConcreteDark_Roughness.png;T_ConcreteDark_Metalness.png,SurfaceAppearance,46,
B,B_S_16__GLS,CP_GlassCurtain,GLS,T_GlassCurtain_Color.png;T_GlassCurtain_Normal.png;T_GlassCurtain_Roughness.png;T_GlassCurtain_Metalness.png,SurfaceAppearance (Color/Normal/Roughness/Metalness),2,
B,B_S_16__NEON_BLU,CP_NEON_BLU,NEON_BLU,F_NEON_BLU.png (swatch only),"Material=Neon, Color=30,95,255 (CyberpunkConfig.NeonColors)",90,
B,B_S_16__NEON_RED,CP_NEON_RED,NEON_RED,F_NEON_RED.png (swatch only),"Material=Neon, Color=255,32,45 (CyberpunkConfig.NeonColors)",24,
B,B_S_16__NEON_WHT,CP_NEON_WHT,NEON_WHT,F_NEON_WHT.png (swatch only),"Material=Neon, Color=215,228,255 (CyberpunkConfig.NeonColors)",60,
B,B_S_16__PNL,CP_PanelMetal,PNL,T_PanelMetal_Color.png;T_PanelMetal_Normal.png;T_PanelMetal_Roughness.png;T_PanelMetal_Metalness.png,SurfaceAppearance,4,
B,B_S_16__ROF,CP_RoofDeck,ROF,T_RoofDeck_Color.png;T_RoofDeck_Normal.png;T_RoofDeck_Roughness.png;T_RoofDeck_Metalness.png,SurfaceAppearance,4,
B,B_S_16__STL,CP_Steel,STL,T_Steel_Color.png;T_Steel_Normal.png;T_Steel_Roughness.png;T_Steel_Metalness.png,SurfaceAppearance,620,
B,B_S_16__TWN,CP_TowerNight,TWN,T_TowerNight_Color.png;T_TowerNight_Normal.png;T_TowerNight_Roughness.png;T_TowerNight_Metalness.png,SurfaceAppearance,6,
B,B_S_16__WIN_COL,CP_WIN_COL,WIN_COL,F_WIN_COL.png (swatch only),"Material=Neon, Color=140,195,255 (CyberpunkConfig.NeonColors)",516,
B,B_S_16__WIN_WRM,CP_WIN_WRM,WIN_WRM,F_WIN_WRM.png (swatch only),"Material=Neon, Color=255,190,125 (CyberpunkConfig.NeonColors)",72,
B,B_S_17_P01_GEN__MEC,CP_Mechanical,MEC,T_Mechanical_Color.png;T_Mechanical_Normal.png;T_Mechanical_Roughness.png;T_Mechanical_Metalness.png,SurfaceAppearance,70,PROTO_GEN__MEC
B,B_S_17_P02_VENT__MEC,CP_Mechanical,MEC,T_Mechanical_Color.png;T_Mechanical_Normal.png;T_Mechanical_Roughness.png;T_Mechanical_Metalness.png,SurfaceAppearance,44,PROTO_VENT__MEC
B,B_S_17_P03_DISH__MEC,CP_Mechanical,MEC,T_Mechanical_Color.png;T_Mechanical_Normal.png;T_Mechanical_Roughness.png;T_Mechanical_Metalness.png,SurfaceAppearance,22,PROTO_DISH__MEC
B,B_S_17_P04_TANK__MEC,CP_Mechanical,MEC,T_Mechanical_Color.png;T_Mechanical_Normal.png;T_Mechanical_Roughness.png;T_Mechanical_Metalness.png,SurfaceAppearance,84,PROTO_TANK__MEC
B,B_S_17_P05_TANK__MEC,CP_Mechanical,MEC,T_Mechanical_Color.png;T_Mechanical_Normal.png;T_Mechanical_Roughness.png;T_Mechanical_Metalness.png,SurfaceAppearance,84,PROTO_TANK__MEC
B,B_S_17_P06_GEN__MEC,CP_Mechanical,MEC,T_Mechanical_Color.png;T_Mechanical_Normal.png;T_Mechanical_Roughness.png;T_Mechanical_Metalness.png,SurfaceAppearance,70,PROTO_GEN__MEC
B,B_S_17__CON,CP_ConcreteDark,CON,T_ConcreteDark_Color.png;T_ConcreteDark_Normal.png;T_ConcreteDark_Roughness.png;T_ConcreteDark_Metalness.png,SurfaceAppearance,16,
B,B_S_17__GLS,CP_GlassCurtain,GLS,T_GlassCurtain_Color.png;T_GlassCurtain_Normal.png;T_GlassCurtain_Roughness.png;T_GlassCurtain_Metalness.png,SurfaceAppearance (Color/Normal/Roughness/Metalness),4,
B,B_S_17__NEON_VIO,CP_NEON_VIO,NEON_VIO,F_NEON_VIO.png (swatch only),"Material=Neon, Color=150,45,255 (CyberpunkConfig.NeonColors)",40,
B,B_S_17__NEON_WHT,CP_NEON_WHT,NEON_WHT,F_NEON_WHT.png (swatch only),"Material=Neon, Color=215,228,255 (CyberpunkConfig.NeonColors)",80,
B,B_S_17__PNL,CP_PanelMetal,PNL,T_PanelMetal_Color.png;T_PanelMetal_Normal.png;T_PanelMetal_Roughness.png;T_PanelMetal_Metalness.png,SurfaceAppearance,2,
B,B_S_17__ROF,CP_RoofDeck,ROF,T_RoofDeck_Color.png;T_RoofDeck_Normal.png;T_RoofDeck_Roughness.png;T_RoofDeck_Metalness.png,SurfaceAppearance,12,
B,B_S_17__STL,CP_Steel,STL,T_Steel_Color.png;T_Steel_Normal.png;T_Steel_Roughness.png;T_Steel_Metalness.png,SurfaceAppearance,86,
B,B_S_17__TWN,CP_TowerNight,TWN,T_TowerNight_Color.png;T_TowerNight_Normal.png;T_TowerNight_Roughness.png;T_TowerNight_Metalness.png,SurfaceAppearance,12,
B,B_S_17__WIN_COL,CP_WIN_COL,WIN_COL,F_WIN_COL.png (swatch only),"Material=Neon, Color=140,195,255 (CyberpunkConfig.NeonColors)",378,
B,B_S_17__WIN_VIO,CP_WIN_VIO,WIN_VIO,F_WIN_VIO.png (swatch only),"Material=Neon, Color=170,130,255 (CyberpunkConfig.NeonColors)",64,
B,B_S_18_P01_GEN__MEC,CP_Mechanical,MEC,T_Mechanical_Color.png;T_Mechanical_Normal.png;T_Mechanical_Roughness.png;T_Mechanical_Metalness.png,SurfaceAppearance,70,PROTO_GEN__MEC
B,B_S_18_P02_VENT__MEC,CP_Mechanical,MEC,T_Mechanical_Color.png;T_Mechanical_Normal.png;T_Mechanical_Roughness.png;T_Mechanical_Metalness.png,SurfaceAppearance,44,PROTO_VENT__MEC
B,B_S_18_P03_HVAC_S__MEC,CP_Mechanical,MEC,T_Mechanical_Color.png;T_Mechanical_Normal.png;T_Mechanical_Roughness.png;T_Mechanical_Metalness.png,SurfaceAppearance,32,PROTO_HVAC_S__MEC
B,B_S_18_P04_VENT__MEC,CP_Mechanical,MEC,T_Mechanical_Color.png;T_Mechanical_Normal.png;T_Mechanical_Roughness.png;T_Mechanical_Metalness.png,SurfaceAppearance,44,PROTO_VENT__MEC
B,B_S_18_P05_GEN__MEC,CP_Mechanical,MEC,T_Mechanical_Color.png;T_Mechanical_Normal.png;T_Mechanical_Roughness.png;T_Mechanical_Metalness.png,SurfaceAppearance,70,PROTO_GEN__MEC
B,B_S_18_P06_COOL__MEC,CP_Mechanical,MEC,T_Mechanical_Color.png;T_Mechanical_Normal.png;T_Mechanical_Roughness.png;T_Mechanical_Metalness.png,SurfaceAppearance,66,PROTO_COOL__MEC
B,B_S_18__CON,CP_ConcreteDark,CON,T_ConcreteDark_Color.png;T_ConcreteDark_Normal.png;T_ConcreteDark_Roughness.png;T_ConcreteDark_Metalness.png,SurfaceAppearance,6,
B,B_S_18__MEC,CP_Mechanical,MEC,T_Mechanical_Color.png;T_Mechanical_Normal.png;T_Mechanical_Roughness.png;T_Mechanical_Metalness.png,SurfaceAppearance,24,
B,B_S_18__NEON_RED,CP_NEON_RED,NEON_RED,F_NEON_RED.png (swatch only),"Material=Neon, Color=255,32,45 (CyberpunkConfig.NeonColors)",12,
B,B_S_18__PNL,CP_PanelMetal,PNL,T_PanelMetal_Color.png;T_PanelMetal_Normal.png;T_PanelMetal_Roughness.png;T_PanelMetal_Metalness.png,SurfaceAppearance,6,
B,B_S_18__ROF,CP_RoofDeck,ROF,T_RoofDeck_Color.png;T_RoofDeck_Normal.png;T_RoofDeck_Roughness.png;T_RoofDeck_Metalness.png,SurfaceAppearance,20,
B,B_S_18__STL,CP_Steel,STL,T_Steel_Color.png;T_Steel_Normal.png;T_Steel_Roughness.png;T_Steel_Metalness.png,SurfaceAppearance,12,
B,B_S_18__TWN,CP_TowerNight,TWN,T_TowerNight_Color.png;T_TowerNight_Normal.png;T_TowerNight_Roughness.png;T_TowerNight_Metalness.png,SurfaceAppearance,40,
B,B_S_18__WIN_COL,CP_WIN_COL,WIN_COL,F_WIN_COL.png (swatch only),"Material=Neon, Color=140,195,255 (CyberpunkConfig.NeonColors)",30,
B,B_S_18__WIN_WRM,CP_WIN_WRM,WIN_WRM,F_WIN_WRM.png (swatch only),"Material=Neon, Color=255,190,125 (CyberpunkConfig.NeonColors)",166,
B,B_S_19_P01_FANBOX__MEC,CP_Mechanical,MEC,T_Mechanical_Color.png;T_Mechanical_Normal.png;T_Mechanical_Roughness.png;T_Mechanical_Metalness.png,SurfaceAppearance,50,PROTO_FANBOX__MEC
B,B_S_19_P02_VENT__MEC,CP_Mechanical,MEC,T_Mechanical_Color.png;T_Mechanical_Normal.png;T_Mechanical_Roughness.png;T_Mechanical_Metalness.png,SurfaceAppearance,44,PROTO_VENT__MEC
B,B_S_19_P03_VENT__MEC,CP_Mechanical,MEC,T_Mechanical_Color.png;T_Mechanical_Normal.png;T_Mechanical_Roughness.png;T_Mechanical_Metalness.png,SurfaceAppearance,44,PROTO_VENT__MEC
B,B_S_19_P04_TANK__MEC,CP_Mechanical,MEC,T_Mechanical_Color.png;T_Mechanical_Normal.png;T_Mechanical_Roughness.png;T_Mechanical_Metalness.png,SurfaceAppearance,84,PROTO_TANK__MEC
B,B_S_19_P05_HVAC_L__MEC,CP_Mechanical,MEC,T_Mechanical_Color.png;T_Mechanical_Normal.png;T_Mechanical_Roughness.png;T_Mechanical_Metalness.png,SurfaceAppearance,76,PROTO_HVAC_L__MEC
B,B_S_19_P06_DISH__MEC,CP_Mechanical,MEC,T_Mechanical_Color.png;T_Mechanical_Normal.png;T_Mechanical_Roughness.png;T_Mechanical_Metalness.png,SurfaceAppearance,22,PROTO_DISH__MEC
B,B_S_19__CON,CP_ConcreteDark,CON,T_ConcreteDark_Color.png;T_ConcreteDark_Normal.png;T_ConcreteDark_Roughness.png;T_ConcreteDark_Metalness.png,SurfaceAppearance,6,
B,B_S_19__LOU,CP_Louver,LOU,T_Louver_Color.png;T_Louver_Normal.png;T_Louver_Roughness.png;T_Louver_Metalness.png,SurfaceAppearance,14,
B,B_S_19__PNL,CP_PanelMetal,PNL,T_PanelMetal_Color.png;T_PanelMetal_Normal.png;T_PanelMetal_Roughness.png;T_PanelMetal_Metalness.png,SurfaceAppearance,8,
B,B_S_19__ROF,CP_RoofDeck,ROF,T_RoofDeck_Color.png;T_RoofDeck_Normal.png;T_RoofDeck_Roughness.png;T_RoofDeck_Metalness.png,SurfaceAppearance,16,
B,B_S_19__TEC,CP_TechPanel,TEC,T_TechPanel_Color.png;T_TechPanel_Normal.png;T_TechPanel_Roughness.png;T_TechPanel_Metalness.png,SurfaceAppearance,8,
B,B_S_19__TWN,CP_TowerNight,TWN,T_TowerNight_Color.png;T_TowerNight_Normal.png;T_TowerNight_Roughness.png;T_TowerNight_Metalness.png,SurfaceAppearance,10,
B,B_S_19__WIN_COL,CP_WIN_COL,WIN_COL,F_WIN_COL.png (swatch only),"Material=Neon, Color=140,195,255 (CyberpunkConfig.NeonColors)",278,
B,B_S_20_P01_STACK__MEC,CP_Mechanical,MEC,T_Mechanical_Color.png;T_Mechanical_Normal.png;T_Mechanical_Roughness.png;T_Mechanical_Metalness.png,SurfaceAppearance,128,PROTO_STACK__MEC
B,B_S_20_P02_HVAC_S__MEC,CP_Mechanical,MEC,T_Mechanical_Color.png;T_Mechanical_Normal.png;T_Mechanical_Roughness.png;T_Mechanical_Metalness.png,SurfaceAppearance,32,PROTO_HVAC_S__MEC
B,B_S_20_P03_STACK__MEC,CP_Mechanical,MEC,T_Mechanical_Color.png;T_Mechanical_Normal.png;T_Mechanical_Roughness.png;T_Mechanical_Metalness.png,SurfaceAppearance,128,PROTO_STACK__MEC
B,B_S_20_P04_GEN__MEC,CP_Mechanical,MEC,T_Mechanical_Color.png;T_Mechanical_Normal.png;T_Mechanical_Roughness.png;T_Mechanical_Metalness.png,SurfaceAppearance,70,PROTO_GEN__MEC
B,B_S_20_P05_VENT__MEC,CP_Mechanical,MEC,T_Mechanical_Color.png;T_Mechanical_Normal.png;T_Mechanical_Roughness.png;T_Mechanical_Metalness.png,SurfaceAppearance,44,PROTO_VENT__MEC
B,B_S_20_P06_TANK__MEC,CP_Mechanical,MEC,T_Mechanical_Color.png;T_Mechanical_Normal.png;T_Mechanical_Roughness.png;T_Mechanical_Metalness.png,SurfaceAppearance,84,PROTO_TANK__MEC
B,B_S_20__CON,CP_ConcreteDark,CON,T_ConcreteDark_Color.png;T_ConcreteDark_Normal.png;T_ConcreteDark_Roughness.png;T_ConcreteDark_Metalness.png,SurfaceAppearance,46,
B,B_S_20__LOU,CP_Louver,LOU,T_Louver_Color.png;T_Louver_Normal.png;T_Louver_Roughness.png;T_Louver_Metalness.png,SurfaceAppearance,2,
B,B_S_20__MEC,CP_Mechanical,MEC,T_Mechanical_Color.png;T_Mechanical_Normal.png;T_Mechanical_Roughness.png;T_Mechanical_Metalness.png,SurfaceAppearance,54,
B,B_S_20__NEON_CYN,CP_NEON_CYN,NEON_CYN,F_NEON_CYN.png (swatch only),"Material=Neon, Color=0,230,255 (CyberpunkConfig.NeonColors)",10,
B,B_S_20__NEON_RED,CP_NEON_RED,NEON_RED,F_NEON_RED.png (swatch only),"Material=Neon, Color=255,32,45 (CyberpunkConfig.NeonColors)",12,
B,B_S_20__ROF,CP_RoofDeck,ROF,T_RoofDeck_Color.png;T_RoofDeck_Normal.png;T_RoofDeck_Roughness.png;T_RoofDeck_Metalness.png,SurfaceAppearance,6,
B,B_S_20__STL,CP_Steel,STL,T_Steel_Color.png;T_Steel_Normal.png;T_Steel_Roughness.png;T_Steel_Metalness.png,SurfaceAppearance,12,
B,B_S_20__TWN,CP_TowerNight,TWN,T_TowerNight_Color.png;T_TowerNight_Normal.png;T_TowerNight_Roughness.png;T_TowerNight_Metalness.png,SurfaceAppearance,6,
B,B_S_20__WIN_COL,CP_WIN_COL,WIN_COL,F_WIN_COL.png (swatch only),"Material=Neon, Color=140,195,255 (CyberpunkConfig.NeonColors)",76,
B,B_S_20__WIN_VIO,CP_WIN_VIO,WIN_VIO,F_WIN_VIO.png (swatch only),"Material=Neon, Color=170,130,255 (CyberpunkConfig.NeonColors)",10,
B,B_S_21_P01_GEN__MEC,CP_Mechanical,MEC,T_Mechanical_Color.png;T_Mechanical_Normal.png;T_Mechanical_Roughness.png;T_Mechanical_Metalness.png,SurfaceAppearance,70,PROTO_GEN__MEC
B,B_S_21_P02_VENT__MEC,CP_Mechanical,MEC,T_Mechanical_Color.png;T_Mechanical_Normal.png;T_Mechanical_Roughness.png;T_Mechanical_Metalness.png,SurfaceAppearance,44,PROTO_VENT__MEC
B,B_S_21_P03_COOL__MEC,CP_Mechanical,MEC,T_Mechanical_Color.png;T_Mechanical_Normal.png;T_Mechanical_Roughness.png;T_Mechanical_Metalness.png,SurfaceAppearance,66,PROTO_COOL__MEC
B,B_S_21_P04_HVAC_S__MEC,CP_Mechanical,MEC,T_Mechanical_Color.png;T_Mechanical_Normal.png;T_Mechanical_Roughness.png;T_Mechanical_Metalness.png,SurfaceAppearance,32,PROTO_HVAC_S__MEC
B,B_S_21__CON,CP_ConcreteDark,CON,T_ConcreteDark_Color.png;T_ConcreteDark_Normal.png;T_ConcreteDark_Roughness.png;T_ConcreteDark_Metalness.png,SurfaceAppearance,6,
B,B_S_21__NEON_RED,CP_NEON_RED,NEON_RED,F_NEON_RED.png (swatch only),"Material=Neon, Color=255,32,45 (CyberpunkConfig.NeonColors)",24,
B,B_S_21__PNL,CP_PanelMetal,PNL,T_PanelMetal_Color.png;T_PanelMetal_Normal.png;T_PanelMetal_Roughness.png;T_PanelMetal_Metalness.png,SurfaceAppearance,8,
B,B_S_21__RIB,CP_GlassRibbon,RIB,T_GlassRibbon_Color.png;T_GlassRibbon_Normal.png;T_GlassRibbon_Roughness.png;T_GlassRibbon_Metalness.png,SurfaceAppearance,2,
B,B_S_21__ROF,CP_RoofDeck,ROF,T_RoofDeck_Color.png;T_RoofDeck_Normal.png;T_RoofDeck_Roughness.png;T_RoofDeck_Metalness.png,SurfaceAppearance,10,
B,B_S_21__STL,CP_Steel,STL,T_Steel_Color.png;T_Steel_Normal.png;T_Steel_Roughness.png;T_Steel_Metalness.png,SurfaceAppearance,436,
B,B_S_21__TEC,CP_TechPanel,TEC,T_TechPanel_Color.png;T_TechPanel_Normal.png;T_TechPanel_Roughness.png;T_TechPanel_Metalness.png,SurfaceAppearance,10,
B,B_S_21__TWN,CP_TowerNight,TWN,T_TowerNight_Color.png;T_TowerNight_Normal.png;T_TowerNight_Roughness.png;T_TowerNight_Metalness.png,SurfaceAppearance,12,
B,B_S_21__WIN_COL,CP_WIN_COL,WIN_COL,F_WIN_COL.png (swatch only),"Material=Neon, Color=140,195,255 (CyberpunkConfig.NeonColors)",346,
B,B_S_22_P01_HVAC_S__MEC,CP_Mechanical,MEC,T_Mechanical_Color.png;T_Mechanical_Normal.png;T_Mechanical_Roughness.png;T_Mechanical_Metalness.png,SurfaceAppearance,32,PROTO_HVAC_S__MEC
B,B_S_22_P02_HVAC_S__MEC,CP_Mechanical,MEC,T_Mechanical_Color.png;T_Mechanical_Normal.png;T_Mechanical_Roughness.png;T_Mechanical_Metalness.png,SurfaceAppearance,32,PROTO_HVAC_S__MEC
B,B_S_22_P03_VENT__MEC,CP_Mechanical,MEC,T_Mechanical_Color.png;T_Mechanical_Normal.png;T_Mechanical_Roughness.png;T_Mechanical_Metalness.png,SurfaceAppearance,44,PROTO_VENT__MEC
B,B_S_22_P04_HVAC_S__MEC,CP_Mechanical,MEC,T_Mechanical_Color.png;T_Mechanical_Normal.png;T_Mechanical_Roughness.png;T_Mechanical_Metalness.png,SurfaceAppearance,32,PROTO_HVAC_S__MEC
B,B_S_22_P05_HVAC_S__MEC,CP_Mechanical,MEC,T_Mechanical_Color.png;T_Mechanical_Normal.png;T_Mechanical_Roughness.png;T_Mechanical_Metalness.png,SurfaceAppearance,32,PROTO_HVAC_S__MEC
B,B_S_22_P06_FANBOX__MEC,CP_Mechanical,MEC,T_Mechanical_Color.png;T_Mechanical_Normal.png;T_Mechanical_Roughness.png;T_Mechanical_Metalness.png,SurfaceAppearance,50,PROTO_FANBOX__MEC
B,B_S_22__CON,CP_ConcreteDark,CON,T_ConcreteDark_Color.png;T_ConcreteDark_Normal.png;T_ConcreteDark_Roughness.png;T_ConcreteDark_Metalness.png,SurfaceAppearance,126,
B,B_S_22__NEON_WHT,CP_NEON_WHT,NEON_WHT,F_NEON_WHT.png (swatch only),"Material=Neon, Color=215,228,255 (CyberpunkConfig.NeonColors)",72,
B,B_S_22__PNL,CP_PanelMetal,PNL,T_PanelMetal_Color.png;T_PanelMetal_Normal.png;T_PanelMetal_Roughness.png;T_PanelMetal_Metalness.png,SurfaceAppearance,2,
B,B_S_22__ROF,CP_RoofDeck,ROF,T_RoofDeck_Color.png;T_RoofDeck_Normal.png;T_RoofDeck_Roughness.png;T_RoofDeck_Metalness.png,SurfaceAppearance,12,
B,B_S_22__STL,CP_Steel,STL,T_Steel_Color.png;T_Steel_Normal.png;T_Steel_Roughness.png;T_Steel_Metalness.png,SurfaceAppearance,152,
B,B_S_22__TEC,CP_TechPanel,TEC,T_TechPanel_Color.png;T_TechPanel_Normal.png;T_TechPanel_Roughness.png;T_TechPanel_Metalness.png,SurfaceAppearance,14,
B,B_S_22__TWN,CP_TowerNight,TWN,T_TowerNight_Color.png;T_TowerNight_Normal.png;T_TowerNight_Roughness.png;T_TowerNight_Metalness.png,SurfaceAppearance,10,
B,B_S_22__WIN_COL,CP_WIN_COL,WIN_COL,F_WIN_COL.png (swatch only),"Material=Neon, Color=140,195,255 (CyberpunkConfig.NeonColors)",412,
B,B_S_22__WIN_PNK,CP_WIN_PNK,WIN_PNK,F_WIN_PNK.png (swatch only),"Material=Neon, Color=255,120,200 (CyberpunkConfig.NeonColors)",74,
B,B_S_23_P01_COOL__MEC,CP_Mechanical,MEC,T_Mechanical_Color.png;T_Mechanical_Normal.png;T_Mechanical_Roughness.png;T_Mechanical_Metalness.png,SurfaceAppearance,66,PROTO_COOL__MEC
B,B_S_23_P02_GEN__MEC,CP_Mechanical,MEC,T_Mechanical_Color.png;T_Mechanical_Normal.png;T_Mechanical_Roughness.png;T_Mechanical_Metalness.png,SurfaceAppearance,70,PROTO_GEN__MEC
B,B_S_23_P03_COOL__MEC,CP_Mechanical,MEC,T_Mechanical_Color.png;T_Mechanical_Normal.png;T_Mechanical_Roughness.png;T_Mechanical_Metalness.png,SurfaceAppearance,66,PROTO_COOL__MEC
B,B_S_23_P04_VENT__MEC,CP_Mechanical,MEC,T_Mechanical_Color.png;T_Mechanical_Normal.png;T_Mechanical_Roughness.png;T_Mechanical_Metalness.png,SurfaceAppearance,44,PROTO_VENT__MEC
B,B_S_23_P05_HVAC_S__MEC,CP_Mechanical,MEC,T_Mechanical_Color.png;T_Mechanical_Normal.png;T_Mechanical_Roughness.png;T_Mechanical_Metalness.png,SurfaceAppearance,32,PROTO_HVAC_S__MEC
B,B_S_23__CON,CP_ConcreteDark,CON,T_ConcreteDark_Color.png;T_ConcreteDark_Normal.png;T_ConcreteDark_Roughness.png;T_ConcreteDark_Metalness.png,SurfaceAppearance,6,
B,B_S_23__LOU,CP_Louver,LOU,T_Louver_Color.png;T_Louver_Normal.png;T_Louver_Roughness.png;T_Louver_Metalness.png,SurfaceAppearance,4,
B,B_S_23__NEON_RED,CP_NEON_RED,NEON_RED,F_NEON_RED.png (swatch only),"Material=Neon, Color=255,32,45 (CyberpunkConfig.NeonColors)",24,
B,B_S_23__PNL,CP_PanelMetal,PNL,T_PanelMetal_Color.png;T_PanelMetal_Normal.png;T_PanelMetal_Roughness.png;T_PanelMetal_Metalness.png,SurfaceAppearance,6,
B,B_S_23__ROF,CP_RoofDeck,ROF,T_RoofDeck_Color.png;T_RoofDeck_Normal.png;T_RoofDeck_Roughness.png;T_RoofDeck_Metalness.png,SurfaceAppearance,6,
B,B_S_23__STL,CP_Steel,STL,T_Steel_Color.png;T_Steel_Normal.png;T_Steel_Roughness.png;T_Steel_Metalness.png,SurfaceAppearance,360,
B,B_S_23__TWN,CP_TowerNight,TWN,T_TowerNight_Color.png;T_TowerNight_Normal.png;T_TowerNight_Roughness.png;T_TowerNight_Metalness.png,SurfaceAppearance,12,
B,B_S_23__WIN_COL,CP_WIN_COL,WIN_COL,F_WIN_COL.png (swatch only),"Material=Neon, Color=140,195,255 (CyberpunkConfig.NeonColors)",334,
B,B_S_23__WIN_VIO,CP_WIN_VIO,WIN_VIO,F_WIN_VIO.png (swatch only),"Material=Neon, Color=170,130,255 (CyberpunkConfig.NeonColors)",56,
B,B_S_24_P01_DISH__MEC,CP_Mechanical,MEC,T_Mechanical_Color.png;T_Mechanical_Normal.png;T_Mechanical_Roughness.png;T_Mechanical_Metalness.png,SurfaceAppearance,22,PROTO_DISH__MEC
B,B_S_24_P02_VENT__MEC,CP_Mechanical,MEC,T_Mechanical_Color.png;T_Mechanical_Normal.png;T_Mechanical_Roughness.png;T_Mechanical_Metalness.png,SurfaceAppearance,44,PROTO_VENT__MEC
B,B_S_24_P03_HVAC_S__MEC,CP_Mechanical,MEC,T_Mechanical_Color.png;T_Mechanical_Normal.png;T_Mechanical_Roughness.png;T_Mechanical_Metalness.png,SurfaceAppearance,32,PROTO_HVAC_S__MEC
B,B_S_24_P04_HVAC_L__MEC,CP_Mechanical,MEC,T_Mechanical_Color.png;T_Mechanical_Normal.png;T_Mechanical_Roughness.png;T_Mechanical_Metalness.png,SurfaceAppearance,76,PROTO_HVAC_L__MEC
B,B_S_24_P05_DISH__MEC,CP_Mechanical,MEC,T_Mechanical_Color.png;T_Mechanical_Normal.png;T_Mechanical_Roughness.png;T_Mechanical_Metalness.png,SurfaceAppearance,22,PROTO_DISH__MEC
B,B_S_24__CON,CP_ConcreteDark,CON,T_ConcreteDark_Color.png;T_ConcreteDark_Normal.png;T_ConcreteDark_Roughness.png;T_ConcreteDark_Metalness.png,SurfaceAppearance,16,
B,B_S_24__LOU,CP_Louver,LOU,T_Louver_Color.png;T_Louver_Normal.png;T_Louver_Roughness.png;T_Louver_Metalness.png,SurfaceAppearance,2,
B,B_S_24__NEON_MAG,CP_NEON_MAG,NEON_MAG,F_NEON_MAG.png (swatch only),"Material=Neon, Color=255,25,175 (CyberpunkConfig.NeonColors)",10,
B,B_S_24__NEON_WHT,CP_NEON_WHT,NEON_WHT,F_NEON_WHT.png (swatch only),"Material=Neon, Color=215,228,255 (CyberpunkConfig.NeonColors)",80,
B,B_S_24__ROF,CP_RoofDeck,ROF,T_RoofDeck_Color.png;T_RoofDeck_Normal.png;T_RoofDeck_Roughness.png;T_RoofDeck_Metalness.png,SurfaceAppearance,12,
B,B_S_24__STL,CP_Steel,STL,T_Steel_Color.png;T_Steel_Normal.png;T_Steel_Roughness.png;T_Steel_Metalness.png,SurfaceAppearance,34,
B,B_S_24__TEC,CP_TechPanel,TEC,T_TechPanel_Color.png;T_TechPanel_Normal.png;T_TechPanel_Roughness.png;T_TechPanel_Metalness.png,SurfaceAppearance,2,
B,B_S_24__TWN,CP_TowerNight,TWN,T_TowerNight_Color.png;T_TowerNight_Normal.png;T_TowerNight_Roughness.png;T_TowerNight_Metalness.png,SurfaceAppearance,12,
B,B_S_24__WIN_PNK,CP_WIN_PNK,WIN_PNK,F_WIN_PNK.png (swatch only),"Material=Neon, Color=255,120,200 (CyberpunkConfig.NeonColors)",18,
B,B_S_24__WIN_WRM,CP_WIN_WRM,WIN_WRM,F_WIN_WRM.png (swatch only),"Material=Neon, Color=255,190,125 (CyberpunkConfig.NeonColors)",134,
B,B_S_25_P01_VENT__MEC,CP_Mechanical,MEC,T_Mechanical_Color.png;T_Mechanical_Normal.png;T_Mechanical_Roughness.png;T_Mechanical_Metalness.png,SurfaceAppearance,44,PROTO_VENT__MEC
B,B_S_25_P02_HVAC_S__MEC,CP_Mechanical,MEC,T_Mechanical_Color.png;T_Mechanical_Normal.png;T_Mechanical_Roughness.png;T_Mechanical_Metalness.png,SurfaceAppearance,32,PROTO_HVAC_S__MEC
B,B_S_25_P03_HVAC_S__MEC,CP_Mechanical,MEC,T_Mechanical_Color.png;T_Mechanical_Normal.png;T_Mechanical_Roughness.png;T_Mechanical_Metalness.png,SurfaceAppearance,32,PROTO_HVAC_S__MEC
B,B_S_25_P04_VENT__MEC,CP_Mechanical,MEC,T_Mechanical_Color.png;T_Mechanical_Normal.png;T_Mechanical_Roughness.png;T_Mechanical_Metalness.png,SurfaceAppearance,44,PROTO_VENT__MEC
B,B_S_25__CON,CP_ConcreteDark,CON,T_ConcreteDark_Color.png;T_ConcreteDark_Normal.png;T_ConcreteDark_Roughness.png;T_ConcreteDark_Metalness.png,SurfaceAppearance,46,
B,B_S_25__LOU,CP_Louver,LOU,T_Louver_Color.png;T_Louver_Normal.png;T_Louver_Roughness.png;T_Louver_Metalness.png,SurfaceAppearance,4,
B,B_S_25__NEON_RED,CP_NEON_RED,NEON_RED,F_NEON_RED.png (swatch only),"Material=Neon, Color=255,32,45 (CyberpunkConfig.NeonColors)",24,
B,B_S_25__ROF,CP_RoofDeck,ROF,T_RoofDeck_Color.png;T_RoofDeck_Normal.png;T_RoofDeck_Roughness.png;T_RoofDeck_Metalness.png,SurfaceAppearance,6,
B,B_S_25__STL,CP_Steel,STL,T_Steel_Color.png;T_Steel_Normal.png;T_Steel_Roughness.png;T_Steel_Metalness.png,SurfaceAppearance,424,
B,B_S_25__TWN,CP_TowerNight,TWN,T_TowerNight_Color.png;T_TowerNight_Normal.png;T_TowerNight_Roughness.png;T_TowerNight_Metalness.png,SurfaceAppearance,12,
B,B_S_25__WIN_COL,CP_WIN_COL,WIN_COL,F_WIN_COL.png (swatch only),"Material=Neon, Color=140,195,255 (CyberpunkConfig.NeonColors)",232,
B,B_S_25__WIN_PNK,CP_WIN_PNK,WIN_PNK,F_WIN_PNK.png (swatch only),"Material=Neon, Color=255,120,200 (CyberpunkConfig.NeonColors)",58,
B,B_S_26_P01_TANK__MEC,CP_Mechanical,MEC,T_Mechanical_Color.png;T_Mechanical_Normal.png;T_Mechanical_Roughness.png;T_Mechanical_Metalness.png,SurfaceAppearance,84,PROTO_TANK__MEC
B,B_S_26_P02_TANK__MEC,CP_Mechanical,MEC,T_Mechanical_Color.png;T_Mechanical_Normal.png;T_Mechanical_Roughness.png;T_Mechanical_Metalness.png,SurfaceAppearance,84,PROTO_TANK__MEC
B,B_S_26_P03_COOL__MEC,CP_Mechanical,MEC,T_Mechanical_Color.png;T_Mechanical_Normal.png;T_Mechanical_Roughness.png;T_Mechanical_Metalness.png,SurfaceAppearance,66,PROTO_COOL__MEC
B,B_S_26__CON,CP_ConcreteDark,CON,T_ConcreteDark_Color.png;T_ConcreteDark_Normal.png;T_ConcreteDark_Roughness.png;T_ConcreteDark_Metalness.png,SurfaceAppearance,6,
B,B_S_26__NEON_CYN,CP_NEON_CYN,NEON_CYN,F_NEON_CYN.png (swatch only),"Material=Neon, Color=0,230,255 (CyberpunkConfig.NeonColors)",56,
B,B_S_26__PNL,CP_PanelMetal,PNL,T_PanelMetal_Color.png;T_PanelMetal_Normal.png;T_PanelMetal_Roughness.png;T_PanelMetal_Metalness.png,SurfaceAppearance,8,
B,B_S_26__ROF,CP_RoofDeck,ROF,T_RoofDeck_Color.png;T_RoofDeck_Normal.png;T_RoofDeck_Roughness.png;T_RoofDeck_Metalness.png,SurfaceAppearance,8,
B,B_S_26__STL,CP_Steel,STL,T_Steel_Color.png;T_Steel_Normal.png;T_Steel_Roughness.png;T_Steel_Metalness.png,SurfaceAppearance,64,
B,B_S_26__TWN,CP_TowerNight,TWN,T_TowerNight_Color.png;T_TowerNight_Normal.png;T_TowerNight_Roughness.png;T_TowerNight_Metalness.png,SurfaceAppearance,16,
B,B_S_26__WIN_PNK,CP_WIN_PNK,WIN_PNK,F_WIN_PNK.png (swatch only),"Material=Neon, Color=255,120,200 (CyberpunkConfig.NeonColors)",30,
B,B_S_26__WIN_VIO,CP_WIN_VIO,WIN_VIO,F_WIN_VIO.png (swatch only),"Material=Neon, Color=170,130,255 (CyberpunkConfig.NeonColors)",246,
B,B_S_27_P01_TANK__MEC,CP_Mechanical,MEC,T_Mechanical_Color.png;T_Mechanical_Normal.png;T_Mechanical_Roughness.png;T_Mechanical_Metalness.png,SurfaceAppearance,84,PROTO_TANK__MEC
B,B_S_27_P02_STACK__MEC,CP_Mechanical,MEC,T_Mechanical_Color.png;T_Mechanical_Normal.png;T_Mechanical_Roughness.png;T_Mechanical_Metalness.png,SurfaceAppearance,128,PROTO_STACK__MEC
B,B_S_27_P03_STACK__MEC,CP_Mechanical,MEC,T_Mechanical_Color.png;T_Mechanical_Normal.png;T_Mechanical_Roughness.png;T_Mechanical_Metalness.png,SurfaceAppearance,128,PROTO_STACK__MEC
B,B_S_27_P04_VENT__MEC,CP_Mechanical,MEC,T_Mechanical_Color.png;T_Mechanical_Normal.png;T_Mechanical_Roughness.png;T_Mechanical_Metalness.png,SurfaceAppearance,44,PROTO_VENT__MEC
B,B_S_27_P05_HVAC_S__MEC,CP_Mechanical,MEC,T_Mechanical_Color.png;T_Mechanical_Normal.png;T_Mechanical_Roughness.png;T_Mechanical_Metalness.png,SurfaceAppearance,32,PROTO_HVAC_S__MEC
B,B_S_27__CON,CP_ConcreteDark,CON,T_ConcreteDark_Color.png;T_ConcreteDark_Normal.png;T_ConcreteDark_Roughness.png;T_ConcreteDark_Metalness.png,SurfaceAppearance,16,
B,B_S_27__NEON_RED,CP_NEON_RED,NEON_RED,F_NEON_RED.png (swatch only),"Material=Neon, Color=255,32,45 (CyberpunkConfig.NeonColors)",24,
B,B_S_27__ROF,CP_RoofDeck,ROF,T_RoofDeck_Color.png;T_RoofDeck_Normal.png;T_RoofDeck_Roughness.png;T_RoofDeck_Metalness.png,SurfaceAppearance,12,
B,B_S_27__STL,CP_Steel,STL,T_Steel_Color.png;T_Steel_Normal.png;T_Steel_Roughness.png;T_Steel_Metalness.png,SurfaceAppearance,318,
B,B_S_27__TWN,CP_TowerNight,TWN,T_TowerNight_Color.png;T_TowerNight_Normal.png;T_TowerNight_Roughness.png;T_TowerNight_Metalness.png,SurfaceAppearance,16,
B,B_S_27__WIN_COL,CP_WIN_COL,WIN_COL,F_WIN_COL.png (swatch only),"Material=Neon, Color=140,195,255 (CyberpunkConfig.NeonColors)",246,
B,B_S_27__WIN_VIO,CP_WIN_VIO,WIN_VIO,F_WIN_VIO.png (swatch only),"Material=Neon, Color=170,130,255 (CyberpunkConfig.NeonColors)",28,
B,B_S_28_P01_FANBOX__MEC,CP_Mechanical,MEC,T_Mechanical_Color.png;T_Mechanical_Normal.png;T_Mechanical_Roughness.png;T_Mechanical_Metalness.png,SurfaceAppearance,50,PROTO_FANBOX__MEC
B,B_S_28_P02_VENT__MEC,CP_Mechanical,MEC,T_Mechanical_Color.png;T_Mechanical_Normal.png;T_Mechanical_Roughness.png;T_Mechanical_Metalness.png,SurfaceAppearance,44,PROTO_VENT__MEC
B,B_S_28_P03_VENT__MEC,CP_Mechanical,MEC,T_Mechanical_Color.png;T_Mechanical_Normal.png;T_Mechanical_Roughness.png;T_Mechanical_Metalness.png,SurfaceAppearance,44,PROTO_VENT__MEC
B,B_S_28_P04_TANK__MEC,CP_Mechanical,MEC,T_Mechanical_Color.png;T_Mechanical_Normal.png;T_Mechanical_Roughness.png;T_Mechanical_Metalness.png,SurfaceAppearance,84,PROTO_TANK__MEC
B,B_S_28_P05_FANBOX__MEC,CP_Mechanical,MEC,T_Mechanical_Color.png;T_Mechanical_Normal.png;T_Mechanical_Roughness.png;T_Mechanical_Metalness.png,SurfaceAppearance,50,PROTO_FANBOX__MEC
B,B_S_28_P06_GEN__MEC,CP_Mechanical,MEC,T_Mechanical_Color.png;T_Mechanical_Normal.png;T_Mechanical_Roughness.png;T_Mechanical_Metalness.png,SurfaceAppearance,70,PROTO_GEN__MEC
B,B_S_28__CON,CP_ConcreteDark,CON,T_ConcreteDark_Color.png;T_ConcreteDark_Normal.png;T_ConcreteDark_Roughness.png;T_ConcreteDark_Metalness.png,SurfaceAppearance,46,
B,B_S_28__MEC,CP_Mechanical,MEC,T_Mechanical_Color.png;T_Mechanical_Normal.png;T_Mechanical_Roughness.png;T_Mechanical_Metalness.png,SurfaceAppearance,34,
B,B_S_28__NEON_CYN,CP_NEON_CYN,NEON_CYN,F_NEON_CYN.png (swatch only),"Material=Neon, Color=0,230,255 (CyberpunkConfig.NeonColors)",60,
B,B_S_28__NEON_MAG,CP_NEON_MAG,NEON_MAG,F_NEON_MAG.png (swatch only),"Material=Neon, Color=255,25,175 (CyberpunkConfig.NeonColors)",40,
B,B_S_28__NEON_RED,CP_NEON_RED,NEON_RED,F_NEON_RED.png (swatch only),"Material=Neon, Color=255,32,45 (CyberpunkConfig.NeonColors)",12,
B,B_S_28__NEON_WHT,CP_NEON_WHT,NEON_WHT,F_NEON_WHT.png (swatch only),"Material=Neon, Color=215,228,255 (CyberpunkConfig.NeonColors)",48,
B,B_S_28__PNL,CP_PanelMetal,PNL,T_PanelMetal_Color.png;T_PanelMetal_Normal.png;T_PanelMetal_Roughness.png;T_PanelMetal_Metalness.png,SurfaceAppearance,2,
B,B_S_28__ROF,CP_RoofDeck,ROF,T_RoofDeck_Color.png;T_RoofDeck_Normal.png;T_RoofDeck_Roughness.png;T_RoofDeck_Metalness.png,SurfaceAppearance,6,
B,B_S_28__STL,CP_Steel,STL,T_Steel_Color.png;T_Steel_Normal.png;T_Steel_Roughness.png;T_Steel_Metalness.png,SurfaceAppearance,204,
B,B_S_28__TEC,CP_TechPanel,TEC,T_TechPanel_Color.png;T_TechPanel_Normal.png;T_TechPanel_Roughness.png;T_TechPanel_Metalness.png,SurfaceAppearance,2,
B,B_S_28__TWN,CP_TowerNight,TWN,T_TowerNight_Color.png;T_TowerNight_Normal.png;T_TowerNight_Roughness.png;T_TowerNight_Metalness.png,SurfaceAppearance,14,
B,B_S_28__WIN_PNK,CP_WIN_PNK,WIN_PNK,F_WIN_PNK.png (swatch only),"Material=Neon, Color=255,120,200 (CyberpunkConfig.NeonColors)",138,
B,B_S_28__WIN_VIO,CP_WIN_VIO,WIN_VIO,F_WIN_VIO.png (swatch only),"Material=Neon, Color=170,130,255 (CyberpunkConfig.NeonColors)",30,
B,B_S_29_P01_GEN__MEC,CP_Mechanical,MEC,T_Mechanical_Color.png;T_Mechanical_Normal.png;T_Mechanical_Roughness.png;T_Mechanical_Metalness.png,SurfaceAppearance,70,PROTO_GEN__MEC
B,B_S_29_P02_DISH__MEC,CP_Mechanical,MEC,T_Mechanical_Color.png;T_Mechanical_Normal.png;T_Mechanical_Roughness.png;T_Mechanical_Metalness.png,SurfaceAppearance,22,PROTO_DISH__MEC
B,B_S_29_P03_HVAC_S__MEC,CP_Mechanical,MEC,T_Mechanical_Color.png;T_Mechanical_Normal.png;T_Mechanical_Roughness.png;T_Mechanical_Metalness.png,SurfaceAppearance,32,PROTO_HVAC_S__MEC
B,B_S_29_P04_VENT__MEC,CP_Mechanical,MEC,T_Mechanical_Color.png;T_Mechanical_Normal.png;T_Mechanical_Roughness.png;T_Mechanical_Metalness.png,SurfaceAppearance,44,PROTO_VENT__MEC
B,B_S_29_P05_VENT__MEC,CP_Mechanical,MEC,T_Mechanical_Color.png;T_Mechanical_Normal.png;T_Mechanical_Roughness.png;T_Mechanical_Metalness.png,SurfaceAppearance,44,PROTO_VENT__MEC
B,B_S_29_P06_DISH__MEC,CP_Mechanical,MEC,T_Mechanical_Color.png;T_Mechanical_Normal.png;T_Mechanical_Roughness.png;T_Mechanical_Metalness.png,SurfaceAppearance,22,PROTO_DISH__MEC
B,B_S_29_P07_TANK__MEC,CP_Mechanical,MEC,T_Mechanical_Color.png;T_Mechanical_Normal.png;T_Mechanical_Roughness.png;T_Mechanical_Metalness.png,SurfaceAppearance,84,PROTO_TANK__MEC
B,B_S_29__CON,CP_ConcreteDark,CON,T_ConcreteDark_Color.png;T_ConcreteDark_Normal.png;T_ConcreteDark_Roughness.png;T_ConcreteDark_Metalness.png,SurfaceAppearance,6,
B,B_S_29__MEC,CP_Mechanical,MEC,T_Mechanical_Color.png;T_Mechanical_Normal.png;T_Mechanical_Roughness.png;T_Mechanical_Metalness.png,SurfaceAppearance,10,
B,B_S_29__NEON_BLU,CP_NEON_BLU,NEON_BLU,F_NEON_BLU.png (swatch only),"Material=Neon, Color=30,95,255 (CyberpunkConfig.NeonColors)",90,
B,B_S_29__PNL,CP_PanelMetal,PNL,T_PanelMetal_Color.png;T_PanelMetal_Normal.png;T_PanelMetal_Roughness.png;T_PanelMetal_Metalness.png,SurfaceAppearance,2,
B,B_S_29__RIB,CP_GlassRibbon,RIB,T_GlassRibbon_Color.png;T_GlassRibbon_Normal.png;T_GlassRibbon_Roughness.png;T_GlassRibbon_Metalness.png,SurfaceAppearance,4,
B,B_S_29__ROF,CP_RoofDeck,ROF,T_RoofDeck_Color.png;T_RoofDeck_Normal.png;T_RoofDeck_Roughness.png;T_RoofDeck_Metalness.png,SurfaceAppearance,6,
B,B_S_29__STL,CP_Steel,STL,T_Steel_Color.png;T_Steel_Normal.png;T_Steel_Roughness.png;T_Steel_Metalness.png,SurfaceAppearance,200,
B,B_S_29__TWN,CP_TowerNight,TWN,T_TowerNight_Color.png;T_TowerNight_Normal.png;T_TowerNight_Roughness.png;T_TowerNight_Metalness.png,SurfaceAppearance,12,
B,B_S_29__WIN_VIO,CP_WIN_VIO,WIN_VIO,F_WIN_VIO.png (swatch only),"Material=Neon, Color=170,130,255 (CyberpunkConfig.NeonColors)",294,
B,B_S_30_P01_VENT__MEC,CP_Mechanical,MEC,T_Mechanical_Color.png;T_Mechanical_Normal.png;T_Mechanical_Roughness.png;T_Mechanical_Metalness.png,SurfaceAppearance,44,PROTO_VENT__MEC
B,B_S_30_P02_HVAC_L__MEC,CP_Mechanical,MEC,T_Mechanical_Color.png;T_Mechanical_Normal.png;T_Mechanical_Roughness.png;T_Mechanical_Metalness.png,SurfaceAppearance,76,PROTO_HVAC_L__MEC
B,B_S_30_P03_STACK__MEC,CP_Mechanical,MEC,T_Mechanical_Color.png;T_Mechanical_Normal.png;T_Mechanical_Roughness.png;T_Mechanical_Metalness.png,SurfaceAppearance,128,PROTO_STACK__MEC
B,B_S_30_P04_HVAC_S__MEC,CP_Mechanical,MEC,T_Mechanical_Color.png;T_Mechanical_Normal.png;T_Mechanical_Roughness.png;T_Mechanical_Metalness.png,SurfaceAppearance,32,PROTO_HVAC_S__MEC
B,B_S_30_P05_HVAC_L__MEC,CP_Mechanical,MEC,T_Mechanical_Color.png;T_Mechanical_Normal.png;T_Mechanical_Roughness.png;T_Mechanical_Metalness.png,SurfaceAppearance,76,PROTO_HVAC_L__MEC
B,B_S_30_P06_VENT__MEC,CP_Mechanical,MEC,T_Mechanical_Color.png;T_Mechanical_Normal.png;T_Mechanical_Roughness.png;T_Mechanical_Metalness.png,SurfaceAppearance,44,PROTO_VENT__MEC
B,B_S_30_P07_VENT__MEC,CP_Mechanical,MEC,T_Mechanical_Color.png;T_Mechanical_Normal.png;T_Mechanical_Roughness.png;T_Mechanical_Metalness.png,SurfaceAppearance,44,PROTO_VENT__MEC
B,B_S_30_P08_HVAC_L__MEC,CP_Mechanical,MEC,T_Mechanical_Color.png;T_Mechanical_Normal.png;T_Mechanical_Roughness.png;T_Mechanical_Metalness.png,SurfaceAppearance,76,PROTO_HVAC_L__MEC
B,B_S_30__CON,CP_ConcreteDark,CON,T_ConcreteDark_Color.png;T_ConcreteDark_Normal.png;T_ConcreteDark_Roughness.png;T_ConcreteDark_Metalness.png,SurfaceAppearance,6,
B,B_S_30__LOU,CP_Louver,LOU,T_Louver_Color.png;T_Louver_Normal.png;T_Louver_Roughness.png;T_Louver_Metalness.png,SurfaceAppearance,2,
B,B_S_30__MEC,CP_Mechanical,MEC,T_Mechanical_Color.png;T_Mechanical_Normal.png;T_Mechanical_Roughness.png;T_Mechanical_Metalness.png,SurfaceAppearance,34,
B,B_S_30__NEON_MAG,CP_NEON_MAG,NEON_MAG,F_NEON_MAG.png (swatch only),"Material=Neon, Color=255,25,175 (CyberpunkConfig.NeonColors)",50,
B,B_S_30__NEON_RED,CP_NEON_RED,NEON_RED,F_NEON_RED.png (swatch only),"Material=Neon, Color=255,32,45 (CyberpunkConfig.NeonColors)",12,
B,B_S_30__ROF,CP_RoofDeck,ROF,T_RoofDeck_Color.png;T_RoofDeck_Normal.png;T_RoofDeck_Roughness.png;T_RoofDeck_Metalness.png,SurfaceAppearance,4,
B,B_S_30__STL,CP_Steel,STL,T_Steel_Color.png;T_Steel_Normal.png;T_Steel_Roughness.png;T_Steel_Metalness.png,SurfaceAppearance,148,
B,B_S_30__TWN,CP_TowerNight,TWN,T_TowerNight_Color.png;T_TowerNight_Normal.png;T_TowerNight_Roughness.png;T_TowerNight_Metalness.png,SurfaceAppearance,6,
B,B_S_30__WIN_PNK,CP_WIN_PNK,WIN_PNK,F_WIN_PNK.png (swatch only),"Material=Neon, Color=255,120,200 (CyberpunkConfig.NeonColors)",32,
B,B_S_30__WIN_WRM,CP_WIN_WRM,WIN_WRM,F_WIN_WRM.png (swatch only),"Material=Neon, Color=255,190,125 (CyberpunkConfig.NeonColors)",214,
B,B_S_31_P01_DISH__MEC,CP_Mechanical,MEC,T_Mechanical_Color.png;T_Mechanical_Normal.png;T_Mechanical_Roughness.png;T_Mechanical_Metalness.png,SurfaceAppearance,22,PROTO_DISH__MEC
B,B_S_31_P02_STACK__MEC,CP_Mechanical,MEC,T_Mechanical_Color.png;T_Mechanical_Normal.png;T_Mechanical_Roughness.png;T_Mechanical_Metalness.png,SurfaceAppearance,128,PROTO_STACK__MEC
B,B_S_31_P03_TANK__MEC,CP_Mechanical,MEC,T_Mechanical_Color.png;T_Mechanical_Normal.png;T_Mechanical_Roughness.png;T_Mechanical_Metalness.png,SurfaceAppearance,84,PROTO_TANK__MEC
B,B_S_31_P04_VENT__MEC,CP_Mechanical,MEC,T_Mechanical_Color.png;T_Mechanical_Normal.png;T_Mechanical_Roughness.png;T_Mechanical_Metalness.png,SurfaceAppearance,44,PROTO_VENT__MEC
B,B_S_31_P05_HVAC_S__MEC,CP_Mechanical,MEC,T_Mechanical_Color.png;T_Mechanical_Normal.png;T_Mechanical_Roughness.png;T_Mechanical_Metalness.png,SurfaceAppearance,32,PROTO_HVAC_S__MEC
B,B_S_31_P06_STACK__MEC,CP_Mechanical,MEC,T_Mechanical_Color.png;T_Mechanical_Normal.png;T_Mechanical_Roughness.png;T_Mechanical_Metalness.png,SurfaceAppearance,128,PROTO_STACK__MEC
B,B_S_31__CON,CP_ConcreteDark,CON,T_ConcreteDark_Color.png;T_ConcreteDark_Normal.png;T_ConcreteDark_Roughness.png;T_ConcreteDark_Metalness.png,SurfaceAppearance,46,
B,B_S_31__MEC,CP_Mechanical,MEC,T_Mechanical_Color.png;T_Mechanical_Normal.png;T_Mechanical_Roughness.png;T_Mechanical_Metalness.png,SurfaceAppearance,54,
B,B_S_31__NEON_MAG,CP_NEON_MAG,NEON_MAG,F_NEON_MAG.png (swatch only),"Material=Neon, Color=255,25,175 (CyberpunkConfig.NeonColors)",10,
B,B_S_31__NEON_RED,CP_NEON_RED,NEON_RED,F_NEON_RED.png (swatch only),"Material=Neon, Color=255,32,45 (CyberpunkConfig.NeonColors)",12,
B,B_S_31__ROF,CP_RoofDeck,ROF,T_RoofDeck_Color.png;T_RoofDeck_Normal.png;T_RoofDeck_Roughness.png;T_RoofDeck_Metalness.png,SurfaceAppearance,10,
B,B_S_31__STL,CP_Steel,STL,T_Steel_Color.png;T_Steel_Normal.png;T_Steel_Roughness.png;T_Steel_Metalness.png,SurfaceAppearance,60,
B,B_S_31__TEC,CP_TechPanel,TEC,T_TechPanel_Color.png;T_TechPanel_Normal.png;T_TechPanel_Roughness.png;T_TechPanel_Metalness.png,SurfaceAppearance,6,
B,B_S_31__TWN,CP_TowerNight,TWN,T_TowerNight_Color.png;T_TowerNight_Normal.png;T_TowerNight_Roughness.png;T_TowerNight_Metalness.png,SurfaceAppearance,10,
B,B_S_31__WIN_COL,CP_WIN_COL,WIN_COL,F_WIN_COL.png (swatch only),"Material=Neon, Color=140,195,255 (CyberpunkConfig.NeonColors)",244,
B,B_S_32_P01_VENT__MEC,CP_Mechanical,MEC,T_Mechanical_Color.png;T_Mechanical_Normal.png;T_Mechanical_Roughness.png;T_Mechanical_Metalness.png,SurfaceAppearance,44,PROTO_VENT__MEC
B,B_S_32_P02_HVAC_S__MEC,CP_Mechanical,MEC,T_Mechanical_Color.png;T_Mechanical_Normal.png;T_Mechanical_Roughness.png;T_Mechanical_Metalness.png,SurfaceAppearance,32,PROTO_HVAC_S__MEC
B,B_S_32_P03_STACK__MEC,CP_Mechanical,MEC,T_Mechanical_Color.png;T_Mechanical_Normal.png;T_Mechanical_Roughness.png;T_Mechanical_Metalness.png,SurfaceAppearance,128,PROTO_STACK__MEC
B,B_S_32_P04_COOL__MEC,CP_Mechanical,MEC,T_Mechanical_Color.png;T_Mechanical_Normal.png;T_Mechanical_Roughness.png;T_Mechanical_Metalness.png,SurfaceAppearance,66,PROTO_COOL__MEC
B,B_S_32_P05_HVAC_L__MEC,CP_Mechanical,MEC,T_Mechanical_Color.png;T_Mechanical_Normal.png;T_Mechanical_Roughness.png;T_Mechanical_Metalness.png,SurfaceAppearance,76,PROTO_HVAC_L__MEC
B,B_S_32__CON,CP_ConcreteDark,CON,T_ConcreteDark_Color.png;T_ConcreteDark_Normal.png;T_ConcreteDark_Roughness.png;T_ConcreteDark_Metalness.png,SurfaceAppearance,206,
B,B_S_32__NEON_RED,CP_NEON_RED,NEON_RED,F_NEON_RED.png (swatch only),"Material=Neon, Color=255,32,45 (CyberpunkConfig.NeonColors)",24,
B,B_S_32__NEON_WHT,CP_NEON_WHT,NEON_WHT,F_NEON_WHT.png (swatch only),"Material=Neon, Color=215,228,255 (CyberpunkConfig.NeonColors)",48,
B,B_S_32__PNL,CP_PanelMetal,PNL,T_PanelMetal_Color.png;T_PanelMetal_Normal.png;T_PanelMetal_Roughness.png;T_PanelMetal_Metalness.png,SurfaceAppearance,2,
B,B_S_32__ROF,CP_RoofDeck,ROF,T_RoofDeck_Color.png;T_RoofDeck_Normal.png;T_RoofDeck_Roughness.png;T_RoofDeck_Metalness.png,SurfaceAppearance,20,
B,B_S_32__STL,CP_Steel,STL,T_Steel_Color.png;T_Steel_Normal.png;T_Steel_Roughness.png;T_Steel_Metalness.png,SurfaceAppearance,364,
B,B_S_32__TWN,CP_TowerNight,TWN,T_TowerNight_Color.png;T_TowerNight_Normal.png;T_TowerNight_Roughness.png;T_TowerNight_Metalness.png,SurfaceAppearance,40,
B,B_S_32__WIN_COL,CP_WIN_COL,WIN_COL,F_WIN_COL.png (swatch only),"Material=Neon, Color=140,195,255 (CyberpunkConfig.NeonColors)",98,
B,B_S_33_P01_HVAC_S__MEC,CP_Mechanical,MEC,T_Mechanical_Color.png;T_Mechanical_Normal.png;T_Mechanical_Roughness.png;T_Mechanical_Metalness.png,SurfaceAppearance,32,PROTO_HVAC_S__MEC
B,B_S_33_P02_DISH__MEC,CP_Mechanical,MEC,T_Mechanical_Color.png;T_Mechanical_Normal.png;T_Mechanical_Roughness.png;T_Mechanical_Metalness.png,SurfaceAppearance,22,PROTO_DISH__MEC
B,B_S_33_P03_GEN__MEC,CP_Mechanical,MEC,T_Mechanical_Color.png;T_Mechanical_Normal.png;T_Mechanical_Roughness.png;T_Mechanical_Metalness.png,SurfaceAppearance,70,PROTO_GEN__MEC
B,B_S_33_P04_TANK__MEC,CP_Mechanical,MEC,T_Mechanical_Color.png;T_Mechanical_Normal.png;T_Mechanical_Roughness.png;T_Mechanical_Metalness.png,SurfaceAppearance,84,PROTO_TANK__MEC
B,B_S_33_P05_VENT__MEC,CP_Mechanical,MEC,T_Mechanical_Color.png;T_Mechanical_Normal.png;T_Mechanical_Roughness.png;T_Mechanical_Metalness.png,SurfaceAppearance,44,PROTO_VENT__MEC
B,B_S_33_P06_TANK__MEC,CP_Mechanical,MEC,T_Mechanical_Color.png;T_Mechanical_Normal.png;T_Mechanical_Roughness.png;T_Mechanical_Metalness.png,SurfaceAppearance,84,PROTO_TANK__MEC
B,B_S_33__CON,CP_ConcreteDark,CON,T_ConcreteDark_Color.png;T_ConcreteDark_Normal.png;T_ConcreteDark_Roughness.png;T_ConcreteDark_Metalness.png,SurfaceAppearance,6,
B,B_S_33__MEC,CP_Mechanical,MEC,T_Mechanical_Color.png;T_Mechanical_Normal.png;T_Mechanical_Roughness.png;T_Mechanical_Metalness.png,SurfaceAppearance,34,
B,B_S_33__NEON_CYN,CP_NEON_CYN,NEON_CYN,F_NEON_CYN.png (swatch only),"Material=Neon, Color=0,230,255 (CyberpunkConfig.NeonColors)",50,
B,B_S_33__NEON_RED,CP_NEON_RED,NEON_RED,F_NEON_RED.png (swatch only),"Material=Neon, Color=255,32,45 (CyberpunkConfig.NeonColors)",12,
B,B_S_33__RIB,CP_GlassRibbon,RIB,T_GlassRibbon_Color.png;T_GlassRibbon_Normal.png;T_GlassRibbon_Roughness.png;T_GlassRibbon_Metalness.png,SurfaceAppearance,6,
B,B_S_33__ROF,CP_RoofDeck,ROF,T_RoofDeck_Color.png;T_RoofDeck_Normal.png;T_RoofDeck_Roughness.png;T_RoofDeck_Metalness.png,SurfaceAppearance,8,
B,B_S_33__STL,CP_Steel,STL,T_Steel_Color.png;T_Steel_Normal.png;T_Steel_Roughness.png;T_Steel_Metalness.png,SurfaceAppearance,148,
B,B_S_33__TWN,CP_TowerNight,TWN,T_TowerNight_Color.png;T_TowerNight_Normal.png;T_TowerNight_Roughness.png;T_TowerNight_Metalness.png,SurfaceAppearance,10,
B,B_S_33__WIN_COL,CP_WIN_COL,WIN_COL,F_WIN_COL.png (swatch only),"Material=Neon, Color=140,195,255 (CyberpunkConfig.NeonColors)",130,
B,B_S_33__WIN_VIO,CP_WIN_VIO,WIN_VIO,F_WIN_VIO.png (swatch only),"Material=Neon, Color=170,130,255 (CyberpunkConfig.NeonColors)",22,
B,B_Sky_E0_N2_near__MEC,CP_Mechanical,MEC,T_Mechanical_Color.png;T_Mechanical_Normal.png;T_Mechanical_Roughness.png;T_Mechanical_Metalness.png,SurfaceAppearance,60,
B,B_Sky_E0_N2_near__NEON_BLU,CP_NEON_BLU,NEON_BLU,F_NEON_BLU.png (swatch only),"Material=Neon, Color=30,95,255 (CyberpunkConfig.NeonColors)",240,
B,B_Sky_E0_N2_near__NEON_CYN,CP_NEON_CYN,NEON_CYN,F_NEON_CYN.png (swatch only),"Material=Neon, Color=0,230,255 (CyberpunkConfig.NeonColors)",240,
B,B_Sky_E0_N2_near__NEON_RED,CP_NEON_RED,NEON_RED,F_NEON_RED.png (swatch only),"Material=Neon, Color=255,32,45 (CyberpunkConfig.NeonColors)",60,
B,B_Sky_E0_N2_near__NEON_VIO,CP_NEON_VIO,NEON_VIO,F_NEON_VIO.png (swatch only),"Material=Neon, Color=150,45,255 (CyberpunkConfig.NeonColors)",40,
B,B_Sky_E0_N2_near__PNL,CP_PanelMetal,PNL,T_PanelMetal_Color.png;T_PanelMetal_Normal.png;T_PanelMetal_Roughness.png;T_PanelMetal_Metalness.png,SurfaceAppearance,66,
B,B_Sky_E0_N2_near__ROF,CP_RoofDeck,ROF,T_RoofDeck_Color.png;T_RoofDeck_Normal.png;T_RoofDeck_Roughness.png;T_RoofDeck_Metalness.png,SurfaceAppearance,116,
B,B_Sky_E0_N2_near__STL,CP_Steel,STL,T_Steel_Color.png;T_Steel_Normal.png;T_Steel_Roughness.png;T_Steel_Metalness.png,SurfaceAppearance,116,
B,B_Sky_E0_N2_near__TEC,CP_TechPanel,TEC,T_TechPanel_Color.png;T_TechPanel_Normal.png;T_TechPanel_Roughness.png;T_TechPanel_Metalness.png,SurfaceAppearance,8,
B,B_Sky_E0_N2_near__TWN,CP_TowerNight,TWN,T_TowerNight_Color.png;T_TowerNight_Normal.png;T_TowerNight_Roughness.png;T_TowerNight_Metalness.png,SurfaceAppearance,328,
B,B_Sky_E0_N2_near__WIN_COL,CP_WIN_COL,WIN_COL,F_WIN_COL.png (swatch only),"Material=Neon, Color=140,195,255 (CyberpunkConfig.NeonColors)",400,
B,B_Sky_E0_N2_near__WIN_VIO,CP_WIN_VIO,WIN_VIO,F_WIN_VIO.png (swatch only),"Material=Neon, Color=170,130,255 (CyberpunkConfig.NeonColors)",140,
B,B_Sky_E0_N2_near__WIN_WRM,CP_WIN_WRM,WIN_WRM,F_WIN_WRM.png (swatch only),"Material=Neon, Color=255,190,125 (CyberpunkConfig.NeonColors)",464,
B,B_Sky_E0_N3_far__MEC,CP_Mechanical,MEC,T_Mechanical_Color.png;T_Mechanical_Normal.png;T_Mechanical_Roughness.png;T_Mechanical_Metalness.png,SurfaceAppearance,120,
B,B_Sky_E0_N3_far__NEON_BLU,CP_NEON_BLU,NEON_BLU,F_NEON_BLU.png (swatch only),"Material=Neon, Color=30,95,255 (CyberpunkConfig.NeonColors)",40,
B,B_Sky_E0_N3_far__NEON_MAG,CP_NEON_MAG,NEON_MAG,F_NEON_MAG.png (swatch only),"Material=Neon, Color=255,25,175 (CyberpunkConfig.NeonColors)",260,
B,B_Sky_E0_N3_far__NEON_RED,CP_NEON_RED,NEON_RED,F_NEON_RED.png (swatch only),"Material=Neon, Color=255,32,45 (CyberpunkConfig.NeonColors)",48,
B,B_Sky_E0_N3_far__NEON_VIO,CP_NEON_VIO,NEON_VIO,F_NEON_VIO.png (swatch only),"Material=Neon, Color=150,45,255 (CyberpunkConfig.NeonColors)",80,
B,B_Sky_E0_N3_far__PNL,CP_PanelMetal,PNL,T_PanelMetal_Color.png;T_PanelMetal_Normal.png;T_PanelMetal_Roughness.png;T_PanelMetal_Metalness.png,SurfaceAppearance,228,
B,B_Sky_E0_N3_far__ROF,CP_RoofDeck,ROF,T_RoofDeck_Color.png;T_RoofDeck_Normal.png;T_RoofDeck_Roughness.png;T_RoofDeck_Metalness.png,SurfaceAppearance,136,
B,B_Sky_E0_N3_far__STL,CP_Steel,STL,T_Steel_Color.png;T_Steel_Normal.png;T_Steel_Roughness.png;T_Steel_Metalness.png,SurfaceAppearance,72,
B,B_Sky_E0_N3_far__TWN,CP_TowerNight,TWN,T_TowerNight_Color.png;T_TowerNight_Normal.png;T_TowerNight_Roughness.png;T_TowerNight_Metalness.png,SurfaceAppearance,364,
B,B_Sky_E0_N3_far__WIN_COL,CP_WIN_COL,WIN_COL,F_WIN_COL.png (swatch only),"Material=Neon, Color=140,195,255 (CyberpunkConfig.NeonColors)",374,
B,B_Sky_E0_N3_far__WIN_VIO,CP_WIN_VIO,WIN_VIO,F_WIN_VIO.png (swatch only),"Material=Neon, Color=170,130,255 (CyberpunkConfig.NeonColors)",250,
B,B_Sky_E0_N3_far__WIN_WRM,CP_WIN_WRM,WIN_WRM,F_WIN_WRM.png (swatch only),"Material=Neon, Color=255,190,125 (CyberpunkConfig.NeonColors)",414,
B,B_Sky_E0_N3_near__MEC,CP_Mechanical,MEC,T_Mechanical_Color.png;T_Mechanical_Normal.png;T_Mechanical_Roughness.png;T_Mechanical_Metalness.png,SurfaceAppearance,50,
B,B_Sky_E0_N3_near__NEON_CYN,CP_NEON_CYN,NEON_CYN,F_NEON_CYN.png (swatch only),"Material=Neon, Color=0,230,255 (CyberpunkConfig.NeonColors)",220,
B,B_Sky_E0_N3_near__NEON_RED,CP_NEON_RED,NEON_RED,F_NEON_RED.png (swatch only),"Material=Neon, Color=255,32,45 (CyberpunkConfig.NeonColors)",24,
B,B_Sky_E0_N3_near__PNL,CP_PanelMetal,PNL,T_PanelMetal_Color.png;T_PanelMetal_Normal.png;T_PanelMetal_Roughness.png;T_PanelMetal_Metalness.png,SurfaceAppearance,80,
B,B_Sky_E0_N3_near__ROF,CP_RoofDeck,ROF,T_RoofDeck_Color.png;T_RoofDeck_Normal.png;T_RoofDeck_Roughness.png;T_RoofDeck_Metalness.png,SurfaceAppearance,36,
B,B_Sky_E0_N3_near__STL,CP_Steel,STL,T_Steel_Color.png;T_Steel_Normal.png;T_Steel_Roughness.png;T_Steel_Metalness.png,SurfaceAppearance,152,
B,B_Sky_E0_N3_near__TWN,CP_TowerNight,TWN,T_TowerNight_Color.png;T_TowerNight_Normal.png;T_TowerNight_Roughness.png;T_TowerNight_Metalness.png,SurfaceAppearance,84,
B,B_Sky_E0_N3_near__WIN_COL,CP_WIN_COL,WIN_COL,F_WIN_COL.png (swatch only),"Material=Neon, Color=140,195,255 (CyberpunkConfig.NeonColors)",160,
B,B_Sky_E0_N3_near__WIN_VIO,CP_WIN_VIO,WIN_VIO,F_WIN_VIO.png (swatch only),"Material=Neon, Color=170,130,255 (CyberpunkConfig.NeonColors)",78,
B,B_Sky_E0_N3_near__WIN_WRM,CP_WIN_WRM,WIN_WRM,F_WIN_WRM.png (swatch only),"Material=Neon, Color=255,190,125 (CyberpunkConfig.NeonColors)",376,
B,B_Sky_E0_S2_near__MEC,CP_Mechanical,MEC,T_Mechanical_Color.png;T_Mechanical_Normal.png;T_Mechanical_Roughness.png;T_Mechanical_Metalness.png,SurfaceAppearance,70,
B,B_Sky_E0_S2_near__NEON_BLU,CP_NEON_BLU,NEON_BLU,F_NEON_BLU.png (swatch only),"Material=Neon, Color=30,95,255 (CyberpunkConfig.NeonColors)",40,
B,B_Sky_E0_S2_near__NEON_CYN,CP_NEON_CYN,NEON_CYN,F_NEON_CYN.png (swatch only),"Material=Neon, Color=0,230,255 (CyberpunkConfig.NeonColors)",160,
B,B_Sky_E0_S2_near__NEON_MAG,CP_NEON_MAG,NEON_MAG,F_NEON_MAG.png (swatch only),"Material=Neon, Color=255,25,175 (CyberpunkConfig.NeonColors)",40,
B,B_Sky_E0_S2_near__NEON_RED,CP_NEON_RED,NEON_RED,F_NEON_RED.png (swatch only),"Material=Neon, Color=255,32,45 (CyberpunkConfig.NeonColors)",48,
B,B_Sky_E0_S2_near__NEON_VIO,CP_NEON_VIO,NEON_VIO,F_NEON_VIO.png (swatch only),"Material=Neon, Color=150,45,255 (CyberpunkConfig.NeonColors)",40,
B,B_Sky_E0_S2_near__PNL,CP_PanelMetal,PNL,T_PanelMetal_Color.png;T_PanelMetal_Normal.png;T_PanelMetal_Roughness.png;T_PanelMetal_Metalness.png,SurfaceAppearance,54,
B,B_Sky_E0_S2_near__ROF,CP_RoofDeck,ROF,T_RoofDeck_Color.png;T_RoofDeck_Normal.png;T_RoofDeck_Roughness.png;T_RoofDeck_Metalness.png,SurfaceAppearance,78,
B,B_Sky_E0_S2_near__STL,CP_Steel,STL,T_Steel_Color.png;T_Steel_Normal.png;T_Steel_Roughness.png;T_Steel_Metalness.png,SurfaceAppearance,236,
B,B_Sky_E0_S2_near__TEC,CP_TechPanel,TEC,T_TechPanel_Color.png;T_TechPanel_Normal.png;T_TechPanel_Roughness.png;T_TechPanel_Metalness.png,SurfaceAppearance,24,
B,B_Sky_E0_S2_near__TWN,CP_TowerNight,TWN,T_TowerNight_Color.png;T_TowerNight_Normal.png;T_TowerNight_Roughness.png;T_TowerNight_Metalness.png,SurfaceAppearance,216,
B,B_Sky_E0_S2_near__WIN_COL,CP_WIN_COL,WIN_COL,F_WIN_COL.png (swatch only),"Material=Neon, Color=140,195,255 (CyberpunkConfig.NeonColors)",430,
B,B_Sky_E0_S2_near__WIN_VIO,CP_WIN_VIO,WIN_VIO,F_WIN_VIO.png (swatch only),"Material=Neon, Color=170,130,255 (CyberpunkConfig.NeonColors)",84,
B,B_Sky_E0_S2_near__WIN_WRM,CP_WIN_WRM,WIN_WRM,F_WIN_WRM.png (swatch only),"Material=Neon, Color=255,190,125 (CyberpunkConfig.NeonColors)",406,
B,B_Sky_E0_S3_far__GLS,CP_GlassCurtain,GLS,T_GlassCurtain_Color.png;T_GlassCurtain_Normal.png;T_GlassCurtain_Roughness.png;T_GlassCurtain_Metalness.png,SurfaceAppearance (Color/Normal/Roughness/Metalness),48,
B,B_Sky_E0_S3_far__MEC,CP_Mechanical,MEC,T_Mechanical_Color.png;T_Mechanical_Normal.png;T_Mechanical_Roughness.png;T_Mechanical_Metalness.png,SurfaceAppearance,90,
B,B_Sky_E0_S3_far__NEON_BLU,CP_NEON_BLU,NEON_BLU,F_NEON_BLU.png (swatch only),"Material=Neon, Color=30,95,255 (CyberpunkConfig.NeonColors)",300,
B,B_Sky_E0_S3_far__NEON_CYN,CP_NEON_CYN,NEON_CYN,F_NEON_CYN.png (swatch only),"Material=Neon, Color=0,230,255 (CyberpunkConfig.NeonColors)",224,
B,B_Sky_E0_S3_far__NEON_RED,CP_NEON_RED,NEON_RED,F_NEON_RED.png (swatch only),"Material=Neon, Color=255,32,45 (CyberpunkConfig.NeonColors)",108,
B,B_Sky_E0_S3_far__PNL,CP_PanelMetal,PNL,T_PanelMetal_Color.png;T_PanelMetal_Normal.png;T_PanelMetal_Roughness.png;T_PanelMetal_Metalness.png,SurfaceAppearance,164,
B,B_Sky_E0_S3_far__ROF,CP_RoofDeck,ROF,T_RoofDeck_Color.png;T_RoofDeck_Normal.png;T_RoofDeck_Roughness.png;T_RoofDeck_Metalness.png,SurfaceAppearance,112,
B,B_Sky_E0_S3_far__STL,CP_Steel,STL,T_Steel_Color.png;T_Steel_Normal.png;T_Steel_Roughness.png;T_Steel_Metalness.png,SurfaceAppearance,124,
B,B_Sky_E0_S3_far__TEC,CP_TechPanel,TEC,T_TechPanel_Color.png;T_TechPanel_Normal.png;T_TechPanel_Roughness.png;T_TechPanel_Metalness.png,SurfaceAppearance,8,
B,B_Sky_E0_S3_far__TWN,CP_TowerNight,TWN,T_TowerNight_Color.png;T_TowerNight_Normal.png;T_TowerNight_Roughness.png;T_TowerNight_Metalness.png,SurfaceAppearance,308,
B,B_Sky_E0_S3_far__WIN_COL,CP_WIN_COL,WIN_COL,F_WIN_COL.png (swatch only),"Material=Neon, Color=140,195,255 (CyberpunkConfig.NeonColors)",320,
B,B_Sky_E0_S3_far__WIN_PNK,CP_WIN_PNK,WIN_PNK,F_WIN_PNK.png (swatch only),"Material=Neon, Color=255,120,200 (CyberpunkConfig.NeonColors)",122,
B,B_Sky_E0_S3_far__WIN_WRM,CP_WIN_WRM,WIN_WRM,F_WIN_WRM.png (swatch only),"Material=Neon, Color=255,190,125 (CyberpunkConfig.NeonColors)",372,
B,B_Sky_E0_S3_near__MEC,CP_Mechanical,MEC,T_Mechanical_Color.png;T_Mechanical_Normal.png;T_Mechanical_Roughness.png;T_Mechanical_Metalness.png,SurfaceAppearance,40,
B,B_Sky_E0_S3_near__NEON_RED,CP_NEON_RED,NEON_RED,F_NEON_RED.png (swatch only),"Material=Neon, Color=255,32,45 (CyberpunkConfig.NeonColors)",48,
B,B_Sky_E0_S3_near__ROF,CP_RoofDeck,ROF,T_RoofDeck_Color.png;T_RoofDeck_Normal.png;T_RoofDeck_Roughness.png;T_RoofDeck_Metalness.png,SurfaceAppearance,46,
B,B_Sky_E0_S3_near__STL,CP_Steel,STL,T_Steel_Color.png;T_Steel_Normal.png;T_Steel_Roughness.png;T_Steel_Metalness.png,SurfaceAppearance,56,
B,B_Sky_E0_S3_near__TEC,CP_TechPanel,TEC,T_TechPanel_Color.png;T_TechPanel_Normal.png;T_TechPanel_Roughness.png;T_TechPanel_Metalness.png,SurfaceAppearance,16,
B,B_Sky_E0_S3_near__TWN,CP_TowerNight,TWN,T_TowerNight_Color.png;T_TowerNight_Normal.png;T_TowerNight_Roughness.png;T_TowerNight_Metalness.png,SurfaceAppearance,144,
B,B_Sky_E0_S3_near__WIN_COL,CP_WIN_COL,WIN_COL,F_WIN_COL.png (swatch only),"Material=Neon, Color=140,195,255 (CyberpunkConfig.NeonColors)",148,
B,B_Sky_E0_S3_near__WIN_VIO,CP_WIN_VIO,WIN_VIO,F_WIN_VIO.png (swatch only),"Material=Neon, Color=170,130,255 (CyberpunkConfig.NeonColors)",80,
B,B_Sky_E0_S3_near__WIN_WRM,CP_WIN_WRM,WIN_WRM,F_WIN_WRM.png (swatch only),"Material=Neon, Color=255,190,125 (CyberpunkConfig.NeonColors)",366,
B,B_Sky_E0_S4_far__MEC,CP_Mechanical,MEC,T_Mechanical_Color.png;T_Mechanical_Normal.png;T_Mechanical_Roughness.png;T_Mechanical_Metalness.png,SurfaceAppearance,50,
B,B_Sky_E0_S4_far__NEON_CYN,CP_NEON_CYN,NEON_CYN,F_NEON_CYN.png (swatch only),"Material=Neon, Color=0,230,255 (CyberpunkConfig.NeonColors)",240,
B,B_Sky_E0_S4_far__NEON_RED,CP_NEON_RED,NEON_RED,F_NEON_RED.png (swatch only),"Material=Neon, Color=255,32,45 (CyberpunkConfig.NeonColors)",12,
B,B_Sky_E0_S4_far__NEON_VIO,CP_NEON_VIO,NEON_VIO,F_NEON_VIO.png (swatch only),"Material=Neon, Color=150,45,255 (CyberpunkConfig.NeonColors)",160,
B,B_Sky_E0_S4_far__PNL,CP_PanelMetal,PNL,T_PanelMetal_Color.png;T_PanelMetal_Normal.png;T_PanelMetal_Roughness.png;T_PanelMetal_Metalness.png,SurfaceAppearance,12,
B,B_Sky_E0_S4_far__ROF,CP_RoofDeck,ROF,T_RoofDeck_Color.png;T_RoofDeck_Normal.png;T_RoofDeck_Roughness.png;T_RoofDeck_Metalness.png,SurfaceAppearance,38,
B,B_Sky_E0_S4_far__STL,CP_Steel,STL,T_Steel_Color.png;T_Steel_Normal.png;T_Steel_Roughness.png;T_Steel_Metalness.png,SurfaceAppearance,40,
B,B_Sky_E0_S4_far__TWN,CP_TowerNight,TWN,T_TowerNight_Color.png;T_TowerNight_Normal.png;T_TowerNight_Roughness.png;T_TowerNight_Metalness.png,SurfaceAppearance,84,
B,B_Sky_E0_S4_far__WIN_PNK,CP_WIN_PNK,WIN_PNK,F_WIN_PNK.png (swatch only),"Material=Neon, Color=255,120,200 (CyberpunkConfig.NeonColors)",66,
B,B_Sky_E0_S4_far__WIN_VIO,CP_WIN_VIO,WIN_VIO,F_WIN_VIO.png (swatch only),"Material=Neon, Color=170,130,255 (CyberpunkConfig.NeonColors)",108,
B,B_Sky_E1_N2_near__GLS,CP_GlassCurtain,GLS,T_GlassCurtain_Color.png;T_GlassCurtain_Normal.png;T_GlassCurtain_Roughness.png;T_GlassCurtain_Metalness.png,SurfaceAppearance (Color/Normal/Roughness/Metalness),24,
B,B_Sky_E1_N2_near__MEC,CP_Mechanical,MEC,T_Mechanical_Color.png;T_Mechanical_Normal.png;T_Mechanical_Roughness.png;T_Mechanical_Metalness.png,SurfaceAppearance,100,
B,B_Sky_E1_N2_near__NEON_CYN,CP_NEON_CYN,NEON_CYN,F_NEON_CYN.png (swatch only),"Material=Neon, Color=0,230,255 (CyberpunkConfig.NeonColors)",40,
B,B_Sky_E1_N2_near__NEON_MAG,CP_NEON_MAG,NEON_MAG,F_NEON_MAG.png (swatch only),"Material=Neon, Color=255,25,175 (CyberpunkConfig.NeonColors)",200,
B,B_Sky_E1_N2_near__NEON_RED,CP_NEON_RED,NEON_RED,F_NEON_RED.png (swatch only),"Material=Neon, Color=255,32,45 (CyberpunkConfig.NeonColors)",172,
B,B_Sky_E1_N2_near__PNL,CP_PanelMetal,PNL,T_PanelMetal_Color.png;T_PanelMetal_Normal.png;T_PanelMetal_Roughness.png;T_PanelMetal_Metalness.png,SurfaceAppearance,16,
B,B_Sky_E1_N2_near__ROF,CP_RoofDeck,ROF,T_RoofDeck_Color.png;T_RoofDeck_Normal.png;T_RoofDeck_Roughness.png;T_RoofDeck_Metalness.png,SurfaceAppearance,104,
B,B_Sky_E1_N2_near__STL,CP_Steel,STL,T_Steel_Color.png;T_Steel_Normal.png;T_Steel_Roughness.png;T_Steel_Metalness.png,SurfaceAppearance,168,
B,B_Sky_E1_N2_near__TWN,CP_TowerNight,TWN,T_TowerNight_Color.png;T_TowerNight_Normal.png;T_TowerNight_Roughness.png;T_TowerNight_Metalness.png,SurfaceAppearance,260,
B,B_Sky_E1_N2_near__WIN_COL,CP_WIN_COL,WIN_COL,F_WIN_COL.png (swatch only),"Material=Neon, Color=140,195,255 (CyberpunkConfig.NeonColors)",54,
B,B_Sky_E1_N2_near__WIN_PNK,CP_WIN_PNK,WIN_PNK,F_WIN_PNK.png (swatch only),"Material=Neon, Color=255,120,200 (CyberpunkConfig.NeonColors)",224,
B,B_Sky_E1_N2_near__WIN_WRM,CP_WIN_WRM,WIN_WRM,F_WIN_WRM.png (swatch only),"Material=Neon, Color=255,190,125 (CyberpunkConfig.NeonColors)",602,
B,B_Sky_E1_N3_far__GLS,CP_GlassCurtain,GLS,T_GlassCurtain_Color.png;T_GlassCurtain_Normal.png;T_GlassCurtain_Roughness.png;T_GlassCurtain_Metalness.png,SurfaceAppearance (Color/Normal/Roughness/Metalness),24,
B,B_Sky_E1_N3_far__MEC,CP_Mechanical,MEC,T_Mechanical_Color.png;T_Mechanical_Normal.png;T_Mechanical_Roughness.png;T_Mechanical_Metalness.png,SurfaceAppearance,120,
B,B_Sky_E1_N3_far__NEON_BLU,CP_NEON_BLU,NEON_BLU,F_NEON_BLU.png (swatch only),"Material=Neon, Color=30,95,255 (CyberpunkConfig.NeonColors)",160,
B,B_Sky_E1_N3_far__NEON_CYN,CP_NEON_CYN,NEON_CYN,F_NEON_CYN.png (swatch only),"Material=Neon, Color=0,230,255 (CyberpunkConfig.NeonColors)",280,
B,B_Sky_E1_N3_far__NEON_MAG,CP_NEON_MAG,NEON_MAG,F_NEON_MAG.png (swatch only),"Material=Neon, Color=255,25,175 (CyberpunkConfig.NeonColors)",80,
B,B_Sky_E1_N3_far__NEON_RED,CP_NEON_RED,NEON_RED,F_NEON_RED.png (swatch only),"Material=Neon, Color=255,32,45 (CyberpunkConfig.NeonColors)",48,
B,B_Sky_E1_N3_far__NEON_VIO,CP_NEON_VIO,NEON_VIO,F_NEON_VIO.png (swatch only),"Material=Neon, Color=150,45,255 (CyberpunkConfig.NeonColors)",160,
B,B_Sky_E1_N3_far__ROF,CP_RoofDeck,ROF,T_RoofDeck_Color.png;T_RoofDeck_Normal.png;T_RoofDeck_Roughness.png;T_RoofDeck_Metalness.png,SurfaceAppearance,84,
B,B_Sky_E1_N3_far__STL,CP_Steel,STL,T_Steel_Color.png;T_Steel_Normal.png;T_Steel_Roughness.png;T_Steel_Metalness.png,SurfaceAppearance,60,
B,B_Sky_E1_N3_far__TEC,CP_TechPanel,TEC,T_TechPanel_Color.png;T_TechPanel_Normal.png;T_TechPanel_Roughness.png;T_TechPanel_Metalness.png,SurfaceAppearance,8,
B,B_Sky_E1_N3_far__TWN,CP_TowerNight,TWN,T_TowerNight_Color.png;T_TowerNight_Normal.png;T_TowerNight_Roughness.png;T_TowerNight_Metalness.png,SurfaceAppearance,248,
B,B_Sky_E1_N3_far__WIN_COL,CP_WIN_COL,WIN_COL,F_WIN_COL.png (swatch only),"Material=Neon, Color=140,195,255 (CyberpunkConfig.NeonColors)",234,
B,B_Sky_E1_N3_far__WIN_PNK,CP_WIN_PNK,WIN_PNK,F_WIN_PNK.png (swatch only),"Material=Neon, Color=255,120,200 (CyberpunkConfig.NeonColors)",134,
B,B_Sky_E1_N3_far__WIN_WRM,CP_WIN_WRM,WIN_WRM,F_WIN_WRM.png (swatch only),"Material=Neon, Color=255,190,125 (CyberpunkConfig.NeonColors)",236,
B,B_Sky_E1_N3_near__MEC,CP_Mechanical,MEC,T_Mechanical_Color.png;T_Mechanical_Normal.png;T_Mechanical_Roughness.png;T_Mechanical_Metalness.png,SurfaceAppearance,60,
B,B_Sky_E1_N3_near__NEON_CYN,CP_NEON_CYN,NEON_CYN,F_NEON_CYN.png (swatch only),"Material=Neon, Color=0,230,255 (CyberpunkConfig.NeonColors)",180,
B,B_Sky_E1_N3_near__NEON_RED,CP_NEON_RED,NEON_RED,F_NEON_RED.png (swatch only),"Material=Neon, Color=255,32,45 (CyberpunkConfig.NeonColors)",12,
B,B_Sky_E1_N3_near__PNL,CP_PanelMetal,PNL,T_PanelMetal_Color.png;T_PanelMetal_Normal.png;T_PanelMetal_Roughness.png;T_PanelMetal_Metalness.png,SurfaceAppearance,72,
B,B_Sky_E1_N3_near__ROF,CP_RoofDeck,ROF,T_RoofDeck_Color.png;T_RoofDeck_Normal.png;T_RoofDeck_Roughness.png;T_RoofDeck_Metalness.png,SurfaceAppearance,40,
B,B_Sky_E1_N3_near__STL,CP_Steel,STL,T_Steel_Color.png;T_Steel_Normal.png;T_Steel_Roughness.png;T_Steel_Metalness.png,SurfaceAppearance,56,
B,B_Sky_E1_N3_near__TWN,CP_TowerNight,TWN,T_TowerNight_Color.png;T_TowerNight_Normal.png;T_TowerNight_Roughness.png;T_TowerNight_Metalness.png,SurfaceAppearance,104,
B,B_Sky_E1_N3_near__WIN_COL,CP_WIN_COL,WIN_COL,F_WIN_COL.png (swatch only),"Material=Neon, Color=140,195,255 (CyberpunkConfig.NeonColors)",106,
B,B_Sky_E1_N3_near__WIN_PNK,CP_WIN_PNK,WIN_PNK,F_WIN_PNK.png (swatch only),"Material=Neon, Color=255,120,200 (CyberpunkConfig.NeonColors)",142,
B,B_Sky_E1_N3_near__WIN_VIO,CP_WIN_VIO,WIN_VIO,F_WIN_VIO.png (swatch only),"Material=Neon, Color=170,130,255 (CyberpunkConfig.NeonColors)",98,
B,B_Sky_E1_N3_near__WIN_WRM,CP_WIN_WRM,WIN_WRM,F_WIN_WRM.png (swatch only),"Material=Neon, Color=255,190,125 (CyberpunkConfig.NeonColors)",146,
B,B_Sky_E1_S2_near__GLS,CP_GlassCurtain,GLS,T_GlassCurtain_Color.png;T_GlassCurtain_Normal.png;T_GlassCurtain_Roughness.png;T_GlassCurtain_Metalness.png,SurfaceAppearance (Color/Normal/Roughness/Metalness),24,
B,B_Sky_E1_S2_near__MEC,CP_Mechanical,MEC,T_Mechanical_Color.png;T_Mechanical_Normal.png;T_Mechanical_Roughness.png;T_Mechanical_Metalness.png,SurfaceAppearance,30,
B,B_Sky_E1_S2_near__NEON_CYN,CP_NEON_CYN,NEON_CYN,F_NEON_CYN.png (swatch only),"Material=Neon, Color=0,230,255 (CyberpunkConfig.NeonColors)",40,
B,B_Sky_E1_S2_near__NEON_MAG,CP_NEON_MAG,NEON_MAG,F_NEON_MAG.png (swatch only),"Material=Neon, Color=255,25,175 (CyberpunkConfig.NeonColors)",84,
B,B_Sky_E1_S2_near__NEON_RED,CP_NEON_RED,NEON_RED,F_NEON_RED.png (swatch only),"Material=Neon, Color=255,32,45 (CyberpunkConfig.NeonColors)",384,
B,B_Sky_E1_S2_near__PNL,CP_PanelMetal,PNL,T_PanelMetal_Color.png;T_PanelMetal_Normal.png;T_PanelMetal_Roughness.png;T_PanelMetal_Metalness.png,SurfaceAppearance,40,
B,B_Sky_E1_S2_near__ROF,CP_RoofDeck,ROF,T_RoofDeck_Color.png;T_RoofDeck_Normal.png;T_RoofDeck_Roughness.png;T_RoofDeck_Metalness.png,SurfaceAppearance,80,
B,B_Sky_E1_S2_near__STL,CP_Steel,STL,T_Steel_Color.png;T_Steel_Normal.png;T_Steel_Roughness.png;T_Steel_Metalness.png,SurfaceAppearance,168,
B,B_Sky_E1_S2_near__TWN,CP_TowerNight,TWN,T_TowerNight_Color.png;T_TowerNight_Normal.png;T_TowerNight_Roughness.png;T_TowerNight_Metalness.png,SurfaceAppearance,212,
B,B_Sky_E1_S2_near__WIN_COL,CP_WIN_COL,WIN_COL,F_WIN_COL.png (swatch only),"Material=Neon, Color=140,195,255 (CyberpunkConfig.NeonColors)",200,
B,B_Sky_E1_S2_near__WIN_PNK,CP_WIN_PNK,WIN_PNK,F_WIN_PNK.png (swatch only),"Material=Neon, Color=255,120,200 (CyberpunkConfig.NeonColors)",72,
B,B_Sky_E1_S2_near__WIN_VIO,CP_WIN_VIO,WIN_VIO,F_WIN_VIO.png (swatch only),"Material=Neon, Color=170,130,255 (CyberpunkConfig.NeonColors)",162,
B,B_Sky_E1_S2_near__WIN_WRM,CP_WIN_WRM,WIN_WRM,F_WIN_WRM.png (swatch only),"Material=Neon, Color=255,190,125 (CyberpunkConfig.NeonColors)",222,
B,B_Sky_E1_S3_far__GLS,CP_GlassCurtain,GLS,T_GlassCurtain_Color.png;T_GlassCurtain_Normal.png;T_GlassCurtain_Roughness.png;T_GlassCurtain_Metalness.png,SurfaceAppearance (Color/Normal/Roughness/Metalness),48,
B,B_Sky_E1_S3_far__MEC,CP_Mechanical,MEC,T_Mechanical_Color.png;T_Mechanical_Normal.png;T_Mechanical_Roughness.png;T_Mechanical_Metalness.png,SurfaceAppearance,80,
B,B_Sky_E1_S3_far__NEON_BLU,CP_NEON_BLU,NEON_BLU,F_NEON_BLU.png (swatch only),"Material=Neon, Color=30,95,255 (CyberpunkConfig.NeonColors)",20,
B,B_Sky_E1_S3_far__NEON_CYN,CP_NEON_CYN,NEON_CYN,F_NEON_CYN.png (swatch only),"Material=Neon, Color=0,230,255 (CyberpunkConfig.NeonColors)",240,
B,B_Sky_E1_S3_far__NEON_RED,CP_NEON_RED,NEON_RED,F_NEON_RED.png (swatch only),"Material=Neon, Color=255,32,45 (CyberpunkConfig.NeonColors)",72,
B,B_Sky_E1_S3_far__PNL,CP_PanelMetal,PNL,T_PanelMetal_Color.png;T_PanelMetal_Normal.png;T_PanelMetal_Roughness.png;T_PanelMetal_Metalness.png,SurfaceAppearance,56,
B,B_Sky_E1_S3_far__ROF,CP_RoofDeck,ROF,T_RoofDeck_Color.png;T_RoofDeck_Normal.png;T_RoofDeck_Roughness.png;T_RoofDeck_Metalness.png,SurfaceAppearance,52,
B,B_Sky_E1_S3_far__STL,CP_Steel,STL,T_Steel_Color.png;T_Steel_Normal.png;T_Steel_Roughness.png;T_Steel_Metalness.png,SurfaceAppearance,48,
B,B_Sky_E1_S3_far__TWN,CP_TowerNight,TWN,T_TowerNight_Color.png;T_TowerNight_Normal.png;T_TowerNight_Roughness.png;T_TowerNight_Metalness.png,SurfaceAppearance,168,
B,B_Sky_E1_S3_far__WIN_COL,CP_WIN_COL,WIN_COL,F_WIN_COL.png (swatch only),"Material=Neon, Color=140,195,255 (CyberpunkConfig.NeonColors)",84,
B,B_Sky_E1_S3_far__WIN_PNK,CP_WIN_PNK,WIN_PNK,F_WIN_PNK.png (swatch only),"Material=Neon, Color=255,120,200 (CyberpunkConfig.NeonColors)",122,
B,B_Sky_E1_S3_far__WIN_VIO,CP_WIN_VIO,WIN_VIO,F_WIN_VIO.png (swatch only),"Material=Neon, Color=170,130,255 (CyberpunkConfig.NeonColors)",276,
B,B_Sky_E1_S3_far__WIN_WRM,CP_WIN_WRM,WIN_WRM,F_WIN_WRM.png (swatch only),"Material=Neon, Color=255,190,125 (CyberpunkConfig.NeonColors)",92,
B,B_Sky_E1_S3_near__MEC,CP_Mechanical,MEC,T_Mechanical_Color.png;T_Mechanical_Normal.png;T_Mechanical_Roughness.png;T_Mechanical_Metalness.png,SurfaceAppearance,50,
B,B_Sky_E1_S3_near__NEON_MAG,CP_NEON_MAG,NEON_MAG,F_NEON_MAG.png (swatch only),"Material=Neon, Color=255,25,175 (CyberpunkConfig.NeonColors)",120,
B,B_Sky_E1_S3_near__NEON_RED,CP_NEON_RED,NEON_RED,F_NEON_RED.png (swatch only),"Material=Neon, Color=255,32,45 (CyberpunkConfig.NeonColors)",184,
B,B_Sky_E1_S3_near__PNL,CP_PanelMetal,PNL,T_PanelMetal_Color.png;T_PanelMetal_Normal.png;T_PanelMetal_Roughness.png;T_PanelMetal_Metalness.png,SurfaceAppearance,26,
B,B_Sky_E1_S3_near__ROF,CP_RoofDeck,ROF,T_RoofDeck_Color.png;T_RoofDeck_Normal.png;T_RoofDeck_Roughness.png;T_RoofDeck_Metalness.png,SurfaceAppearance,72,
B,B_Sky_E1_S3_near__STL,CP_Steel,STL,T_Steel_Color.png;T_Steel_Normal.png;T_Steel_Roughness.png;T_Steel_Metalness.png,SurfaceAppearance,80,
B,B_Sky_E1_S3_near__TWN,CP_TowerNight,TWN,T_TowerNight_Color.png;T_TowerNight_Normal.png;T_TowerNight_Roughness.png;T_TowerNight_Metalness.png,SurfaceAppearance,184,
B,B_Sky_E1_S3_near__WIN_COL,CP_WIN_COL,WIN_COL,F_WIN_COL.png (swatch only),"Material=Neon, Color=140,195,255 (CyberpunkConfig.NeonColors)",126,
B,B_Sky_E1_S3_near__WIN_VIO,CP_WIN_VIO,WIN_VIO,F_WIN_VIO.png (swatch only),"Material=Neon, Color=170,130,255 (CyberpunkConfig.NeonColors)",418,
B,B_Sky_E1_S3_near__WIN_WRM,CP_WIN_WRM,WIN_WRM,F_WIN_WRM.png (swatch only),"Material=Neon, Color=255,190,125 (CyberpunkConfig.NeonColors)",142,
B,B_Sky_E2_N0_near__GLS,CP_GlassCurtain,GLS,T_GlassCurtain_Color.png;T_GlassCurtain_Normal.png;T_GlassCurtain_Roughness.png;T_GlassCurtain_Metalness.png,SurfaceAppearance (Color/Normal/Roughness/Metalness),48,
B,B_Sky_E2_N0_near__MEC,CP_Mechanical,MEC,T_Mechanical_Color.png;T_Mechanical_Normal.png;T_Mechanical_Roughness.png;T_Mechanical_Metalness.png,SurfaceAppearance,20,
B,B_Sky_E2_N0_near__NEON_BLU,CP_NEON_BLU,NEON_BLU,F_NEON_BLU.png (swatch only),"Material=Neon, Color=30,95,255 (CyberpunkConfig.NeonColors)",64,
B,B_Sky_E2_N0_near__NEON_CYN,CP_NEON_CYN,NEON_CYN,F_NEON_CYN.png (swatch only),"Material=Neon, Color=0,230,255 (CyberpunkConfig.NeonColors)",80,
B,B_Sky_E2_N0_near__NEON_MAG,CP_NEON_MAG,NEON_MAG,F_NEON_MAG.png (swatch only),"Material=Neon, Color=255,25,175 (CyberpunkConfig.NeonColors)",40,
B,B_Sky_E2_N0_near__NEON_RED,CP_NEON_RED,NEON_RED,F_NEON_RED.png (swatch only),"Material=Neon, Color=255,32,45 (CyberpunkConfig.NeonColors)",128,
B,B_Sky_E2_N0_near__NEON_VIO,CP_NEON_VIO,NEON_VIO,F_NEON_VIO.png (swatch only),"Material=Neon, Color=150,45,255 (CyberpunkConfig.NeonColors)",40,
B,B_Sky_E2_N0_near__PNL,CP_PanelMetal,PNL,T_PanelMetal_Color.png;T_PanelMetal_Normal.png;T_PanelMetal_Roughness.png;T_PanelMetal_Metalness.png,SurfaceAppearance,114,
B,B_Sky_E2_N0_near__ROF,CP_RoofDeck,ROF,T_RoofDeck_Color.png;T_RoofDeck_Normal.png;T_RoofDeck_Roughness.png;T_RoofDeck_Metalness.png,SurfaceAppearance,58,
B,B_Sky_E2_N0_near__STL,CP_Steel,STL,T_Steel_Color.png;T_Steel_Normal.png;T_Steel_Roughness.png;T_Steel_Metalness.png,SurfaceAppearance,100,
B,B_Sky_E2_N0_near__TEC,CP_TechPanel,TEC,T_TechPanel_Color.png;T_TechPanel_Normal.png;T_TechPanel_Roughness.png;T_TechPanel_Metalness.png,SurfaceAppearance,8,
B,B_Sky_E2_N0_near__TWN,CP_TowerNight,TWN,T_TowerNight_Color.png;T_TowerNight_Normal.png;T_TowerNight_Roughness.png;T_TowerNight_Metalness.png,SurfaceAppearance,160,
B,B_Sky_E2_N0_near__WIN_COL,CP_WIN_COL,WIN_COL,F_WIN_COL.png (swatch only),"Material=Neon, Color=140,195,255 (CyberpunkConfig.NeonColors)",454,
B,B_Sky_E2_N0_near__WIN_WRM,CP_WIN_WRM,WIN_WRM,F_WIN_WRM.png (swatch only),"Material=Neon, Color=255,190,125 (CyberpunkConfig.NeonColors)",278,
B,B_Sky_E2_N1_near__MEC,CP_Mechanical,MEC,T_Mechanical_Color.png;T_Mechanical_Normal.png;T_Mechanical_Roughness.png;T_Mechanical_Metalness.png,SurfaceAppearance,80,
B,B_Sky_E2_N1_near__NEON_BLU,CP_NEON_BLU,NEON_BLU,F_NEON_BLU.png (swatch only),"Material=Neon, Color=30,95,255 (CyberpunkConfig.NeonColors)",40,
B,B_Sky_E2_N1_near__NEON_CYN,CP_NEON_CYN,NEON_CYN,F_NEON_CYN.png (swatch only),"Material=Neon, Color=0,230,255 (CyberpunkConfig.NeonColors)",240,
B,B_Sky_E2_N1_near__NEON_RED,CP_NEON_RED,NEON_RED,F_NEON_RED.png (swatch only),"Material=Neon, Color=255,32,45 (CyberpunkConfig.NeonColors)",12,
B,B_Sky_E2_N1_near__NEON_VIO,CP_NEON_VIO,NEON_VIO,F_NEON_VIO.png (swatch only),"Material=Neon, Color=150,45,255 (CyberpunkConfig.NeonColors)",120,
B,B_Sky_E2_N1_near__PNL,CP_PanelMetal,PNL,T_PanelMetal_Color.png;T_PanelMetal_Normal.png;T_PanelMetal_Roughness.png;T_PanelMetal_Metalness.png,SurfaceAppearance,104,
B,B_Sky_E2_N1_near__ROF,CP_RoofDeck,ROF,T_RoofDeck_Color.png;T_RoofDeck_Normal.png;T_RoofDeck_Roughness.png;T_RoofDeck_Metalness.png,SurfaceAppearance,56,
B,B_Sky_E2_N1_near__STL,CP_Steel,STL,T_Steel_Color.png;T_Steel_Normal.png;T_Steel_Roughness.png;T_Steel_Metalness.png,SurfaceAppearance,144,
B,B_Sky_E2_N1_near__TWN,CP_TowerNight,TWN,T_TowerNight_Color.png;T_TowerNight_Normal.png;T_TowerNight_Roughness.png;T_TowerNight_Metalness.png,SurfaceAppearance,140,
B,B_Sky_E2_N1_near__WIN_PNK,CP_WIN_PNK,WIN_PNK,F_WIN_PNK.png (swatch only),"Material=Neon, Color=255,120,200 (CyberpunkConfig.NeonColors)",106,
B,B_Sky_E2_N1_near__WIN_VIO,CP_WIN_VIO,WIN_VIO,F_WIN_VIO.png (swatch only),"Material=Neon, Color=170,130,255 (CyberpunkConfig.NeonColors)",82,
B,B_Sky_E2_N1_near__WIN_WRM,CP_WIN_WRM,WIN_WRM,F_WIN_WRM.png (swatch only),"Material=Neon, Color=255,190,125 (CyberpunkConfig.NeonColors)",362,
B,B_Sky_E2_N2_near__GLS,CP_GlassCurtain,GLS,T_GlassCurtain_Color.png;T_GlassCurtain_Normal.png;T_GlassCurtain_Roughness.png;T_GlassCurtain_Metalness.png,SurfaceAppearance (Color/Normal/Roughness/Metalness),24,
B,B_Sky_E2_N2_near__MEC,CP_Mechanical,MEC,T_Mechanical_Color.png;T_Mechanical_Normal.png;T_Mechanical_Roughness.png;T_Mechanical_Metalness.png,SurfaceAppearance,230,
B,B_Sky_E2_N2_near__NEON_BLU,CP_NEON_BLU,NEON_BLU,F_NEON_BLU.png (swatch only),"Material=Neon, Color=30,95,255 (CyberpunkConfig.NeonColors)",100,
B,B_Sky_E2_N2_near__NEON_CYN,CP_NEON_CYN,NEON_CYN,F_NEON_CYN.png (swatch only),"Material=Neon, Color=0,230,255 (CyberpunkConfig.NeonColors)",40,
B,B_Sky_E2_N2_near__NEON_MAG,CP_NEON_MAG,NEON_MAG,F_NEON_MAG.png (swatch only),"Material=Neon, Color=255,25,175 (CyberpunkConfig.NeonColors)",200,
B,B_Sky_E2_N2_near__NEON_RED,CP_NEON_RED,NEON_RED,F_NEON_RED.png (swatch only),"Material=Neon, Color=255,32,45 (CyberpunkConfig.NeonColors)",244,
B,B_Sky_E2_N2_near__PNL,CP_PanelMetal,PNL,T_PanelMetal_Color.png;T_PanelMetal_Normal.png;T_PanelMetal_Roughness.png;T_PanelMetal_Metalness.png,SurfaceAppearance,140,
B,B_Sky_E2_N2_near__ROF,CP_RoofDeck,ROF,T_RoofDeck_Color.png;T_RoofDeck_Normal.png;T_RoofDeck_Roughness.png;T_RoofDeck_Metalness.png,SurfaceAppearance,152,
B,B_Sky_E2_N2_near__STL,CP_Steel,STL,T_Steel_Color.png;T_Steel_Normal.png;T_Steel_Roughness.png;T_Steel_Metalness.png,SurfaceAppearance,244,
B,B_Sky_E2_N2_near__TEC,CP_TechPanel,TEC,T_TechPanel_Color.png;T_TechPanel_Normal.png;T_TechPanel_Roughness.png;T_TechPanel_Metalness.png,SurfaceAppearance,8,
B,B_Sky_E2_N2_near__TWN,CP_TowerNight,TWN,T_TowerNight_Color.png;T_TowerNight_Normal.png;T_TowerNight_Roughness.png;T_TowerNight_Metalness.png,SurfaceAppearance,400,
B,B_Sky_E2_N2_near__WIN_COL,CP_WIN_COL,WIN_COL,F_WIN_COL.png (swatch only),"Material=Neon, Color=140,195,255 (CyberpunkConfig.NeonColors)",554,
B,B_Sky_E2_N2_near__WIN_WRM,CP_WIN_WRM,WIN_WRM,F_WIN_WRM.png (swatch only),"Material=Neon, Color=255,190,125 (CyberpunkConfig.NeonColors)",1018,
B,B_Sky_E2_N3_far__GLS,CP_GlassCurtain,GLS,T_GlassCurtain_Color.png;T_GlassCurtain_Normal.png;T_GlassCurtain_Roughness.png;T_GlassCurtain_Metalness.png,SurfaceAppearance (Color/Normal/Roughness/Metalness),24,
B,B_Sky_E2_N3_far__MEC,CP_Mechanical,MEC,T_Mechanical_Color.png;T_Mechanical_Normal.png;T_Mechanical_Roughness.png;T_Mechanical_Metalness.png,SurfaceAppearance,90,
B,B_Sky_E2_N3_far__NEON_MAG,CP_NEON_MAG,NEON_MAG,F_NEON_MAG.png (swatch only),"Material=Neon, Color=255,25,175 (CyberpunkConfig.NeonColors)",360,
B,B_Sky_E2_N3_far__NEON_RED,CP_NEON_RED,NEON_RED,F_NEON_RED.png (swatch only),"Material=Neon, Color=255,32,45 (CyberpunkConfig.NeonColors)",60,
B,B_Sky_E2_N3_far__NEON_VIO,CP_NEON_VIO,NEON_VIO,F_NEON_VIO.png (swatch only),"Material=Neon, Color=150,45,255 (CyberpunkConfig.NeonColors)",80,
B,B_Sky_E2_N3_far__PNL,CP_PanelMetal,PNL,T_PanelMetal_Color.png;T_PanelMetal_Normal.png;T_PanelMetal_Roughness.png;T_PanelMetal_Metalness.png,SurfaceAppearance,64,
B,B_Sky_E2_N3_far__ROF,CP_RoofDeck,ROF,T_RoofDeck_Color.png;T_RoofDeck_Normal.png;T_RoofDeck_Roughness.png;T_RoofDeck_Metalness.png,SurfaceAppearance,118,
B,B_Sky_E2_N3_far__STL,CP_Steel,STL,T_Steel_Color.png;T_Steel_Normal.png;T_Steel_Roughness.png;T_Steel_Metalness.png,SurfaceAppearance,72,
B,B_Sky_E2_N3_far__TWN,CP_TowerNight,TWN,T_TowerNight_Color.png;T_TowerNight_Normal.png;T_TowerNight_Roughness.png;T_TowerNight_Metalness.png,SurfaceAppearance,344,
B,B_Sky_E2_N3_far__WIN_COL,CP_WIN_COL,WIN_COL,F_WIN_COL.png (swatch only),"Material=Neon, Color=140,195,255 (CyberpunkConfig.NeonColors)",108,
B,B_Sky_E2_N3_far__WIN_PNK,CP_WIN_PNK,WIN_PNK,F_WIN_PNK.png (swatch only),"Material=Neon, Color=255,120,200 (CyberpunkConfig.NeonColors)",248,
B,B_Sky_E2_N3_far__WIN_VIO,CP_WIN_VIO,WIN_VIO,F_WIN_VIO.png (swatch only),"Material=Neon, Color=170,130,255 (CyberpunkConfig.NeonColors)",64,
B,B_Sky_E2_N3_far__WIN_WRM,CP_WIN_WRM,WIN_WRM,F_WIN_WRM.png (swatch only),"Material=Neon, Color=255,190,125 (CyberpunkConfig.NeonColors)",296,
B,B_Sky_E2_N3_near__GLS,CP_GlassCurtain,GLS,T_GlassCurtain_Color.png;T_GlassCurtain_Normal.png;T_GlassCurtain_Roughness.png;T_GlassCurtain_Metalness.png,SurfaceAppearance (Color/Normal/Roughness/Metalness),24,
B,B_Sky_E2_N3_near__MEC,CP_Mechanical,MEC,T_Mechanical_Color.png;T_Mechanical_Normal.png;T_Mechanical_Roughness.png;T_Mechanical_Metalness.png,SurfaceAppearance,100,
B,B_Sky_E2_N3_near__NEON_BLU,CP_NEON_BLU,NEON_BLU,F_NEON_BLU.png (swatch only),"Material=Neon, Color=30,95,255 (CyberpunkConfig.NeonColors)",200,
B,B_Sky_E2_N3_near__NEON_MAG,CP_NEON_MAG,NEON_MAG,F_NEON_MAG.png (swatch only),"Material=Neon, Color=255,25,175 (CyberpunkConfig.NeonColors)",80,
B,B_Sky_E2_N3_near__NEON_RED,CP_NEON_RED,NEON_RED,F_NEON_RED.png (swatch only),"Material=Neon, Color=255,32,45 (CyberpunkConfig.NeonColors)",12,
B,B_Sky_E2_N3_near__NEON_VIO,CP_NEON_VIO,NEON_VIO,F_NEON_VIO.png (swatch only),"Material=Neon, Color=150,45,255 (CyberpunkConfig.NeonColors)",40,
B,B_Sky_E2_N3_near__PNL,CP_PanelMetal,PNL,T_PanelMetal_Color.png;T_PanelMetal_Normal.png;T_PanelMetal_Roughness.png;T_PanelMetal_Metalness.png,SurfaceAppearance,2,
B,B_Sky_E2_N3_near__ROF,CP_RoofDeck,ROF,T_RoofDeck_Color.png;T_RoofDeck_Normal.png;T_RoofDeck_Roughness.png;T_RoofDeck_Metalness.png,SurfaceAppearance,52,
B,B_Sky_E2_N3_near__STL,CP_Steel,STL,T_Steel_Color.png;T_Steel_Normal.png;T_Steel_Roughness.png;T_Steel_Metalness.png,SurfaceAppearance,84,
B,B_Sky_E2_N3_near__TEC,CP_TechPanel,TEC,T_TechPanel_Color.png;T_TechPanel_Normal.png;T_TechPanel_Roughness.png;T_TechPanel_Metalness.png,SurfaceAppearance,8,
B,B_Sky_E2_N3_near__TWN,CP_TowerNight,TWN,T_TowerNight_Color.png;T_TowerNight_Normal.png;T_TowerNight_Roughness.png;T_TowerNight_Metalness.png,SurfaceAppearance,160,
B,B_Sky_E2_N3_near__WIN_COL,CP_WIN_COL,WIN_COL,F_WIN_COL.png (swatch only),"Material=Neon, Color=140,195,255 (CyberpunkConfig.NeonColors)",266,
B,B_Sky_E2_N3_near__WIN_PNK,CP_WIN_PNK,WIN_PNK,F_WIN_PNK.png (swatch only),"Material=Neon, Color=255,120,200 (CyberpunkConfig.NeonColors)",32,
B,B_Sky_E2_N3_near__WIN_VIO,CP_WIN_VIO,WIN_VIO,F_WIN_VIO.png (swatch only),"Material=Neon, Color=170,130,255 (CyberpunkConfig.NeonColors)",46,
B,B_Sky_E2_S1_near__MEC,CP_Mechanical,MEC,T_Mechanical_Color.png;T_Mechanical_Normal.png;T_Mechanical_Roughness.png;T_Mechanical_Metalness.png,SurfaceAppearance,120,
B,B_Sky_E2_S1_near__NEON_BLU,CP_NEON_BLU,NEON_BLU,F_NEON_BLU.png (swatch only),"Material=Neon, Color=30,95,255 (CyberpunkConfig.NeonColors)",40,
B,B_Sky_E2_S1_near__NEON_CYN,CP_NEON_CYN,NEON_CYN,F_NEON_CYN.png (swatch only),"Material=Neon, Color=0,230,255 (CyberpunkConfig.NeonColors)",120,
B,B_Sky_E2_S1_near__NEON_RED,CP_NEON_RED,NEON_RED,F_NEON_RED.png (swatch only),"Material=Neon, Color=255,32,45 (CyberpunkConfig.NeonColors)",36,
B,B_Sky_E2_S1_near__NEON_VIO,CP_NEON_VIO,NEON_VIO,F_NEON_VIO.png (swatch only),"Material=Neon, Color=150,45,255 (CyberpunkConfig.NeonColors)",140,
B,B_Sky_E2_S1_near__PNL,CP_PanelMetal,PNL,T_PanelMetal_Color.png;T_PanelMetal_Normal.png;T_PanelMetal_Roughness.png;T_PanelMetal_Metalness.png,SurfaceAppearance,40,
B,B_Sky_E2_S1_near__ROF,CP_RoofDeck,ROF,T_RoofDeck_Color.png;T_RoofDeck_Normal.png;T_RoofDeck_Roughness.png;T_RoofDeck_Metalness.png,SurfaceAppearance,70,
B,B_Sky_E2_S1_near__STL,CP_Steel,STL,T_Steel_Color.png;T_Steel_Normal.png;T_Steel_Roughness.png;T_Steel_Metalness.png,SurfaceAppearance,184,
B,B_Sky_E2_S1_near__TEC,CP_TechPanel,TEC,T_TechPanel_Color.png;T_TechPanel_Normal.png;T_TechPanel_Roughness.png;T_TechPanel_Metalness.png,SurfaceAppearance,16,
B,B_Sky_E2_S1_near__TWN,CP_TowerNight,TWN,T_TowerNight_Color.png;T_TowerNight_Normal.png;T_TowerNight_Roughness.png;T_TowerNight_Metalness.png,SurfaceAppearance,196,
B,B_Sky_E2_S1_near__WIN_COL,CP_WIN_COL,WIN_COL,F_WIN_COL.png (swatch only),"Material=Neon, Color=140,195,255 (CyberpunkConfig.NeonColors)",250,
B,B_Sky_E2_S1_near__WIN_PNK,CP_WIN_PNK,WIN_PNK,F_WIN_PNK.png (swatch only),"Material=Neon, Color=255,120,200 (CyberpunkConfig.NeonColors)",84,
B,B_Sky_E2_S1_near__WIN_VIO,CP_WIN_VIO,WIN_VIO,F_WIN_VIO.png (swatch only),"Material=Neon, Color=170,130,255 (CyberpunkConfig.NeonColors)",146,
B,B_Sky_E2_S1_near__WIN_WRM,CP_WIN_WRM,WIN_WRM,F_WIN_WRM.png (swatch only),"Material=Neon, Color=255,190,125 (CyberpunkConfig.NeonColors)",260,
B,B_Sky_E2_S2_near__GLS,CP_GlassCurtain,GLS,T_GlassCurtain_Color.png;T_GlassCurtain_Normal.png;T_GlassCurtain_Roughness.png;T_GlassCurtain_Metalness.png,SurfaceAppearance (Color/Normal/Roughness/Metalness),24,
B,B_Sky_E2_S2_near__MEC,CP_Mechanical,MEC,T_Mechanical_Color.png;T_Mechanical_Normal.png;T_Mechanical_Roughness.png;T_Mechanical_Metalness.png,SurfaceAppearance,120,
B,B_Sky_E2_S2_near__NEON_CYN,CP_NEON_CYN,NEON_CYN,F_NEON_CYN.png (swatch only),"Material=Neon, Color=0,230,255 (CyberpunkConfig.NeonColors)",260,
B,B_Sky_E2_S2_near__NEON_MAG,CP_NEON_MAG,NEON_MAG,F_NEON_MAG.png (swatch only),"Material=Neon, Color=255,25,175 (CyberpunkConfig.NeonColors)",180,
B,B_Sky_E2_S2_near__NEON_RED,CP_NEON_RED,NEON_RED,F_NEON_RED.png (swatch only),"Material=Neon, Color=255,32,45 (CyberpunkConfig.NeonColors)",48,
B,B_Sky_E2_S2_near__PNL,CP_PanelMetal,PNL,T_PanelMetal_Color.png;T_PanelMetal_Normal.png;T_PanelMetal_Roughness.png;T_PanelMetal_Metalness.png,SurfaceAppearance,46,
B,B_Sky_E2_S2_near__ROF,CP_RoofDeck,ROF,T_RoofDeck_Color.png;T_RoofDeck_Normal.png;T_RoofDeck_Roughness.png;T_RoofDeck_Metalness.png,SurfaceAppearance,120,
B,B_Sky_E2_S2_near__STL,CP_Steel,STL,T_Steel_Color.png;T_Steel_Normal.png;T_Steel_Roughness.png;T_Steel_Metalness.png,SurfaceAppearance,148,
B,B_Sky_E2_S2_near__TEC,CP_TechPanel,TEC,T_TechPanel_Color.png;T_TechPanel_Normal.png;T_TechPanel_Roughness.png;T_TechPanel_Metalness.png,SurfaceAppearance,8,
B,B_Sky_E2_S2_near__TWN,CP_TowerNight,TWN,T_TowerNight_Color.png;T_TowerNight_Normal.png;T_TowerNight_Roughness.png;T_TowerNight_Metalness.png,SurfaceAppearance,332,
B,B_Sky_E2_S2_near__WIN_COL,CP_WIN_COL,WIN_COL,F_WIN_COL.png (swatch only),"Material=Neon, Color=140,195,255 (CyberpunkConfig.NeonColors)",346,
B,B_Sky_E2_S2_near__WIN_PNK,CP_WIN_PNK,WIN_PNK,F_WIN_PNK.png (swatch only),"Material=Neon, Color=255,120,200 (CyberpunkConfig.NeonColors)",252,
B,B_Sky_E2_S2_near__WIN_VIO,CP_WIN_VIO,WIN_VIO,F_WIN_VIO.png (swatch only),"Material=Neon, Color=170,130,255 (CyberpunkConfig.NeonColors)",48,
B,B_Sky_E2_S2_near__WIN_WRM,CP_WIN_WRM,WIN_WRM,F_WIN_WRM.png (swatch only),"Material=Neon, Color=255,190,125 (CyberpunkConfig.NeonColors)",504,
B,B_Sky_E2_S3_far__GLS,CP_GlassCurtain,GLS,T_GlassCurtain_Color.png;T_GlassCurtain_Normal.png;T_GlassCurtain_Roughness.png;T_GlassCurtain_Metalness.png,SurfaceAppearance (Color/Normal/Roughness/Metalness),48,
B,B_Sky_E2_S3_far__MEC,CP_Mechanical,MEC,T_Mechanical_Color.png;T_Mechanical_Normal.png;T_Mechanical_Roughness.png;T_Mechanical_Metalness.png,SurfaceAppearance,150,
B,B_Sky_E2_S3_far__NEON_BLU,CP_NEON_BLU,NEON_BLU,F_NEON_BLU.png (swatch only),"Material=Neon, Color=30,95,255 (CyberpunkConfig.NeonColors)",160,
B,B_Sky_E2_S3_far__NEON_MAG,CP_NEON_MAG,NEON_MAG,F_NEON_MAG.png (swatch only),"Material=Neon, Color=255,25,175 (CyberpunkConfig.NeonColors)",240,
B,B_Sky_E2_S3_far__NEON_RED,CP_NEON_RED,NEON_RED,F_NEON_RED.png (swatch only),"Material=Neon, Color=255,32,45 (CyberpunkConfig.NeonColors)",132,
B,B_Sky_E2_S3_far__NEON_VIO,CP_NEON_VIO,NEON_VIO,F_NEON_VIO.png (swatch only),"Material=Neon, Color=150,45,255 (CyberpunkConfig.NeonColors)",120,
B,B_Sky_E2_S3_far__PNL,CP_PanelMetal,PNL,T_PanelMetal_Color.png;T_PanelMetal_Normal.png;T_PanelMetal_Roughness.png;T_PanelMetal_Metalness.png,SurfaceAppearance,44,
B,B_Sky_E2_S3_far__ROF,CP_RoofDeck,ROF,T_RoofDeck_Color.png;T_RoofDeck_Normal.png;T_RoofDeck_Roughness.png;T_RoofDeck_Metalness.png,SurfaceAppearance,96,
B,B_Sky_E2_S3_far__STL,CP_Steel,STL,T_Steel_Color.png;T_Steel_Normal.png;T_Steel_Roughness.png;T_Steel_Metalness.png,SurfaceAppearance,80,
B,B_Sky_E2_S3_far__TWN,CP_TowerNight,TWN,T_TowerNight_Color.png;T_TowerNight_Normal.png;T_TowerNight_Roughness.png;T_TowerNight_Metalness.png,SurfaceAppearance,300,
B,B_Sky_E2_S3_far__WIN_COL,CP_WIN_COL,WIN_COL,F_WIN_COL.png (swatch only),"Material=Neon, Color=140,195,255 (CyberpunkConfig.NeonColors)",270,
B,B_Sky_E2_S3_far__WIN_PNK,CP_WIN_PNK,WIN_PNK,F_WIN_PNK.png (swatch only),"Material=Neon, Color=255,120,200 (CyberpunkConfig.NeonColors)",124,
B,B_Sky_E2_S3_far__WIN_WRM,CP_WIN_WRM,WIN_WRM,F_WIN_WRM.png (swatch only),"Material=Neon, Color=255,190,125 (CyberpunkConfig.NeonColors)",572,
B,B_Sky_E2_S3_near__GLS,CP_GlassCurtain,GLS,T_GlassCurtain_Color.png;T_GlassCurtain_Normal.png;T_GlassCurtain_Roughness.png;T_GlassCurtain_Metalness.png,SurfaceAppearance (Color/Normal/Roughness/Metalness),24,
B,B_Sky_E2_S3_near__MEC,CP_Mechanical,MEC,T_Mechanical_Color.png;T_Mechanical_Normal.png;T_Mechanical_Roughness.png;T_Mechanical_Metalness.png,SurfaceAppearance,40,
B,B_Sky_E2_S3_near__NEON_CYN,CP_NEON_CYN,NEON_CYN,F_NEON_CYN.png (swatch only),"Material=Neon, Color=0,230,255 (CyberpunkConfig.NeonColors)",80,
B,B_Sky_E2_S3_near__NEON_MAG,CP_NEON_MAG,NEON_MAG,F_NEON_MAG.png (swatch only),"Material=Neon, Color=255,25,175 (CyberpunkConfig.NeonColors)",184,
B,B_Sky_E2_S3_near__NEON_RED,CP_NEON_RED,NEON_RED,F_NEON_RED.png (swatch only),"Material=Neon, Color=255,32,45 (CyberpunkConfig.NeonColors)",24,
B,B_Sky_E2_S3_near__NEON_VIO,CP_NEON_VIO,NEON_VIO,F_NEON_VIO.png (swatch only),"Material=Neon, Color=150,45,255 (CyberpunkConfig.NeonColors)",320,
B,B_Sky_E2_S3_near__PNL,CP_PanelMetal,PNL,T_PanelMetal_Color.png;T_PanelMetal_Normal.png;T_PanelMetal_Roughness.png;T_PanelMetal_Metalness.png,SurfaceAppearance,12,
B,B_Sky_E2_S3_near__ROF,CP_RoofDeck,ROF,T_RoofDeck_Color.png;T_RoofDeck_Normal.png;T_RoofDeck_Roughness.png;T_RoofDeck_Metalness.png,SurfaceAppearance,60,
B,B_Sky_E2_S3_near__STL,CP_Steel,STL,T_Steel_Color.png;T_Steel_Normal.png;T_Steel_Roughness.png;T_Steel_Metalness.png,SurfaceAppearance,48,
B,B_Sky_E2_S3_near__TWN,CP_TowerNight,TWN,T_TowerNight_Color.png;T_TowerNight_Normal.png;T_TowerNight_Roughness.png;T_TowerNight_Metalness.png,SurfaceAppearance,156,
B,B_Sky_E2_S3_near__WIN_PNK,CP_WIN_PNK,WIN_PNK,F_WIN_PNK.png (swatch only),"Material=Neon, Color=255,120,200 (CyberpunkConfig.NeonColors)",84,
B,B_Sky_E2_S3_near__WIN_VIO,CP_WIN_VIO,WIN_VIO,F_WIN_VIO.png (swatch only),"Material=Neon, Color=170,130,255 (CyberpunkConfig.NeonColors)",52,
B,B_Sky_E2_S3_near__WIN_WRM,CP_WIN_WRM,WIN_WRM,F_WIN_WRM.png (swatch only),"Material=Neon, Color=255,190,125 (CyberpunkConfig.NeonColors)",256,
B,B_Sky_E2_S4_far__ROF,CP_RoofDeck,ROF,T_RoofDeck_Color.png;T_RoofDeck_Normal.png;T_RoofDeck_Roughness.png;T_RoofDeck_Metalness.png,SurfaceAppearance,30,
B,B_Sky_E2_S4_far__STL,CP_Steel,STL,T_Steel_Color.png;T_Steel_Normal.png;T_Steel_Roughness.png;T_Steel_Metalness.png,SurfaceAppearance,8,
B,B_Sky_E2_S4_far__TWN,CP_TowerNight,TWN,T_TowerNight_Color.png;T_TowerNight_Normal.png;T_TowerNight_Roughness.png;T_TowerNight_Metalness.png,SurfaceAppearance,80,
B,B_Sky_E2_S4_far__WIN_VIO,CP_WIN_VIO,WIN_VIO,F_WIN_VIO.png (swatch only),"Material=Neon, Color=170,130,255 (CyberpunkConfig.NeonColors)",16,
B,B_Sky_E2_S4_far__WIN_WRM,CP_WIN_WRM,WIN_WRM,F_WIN_WRM.png (swatch only),"Material=Neon, Color=255,190,125 (CyberpunkConfig.NeonColors)",68,
B,B_Sky_E3_N0_far__GLS,CP_GlassCurtain,GLS,T_GlassCurtain_Color.png;T_GlassCurtain_Normal.png;T_GlassCurtain_Roughness.png;T_GlassCurtain_Metalness.png,SurfaceAppearance (Color/Normal/Roughness/Metalness),24,
B,B_Sky_E3_N0_far__MEC,CP_Mechanical,MEC,T_Mechanical_Color.png;T_Mechanical_Normal.png;T_Mechanical_Roughness.png;T_Mechanical_Metalness.png,SurfaceAppearance,130,
B,B_Sky_E3_N0_far__NEON_CYN,CP_NEON_CYN,NEON_CYN,F_NEON_CYN.png (swatch only),"Material=Neon, Color=0,230,255 (CyberpunkConfig.NeonColors)",140,
B,B_Sky_E3_N0_far__NEON_MAG,CP_NEON_MAG,NEON_MAG,F_NEON_MAG.png (swatch only),"Material=Neon, Color=255,25,175 (CyberpunkConfig.NeonColors)",24,
B,B_Sky_E3_N0_far__NEON_RED,CP_NEON_RED,NEON_RED,F_NEON_RED.png (swatch only),"Material=Neon, Color=255,32,45 (CyberpunkConfig.NeonColors)",96,
B,B_Sky_E3_N0_far__PNL,CP_PanelMetal,PNL,T_PanelMetal_Color.png;T_PanelMetal_Normal.png;T_PanelMetal_Roughness.png;T_PanelMetal_Metalness.png,SurfaceAppearance,48,
B,B_Sky_E3_N0_far__ROF,CP_RoofDeck,ROF,T_RoofDeck_Color.png;T_RoofDeck_Normal.png;T_RoofDeck_Roughness.png;T_RoofDeck_Metalness.png,SurfaceAppearance,128,
B,B_Sky_E3_N0_far__STL,CP_Steel,STL,T_Steel_Color.png;T_Steel_Normal.png;T_Steel_Roughness.png;T_Steel_Metalness.png,SurfaceAppearance,140,
B,B_Sky_E3_N0_far__TEC,CP_TechPanel,TEC,T_TechPanel_Color.png;T_TechPanel_Normal.png;T_TechPanel_Roughness.png;T_TechPanel_Metalness.png,SurfaceAppearance,8,
B,B_Sky_E3_N0_far__TWN,CP_TowerNight,TWN,T_TowerNight_Color.png;T_TowerNight_Normal.png;T_TowerNight_Roughness.png;T_TowerNight_Metalness.png,SurfaceAppearance,376,
B,B_Sky_E3_N0_far__WIN_COL,CP_WIN_COL,WIN_COL,F_WIN_COL.png (swatch only),"Material=Neon, Color=140,195,255 (CyberpunkConfig.NeonColors)",56,
B,B_Sky_E3_N0_far__WIN_PNK,CP_WIN_PNK,WIN_PNK,F_WIN_PNK.png (swatch only),"Material=Neon, Color=255,120,200 (CyberpunkConfig.NeonColors)",56,
B,B_Sky_E3_N0_far__WIN_VIO,CP_WIN_VIO,WIN_VIO,F_WIN_VIO.png (swatch only),"Material=Neon, Color=170,130,255 (CyberpunkConfig.NeonColors)",132,
B,B_Sky_E3_N0_far__WIN_WRM,CP_WIN_WRM,WIN_WRM,F_WIN_WRM.png (swatch only),"Material=Neon, Color=255,190,125 (CyberpunkConfig.NeonColors)",478,
B,B_Sky_E3_N0_near__MEC,CP_Mechanical,MEC,T_Mechanical_Color.png;T_Mechanical_Normal.png;T_Mechanical_Roughness.png;T_Mechanical_Metalness.png,SurfaceAppearance,30,
B,B_Sky_E3_N0_near__NEON_CYN,CP_NEON_CYN,NEON_CYN,F_NEON_CYN.png (swatch only),"Material=Neon, Color=0,230,255 (CyberpunkConfig.NeonColors)",280,
B,B_Sky_E3_N0_near__NEON_RED,CP_NEON_RED,NEON_RED,F_NEON_RED.png (swatch only),"Material=Neon, Color=255,32,45 (CyberpunkConfig.NeonColors)",24,
B,B_Sky_E3_N0_near__PNL,CP_PanelMetal,PNL,T_PanelMetal_Color.png;T_PanelMetal_Normal.png;T_PanelMetal_Roughness.png;T_PanelMetal_Metalness.png,SurfaceAppearance,74,
B,B_Sky_E3_N0_near__ROF,CP_RoofDeck,ROF,T_RoofDeck_Color.png;T_RoofDeck_Normal.png;T_RoofDeck_Roughness.png;T_RoofDeck_Metalness.png,SurfaceAppearance,44,
B,B_Sky_E3_N0_near__STL,CP_Steel,STL,T_Steel_Color.png;T_Steel_Normal.png;T_Steel_Roughness.png;T_Steel_Metalness.png,SurfaceAppearance,72,
B,B_Sky_E3_N0_near__TWN,CP_TowerNight,TWN,T_TowerNight_Color.png;T_TowerNight_Normal.png;T_TowerNight_Roughness.png;T_TowerNight_Metalness.png,SurfaceAppearance,136,
B,B_Sky_E3_N0_near__WIN_PNK,CP_WIN_PNK,WIN_PNK,F_WIN_PNK.png (swatch only),"Material=Neon, Color=255,120,200 (CyberpunkConfig.NeonColors)",134,
B,B_Sky_E3_N0_near__WIN_VIO,CP_WIN_VIO,WIN_VIO,F_WIN_VIO.png (swatch only),"Material=Neon, Color=170,130,255 (CyberpunkConfig.NeonColors)",304,
B,B_Sky_E3_N1_far__MEC,CP_Mechanical,MEC,T_Mechanical_Color.png;T_Mechanical_Normal.png;T_Mechanical_Roughness.png;T_Mechanical_Metalness.png,SurfaceAppearance,50,
B,B_Sky_E3_N1_far__NEON_RED,CP_NEON_RED,NEON_RED,F_NEON_RED.png (swatch only),"Material=Neon, Color=255,32,45 (CyberpunkConfig.NeonColors)",36,
B,B_Sky_E3_N1_far__NEON_VIO,CP_NEON_VIO,NEON_VIO,F_NEON_VIO.png (swatch only),"Material=Neon, Color=150,45,255 (CyberpunkConfig.NeonColors)",160,
B,B_Sky_E3_N1_far__PNL,CP_PanelMetal,PNL,T_PanelMetal_Color.png;T_PanelMetal_Normal.png;T_PanelMetal_Roughness.png;T_PanelMetal_Metalness.png,SurfaceAppearance,48,
B,B_Sky_E3_N1_far__ROF,CP_RoofDeck,ROF,T_RoofDeck_Color.png;T_RoofDeck_Normal.png;T_RoofDeck_Roughness.png;T_RoofDeck_Metalness.png,SurfaceAppearance,118,
B,B_Sky_E3_N1_far__STL,CP_Steel,STL,T_Steel_Color.png;T_Steel_Normal.png;T_Steel_Roughness.png;T_Steel_Metalness.png,SurfaceAppearance,32,
B,B_Sky_E3_N1_far__TWN,CP_TowerNight,TWN,T_TowerNight_Color.png;T_TowerNight_Normal.png;T_TowerNight_Roughness.png;T_TowerNight_Metalness.png,SurfaceAppearance,328,
B,B_Sky_E3_N1_far__WIN_PNK,CP_WIN_PNK,WIN_PNK,F_WIN_PNK.png (swatch only),"Material=Neon, Color=255,120,200 (CyberpunkConfig.NeonColors)",190,
B,B_Sky_E3_N1_far__WIN_VIO,CP_WIN_VIO,WIN_VIO,F_WIN_VIO.png (swatch only),"Material=Neon, Color=170,130,255 (CyberpunkConfig.NeonColors)",98,
B,B_Sky_E3_N1_far__WIN_WRM,CP_WIN_WRM,WIN_WRM,F_WIN_WRM.png (swatch only),"Material=Neon, Color=255,190,125 (CyberpunkConfig.NeonColors)",250,
B,B_Sky_E3_N1_near__MEC,CP_Mechanical,MEC,T_Mechanical_Color.png;T_Mechanical_Normal.png;T_Mechanical_Roughness.png;T_Mechanical_Metalness.png,SurfaceAppearance,20,
B,B_Sky_E3_N1_near__NEON_BLU,CP_NEON_BLU,NEON_BLU,F_NEON_BLU.png (swatch only),"Material=Neon, Color=30,95,255 (CyberpunkConfig.NeonColors)",40,
B,B_Sky_E3_N1_near__NEON_CYN,CP_NEON_CYN,NEON_CYN,F_NEON_CYN.png (swatch only),"Material=Neon, Color=0,230,255 (CyberpunkConfig.NeonColors)",60,
B,B_Sky_E3_N1_near__NEON_RED,CP_NEON_RED,NEON_RED,F_NEON_RED.png (swatch only),"Material=Neon, Color=255,32,45 (CyberpunkConfig.NeonColors)",12,
B,B_Sky_E3_N1_near__PNL,CP_PanelMetal,PNL,T_PanelMetal_Color.png;T_PanelMetal_Normal.png;T_PanelMetal_Roughness.png;T_PanelMetal_Metalness.png,SurfaceAppearance,14,
B,B_Sky_E3_N1_near__ROF,CP_RoofDeck,ROF,T_RoofDeck_Color.png;T_RoofDeck_Normal.png;T_RoofDeck_Roughness.png;T_RoofDeck_Metalness.png,SurfaceAppearance,56,
B,B_Sky_E3_N1_near__STL,CP_Steel,STL,T_Steel_Color.png;T_Steel_Normal.png;T_Steel_Roughness.png;T_Steel_Metalness.png,SurfaceAppearance,96,
B,B_Sky_E3_N1_near__TWN,CP_TowerNight,TWN,T_TowerNight_Color.png;T_TowerNight_Normal.png;T_TowerNight_Roughness.png;T_TowerNight_Metalness.png,SurfaceAppearance,140,
B,B_Sky_E3_N1_near__WIN_COL,CP_WIN_COL,WIN_COL,F_WIN_COL.png (swatch only),"Material=Neon, Color=140,195,255 (CyberpunkConfig.NeonColors)",292,
B,B_Sky_E3_N1_near__WIN_WRM,CP_WIN_WRM,WIN_WRM,F_WIN_WRM.png (swatch only),"Material=Neon, Color=255,190,125 (CyberpunkConfig.NeonColors)",174,
B,B_Sky_E3_N2_far__MEC,CP_Mechanical,MEC,T_Mechanical_Color.png;T_Mechanical_Normal.png;T_Mechanical_Roughness.png;T_Mechanical_Metalness.png,SurfaceAppearance,60,
B,B_Sky_E3_N2_far__NEON_CYN,CP_NEON_CYN,NEON_CYN,F_NEON_CYN.png (swatch only),"Material=Neon, Color=0,230,255 (CyberpunkConfig.NeonColors)",240,
B,B_Sky_E3_N2_far__NEON_MAG,CP_NEON_MAG,NEON_MAG,F_NEON_MAG.png (swatch only),"Material=Neon, Color=255,25,175 (CyberpunkConfig.NeonColors)",160,
B,B_Sky_E3_N2_far__NEON_RED,CP_NEON_RED,NEON_RED,F_NEON_RED.png (swatch only),"Material=Neon, Color=255,32,45 (CyberpunkConfig.NeonColors)",156,
B,B_Sky_E3_N2_far__PNL,CP_PanelMetal,PNL,T_PanelMetal_Color.png;T_PanelMetal_Normal.png;T_PanelMetal_Roughness.png;T_PanelMetal_Metalness.png,SurfaceAppearance,96,
B,B_Sky_E3_N2_far__ROF,CP_RoofDeck,ROF,T_RoofDeck_Color.png;T_RoofDeck_Normal.png;T_RoofDeck_Roughness.png;T_RoofDeck_Metalness.png,SurfaceAppearance,132,
B,B_Sky_E3_N2_far__STL,CP_Steel,STL,T_Steel_Color.png;T_Steel_Normal.png;T_Steel_Roughness.png;T_Steel_Metalness.png,SurfaceAppearance,184,
B,B_Sky_E3_N2_far__TWN,CP_TowerNight,TWN,T_TowerNight_Color.png;T_TowerNight_Normal.png;T_TowerNight_Roughness.png;T_TowerNight_Metalness.png,SurfaceAppearance,296,
B,B_Sky_E3_N2_far__WIN_COL,CP_WIN_COL,WIN_COL,F_WIN_COL.png (swatch only),"Material=Neon, Color=140,195,255 (CyberpunkConfig.NeonColors)",286,
B,B_Sky_E3_N2_far__WIN_PNK,CP_WIN_PNK,WIN_PNK,F_WIN_PNK.png (swatch only),"Material=Neon, Color=255,120,200 (CyberpunkConfig.NeonColors)",96,
B,B_Sky_E3_N2_far__WIN_VIO,CP_WIN_VIO,WIN_VIO,F_WIN_VIO.png (swatch only),"Material=Neon, Color=170,130,255 (CyberpunkConfig.NeonColors)",126,
B,B_Sky_E3_N2_far__WIN_WRM,CP_WIN_WRM,WIN_WRM,F_WIN_WRM.png (swatch only),"Material=Neon, Color=255,190,125 (CyberpunkConfig.NeonColors)",216,
B,B_Sky_E3_N2_near__MEC,CP_Mechanical,MEC,T_Mechanical_Color.png;T_Mechanical_Normal.png;T_Mechanical_Roughness.png;T_Mechanical_Metalness.png,SurfaceAppearance,40,
B,B_Sky_E3_N2_near__NEON_CYN,CP_NEON_CYN,NEON_CYN,F_NEON_CYN.png (swatch only),"Material=Neon, Color=0,230,255 (CyberpunkConfig.NeonColors)",280,
B,B_Sky_E3_N2_near__NEON_RED,CP_NEON_RED,NEON_RED,F_NEON_RED.png (swatch only),"Material=Neon, Color=255,32,45 (CyberpunkConfig.NeonColors)",12,
B,B_Sky_E3_N2_near__NEON_VIO,CP_NEON_VIO,NEON_VIO,F_NEON_VIO.png (swatch only),"Material=Neon, Color=150,45,255 (CyberpunkConfig.NeonColors)",200,
B,B_Sky_E3_N2_near__PNL,CP_PanelMetal,PNL,T_PanelMetal_Color.png;T_PanelMetal_Normal.png;T_PanelMetal_Roughness.png;T_PanelMetal_Metalness.png,SurfaceAppearance,28,
B,B_Sky_E3_N2_near__ROF,CP_RoofDeck,ROF,T_RoofDeck_Color.png;T_RoofDeck_Normal.png;T_RoofDeck_Roughness.png;T_RoofDeck_Metalness.png,SurfaceAppearance,80,
B,B_Sky_E3_N2_near__STL,CP_Steel,STL,T_Steel_Color.png;T_Steel_Normal.png;T_Steel_Roughness.png;T_Steel_Metalness.png,SurfaceAppearance,128,
B,B_Sky_E3_N2_near__TWN,CP_TowerNight,TWN,T_TowerNight_Color.png;T_TowerNight_Normal.png;T_TowerNight_Roughness.png;T_TowerNight_Metalness.png,SurfaceAppearance,224,
B,B_Sky_E3_N2_near__WIN_COL,CP_WIN_COL,WIN_COL,F_WIN_COL.png (swatch only),"Material=Neon, Color=140,195,255 (CyberpunkConfig.NeonColors)",178,
B,B_Sky_E3_N2_near__WIN_VIO,CP_WIN_VIO,WIN_VIO,F_WIN_VIO.png (swatch only),"Material=Neon, Color=170,130,255 (CyberpunkConfig.NeonColors)",76,
B,B_Sky_E3_N2_near__WIN_WRM,CP_WIN_WRM,WIN_WRM,F_WIN_WRM.png (swatch only),"Material=Neon, Color=255,190,125 (CyberpunkConfig.NeonColors)",212,
B,B_Sky_E3_N3_far__GLS,CP_GlassCurtain,GLS,T_GlassCurtain_Color.png;T_GlassCurtain_Normal.png;T_GlassCurtain_Roughness.png;T_GlassCurtain_Metalness.png,SurfaceAppearance (Color/Normal/Roughness/Metalness),120,
B,B_Sky_E3_N3_far__MEC,CP_Mechanical,MEC,T_Mechanical_Color.png;T_Mechanical_Normal.png;T_Mechanical_Roughness.png;T_Mechanical_Metalness.png,SurfaceAppearance,120,
B,B_Sky_E3_N3_far__NEON_CYN,CP_NEON_CYN,NEON_CYN,F_NEON_CYN.png (swatch only),"Material=Neon, Color=0,230,255 (CyberpunkConfig.NeonColors)",320,
B,B_Sky_E3_N3_far__NEON_MAG,CP_NEON_MAG,NEON_MAG,F_NEON_MAG.png (swatch only),"Material=Neon, Color=255,25,175 (CyberpunkConfig.NeonColors)",80,
B,B_Sky_E3_N3_far__NEON_RED,CP_NEON_RED,NEON_RED,F_NEON_RED.png (swatch only),"Material=Neon, Color=255,32,45 (CyberpunkConfig.NeonColors)",84,
B,B_Sky_E3_N3_far__NEON_VIO,CP_NEON_VIO,NEON_VIO,F_NEON_VIO.png (swatch only),"Material=Neon, Color=150,45,255 (CyberpunkConfig.NeonColors)",84,
B,B_Sky_E3_N3_far__PNL,CP_PanelMetal,PNL,T_PanelMetal_Color.png;T_PanelMetal_Normal.png;T_PanelMetal_Roughness.png;T_PanelMetal_Metalness.png,SurfaceAppearance,140,
B,B_Sky_E3_N3_far__ROF,CP_RoofDeck,ROF,T_RoofDeck_Color.png;T_RoofDeck_Normal.png;T_RoofDeck_Roughness.png;T_RoofDeck_Metalness.png,SurfaceAppearance,120,
B,B_Sky_E3_N3_far__STL,CP_Steel,STL,T_Steel_Color.png;T_Steel_Normal.png;T_Steel_Roughness.png;T_Steel_Metalness.png,SurfaceAppearance,80,
B,B_Sky_E3_N3_far__TWN,CP_TowerNight,TWN,T_TowerNight_Color.png;T_TowerNight_Normal.png;T_TowerNight_Roughness.png;T_TowerNight_Metalness.png,SurfaceAppearance,356,
B,B_Sky_E3_N3_far__WIN_COL,CP_WIN_COL,WIN_COL,F_WIN_COL.png (swatch only),"Material=Neon, Color=140,195,255 (CyberpunkConfig.NeonColors)",268,
B,B_Sky_E3_N3_far__WIN_PNK,CP_WIN_PNK,WIN_PNK,F_WIN_PNK.png (swatch only),"Material=Neon, Color=255,120,200 (CyberpunkConfig.NeonColors)",254,
B,B_Sky_E3_N3_far__WIN_VIO,CP_WIN_VIO,WIN_VIO,F_WIN_VIO.png (swatch only),"Material=Neon, Color=170,130,255 (CyberpunkConfig.NeonColors)",112,
B,B_Sky_E3_N3_far__WIN_WRM,CP_WIN_WRM,WIN_WRM,F_WIN_WRM.png (swatch only),"Material=Neon, Color=255,190,125 (CyberpunkConfig.NeonColors)",752,
B,B_Sky_E3_N3_near__GLS,CP_GlassCurtain,GLS,T_GlassCurtain_Color.png;T_GlassCurtain_Normal.png;T_GlassCurtain_Roughness.png;T_GlassCurtain_Metalness.png,SurfaceAppearance (Color/Normal/Roughness/Metalness),24,
B,B_Sky_E3_N3_near__MEC,CP_Mechanical,MEC,T_Mechanical_Color.png;T_Mechanical_Normal.png;T_Mechanical_Roughness.png;T_Mechanical_Metalness.png,SurfaceAppearance,30,
B,B_Sky_E3_N3_near__NEON_RED,CP_NEON_RED,NEON_RED,F_NEON_RED.png (swatch only),"Material=Neon, Color=255,32,45 (CyberpunkConfig.NeonColors)",12,
B,B_Sky_E3_N3_near__ROF,CP_RoofDeck,ROF,T_RoofDeck_Color.png;T_RoofDeck_Normal.png;T_RoofDeck_Roughness.png;T_RoofDeck_Metalness.png,SurfaceAppearance,4,
B,B_Sky_E3_N3_near__STL,CP_Steel,STL,T_Steel_Color.png;T_Steel_Normal.png;T_Steel_Roughness.png;T_Steel_Metalness.png,SurfaceAppearance,8,
B,B_Sky_E3_N3_near__TWN,CP_TowerNight,TWN,T_TowerNight_Color.png;T_TowerNight_Normal.png;T_TowerNight_Roughness.png;T_TowerNight_Metalness.png,SurfaceAppearance,16,
B,B_Sky_E3_N3_near__WIN_PNK,CP_WIN_PNK,WIN_PNK,F_WIN_PNK.png (swatch only),"Material=Neon, Color=255,120,200 (CyberpunkConfig.NeonColors)",16,
B,B_Sky_E3_N3_near__WIN_WRM,CP_WIN_WRM,WIN_WRM,F_WIN_WRM.png (swatch only),"Material=Neon, Color=255,190,125 (CyberpunkConfig.NeonColors)",78,
B,B_Sky_E3_S1_far__GLS,CP_GlassCurtain,GLS,T_GlassCurtain_Color.png;T_GlassCurtain_Normal.png;T_GlassCurtain_Roughness.png;T_GlassCurtain_Metalness.png,SurfaceAppearance (Color/Normal/Roughness/Metalness),24,
B,B_Sky_E3_S1_far__MEC,CP_Mechanical,MEC,T_Mechanical_Color.png;T_Mechanical_Normal.png;T_Mechanical_Roughness.png;T_Mechanical_Metalness.png,SurfaceAppearance,100,
B,B_Sky_E3_S1_far__NEON_CYN,CP_NEON_CYN,NEON_CYN,F_NEON_CYN.png (swatch only),"Material=Neon, Color=0,230,255 (CyberpunkConfig.NeonColors)",60,
B,B_Sky_E3_S1_far__NEON_RED,CP_NEON_RED,NEON_RED,F_NEON_RED.png (swatch only),"Material=Neon, Color=255,32,45 (CyberpunkConfig.NeonColors)",24,
B,B_Sky_E3_S1_far__PNL,CP_PanelMetal,PNL,T_PanelMetal_Color.png;T_PanelMetal_Normal.png;T_PanelMetal_Roughness.png;T_PanelMetal_Metalness.png,SurfaceAppearance,12,
B,B_Sky_E3_S1_far__ROF,CP_RoofDeck,ROF,T_RoofDeck_Color.png;T_RoofDeck_Normal.png;T_RoofDeck_Roughness.png;T_RoofDeck_Metalness.png,SurfaceAppearance,56,
B,B_Sky_E3_S1_far__STL,CP_Steel,STL,T_Steel_Color.png;T_Steel_Normal.png;T_Steel_Roughness.png;T_Steel_Metalness.png,SurfaceAppearance,68,
B,B_Sky_E3_S1_far__TEC,CP_TechPanel,TEC,T_TechPanel_Color.png;T_TechPanel_Normal.png;T_TechPanel_Roughness.png;T_TechPanel_Metalness.png,SurfaceAppearance,8,
B,B_Sky_E3_S1_far__TWN,CP_TowerNight,TWN,T_TowerNight_Color.png;T_TowerNight_Normal.png;T_TowerNight_Roughness.png;T_TowerNight_Metalness.png,SurfaceAppearance,148,
B,B_Sky_E3_S1_far__WIN_COL,CP_WIN_COL,WIN_COL,F_WIN_COL.png (swatch only),"Material=Neon, Color=140,195,255 (CyberpunkConfig.NeonColors)",56,
B,B_Sky_E3_S1_far__WIN_PNK,CP_WIN_PNK,WIN_PNK,F_WIN_PNK.png (swatch only),"Material=Neon, Color=255,120,200 (CyberpunkConfig.NeonColors)",84,
B,B_Sky_E3_S1_far__WIN_WRM,CP_WIN_WRM,WIN_WRM,F_WIN_WRM.png (swatch only),"Material=Neon, Color=255,190,125 (CyberpunkConfig.NeonColors)",366,
B,B_Sky_E3_S1_near__GLS,CP_GlassCurtain,GLS,T_GlassCurtain_Color.png;T_GlassCurtain_Normal.png;T_GlassCurtain_Roughness.png;T_GlassCurtain_Metalness.png,SurfaceAppearance (Color/Normal/Roughness/Metalness),48,
B,B_Sky_E3_S1_near__MEC,CP_Mechanical,MEC,T_Mechanical_Color.png;T_Mechanical_Normal.png;T_Mechanical_Roughness.png;T_Mechanical_Metalness.png,SurfaceAppearance,40,
B,B_Sky_E3_S1_near__NEON_CYN,CP_NEON_CYN,NEON_CYN,F_NEON_CYN.png (swatch only),"Material=Neon, Color=0,230,255 (CyberpunkConfig.NeonColors)",80,
B,B_Sky_E3_S1_near__NEON_MAG,CP_NEON_MAG,NEON_MAG,F_NEON_MAG.png (swatch only),"Material=Neon, Color=255,25,175 (CyberpunkConfig.NeonColors)",120,
B,B_Sky_E3_S1_near__NEON_RED,CP_NEON_RED,NEON_RED,F_NEON_RED.png (swatch only),"Material=Neon, Color=255,32,45 (CyberpunkConfig.NeonColors)",36,
B,B_Sky_E3_S1_near__NEON_VIO,CP_NEON_VIO,NEON_VIO,F_NEON_VIO.png (swatch only),"Material=Neon, Color=150,45,255 (CyberpunkConfig.NeonColors)",24,
B,B_Sky_E3_S1_near__PNL,CP_PanelMetal,PNL,T_PanelMetal_Color.png;T_PanelMetal_Normal.png;T_PanelMetal_Roughness.png;T_PanelMetal_Metalness.png,SurfaceAppearance,2,
B,B_Sky_E3_S1_near__ROF,CP_RoofDeck,ROF,T_RoofDeck_Color.png;T_RoofDeck_Normal.png;T_RoofDeck_Roughness.png;T_RoofDeck_Metalness.png,SurfaceAppearance,30,
B,B_Sky_E3_S1_near__STL,CP_Steel,STL,T_Steel_Color.png;T_Steel_Normal.png;T_Steel_Roughness.png;T_Steel_Metalness.png,SurfaceAppearance,92,
B,B_Sky_E3_S1_near__TEC,CP_TechPanel,TEC,T_TechPanel_Color.png;T_TechPanel_Normal.png;T_TechPanel_Roughness.png;T_TechPanel_Metalness.png,SurfaceAppearance,8,
B,B_Sky_E3_S1_near__TWN,CP_TowerNight,TWN,T_TowerNight_Color.png;T_TowerNight_Normal.png;T_TowerNight_Roughness.png;T_TowerNight_Metalness.png,SurfaceAppearance,88,
B,B_Sky_E3_S1_near__WIN_COL,CP_WIN_COL,WIN_COL,F_WIN_COL.png (swatch only),"Material=Neon, Color=140,195,255 (CyberpunkConfig.NeonColors)",164,
B,B_Sky_E3_S1_near__WIN_VIO,CP_WIN_VIO,WIN_VIO,F_WIN_VIO.png (swatch only),"Material=Neon, Color=170,130,255 (CyberpunkConfig.NeonColors)",218,
B,B_Sky_E3_S1_near__WIN_WRM,CP_WIN_WRM,WIN_WRM,F_WIN_WRM.png (swatch only),"Material=Neon, Color=255,190,125 (CyberpunkConfig.NeonColors)",54,
B,B_Sky_E3_S2_far__MEC,CP_Mechanical,MEC,T_Mechanical_Color.png;T_Mechanical_Normal.png;T_Mechanical_Roughness.png;T_Mechanical_Metalness.png,SurfaceAppearance,120,
B,B_Sky_E3_S2_far__NEON_CYN,CP_NEON_CYN,NEON_CYN,F_NEON_CYN.png (swatch only),"Material=Neon, Color=0,230,255 (CyberpunkConfig.NeonColors)",160,
B,B_Sky_E3_S2_far__NEON_MAG,CP_NEON_MAG,NEON_MAG,F_NEON_MAG.png (swatch only),"Material=Neon, Color=255,25,175 (CyberpunkConfig.NeonColors)",160,
B,B_Sky_E3_S2_far__NEON_RED,CP_NEON_RED,NEON_RED,F_NEON_RED.png (swatch only),"Material=Neon, Color=255,32,45 (CyberpunkConfig.NeonColors)",60,
B,B_Sky_E3_S2_far__PNL,CP_PanelMetal,PNL,T_PanelMetal_Color.png;T_PanelMetal_Normal.png;T_PanelMetal_Roughness.png;T_PanelMetal_Metalness.png,SurfaceAppearance,60,
B,B_Sky_E3_S2_far__ROF,CP_RoofDeck,ROF,T_RoofDeck_Color.png;T_RoofDeck_Normal.png;T_RoofDeck_Roughness.png;T_RoofDeck_Metalness.png,SurfaceAppearance,100,
B,B_Sky_E3_S2_far__STL,CP_Steel,STL,T_Steel_Color.png;T_Steel_Normal.png;T_Steel_Roughness.png;T_Steel_Metalness.png,SurfaceAppearance,80,
B,B_Sky_E3_S2_far__TWN,CP_TowerNight,TWN,T_TowerNight_Color.png;T_TowerNight_Normal.png;T_TowerNight_Roughness.png;T_TowerNight_Metalness.png,SurfaceAppearance,292,
B,B_Sky_E3_S2_far__WIN_COL,CP_WIN_COL,WIN_COL,F_WIN_COL.png (swatch only),"Material=Neon, Color=140,195,255 (CyberpunkConfig.NeonColors)",64,
B,B_Sky_E3_S2_far__WIN_PNK,CP_WIN_PNK,WIN_PNK,F_WIN_PNK.png (swatch only),"Material=Neon, Color=255,120,200 (CyberpunkConfig.NeonColors)",90,
B,B_Sky_E3_S2_far__WIN_VIO,CP_WIN_VIO,WIN_VIO,F_WIN_VIO.png (swatch only),"Material=Neon, Color=170,130,255 (CyberpunkConfig.NeonColors)",74,
B,B_Sky_E3_S2_far__WIN_WRM,CP_WIN_WRM,WIN_WRM,F_WIN_WRM.png (swatch only),"Material=Neon, Color=255,190,125 (CyberpunkConfig.NeonColors)",324,
B,B_Sky_E3_S2_near__GLS,CP_GlassCurtain,GLS,T_GlassCurtain_Color.png;T_GlassCurtain_Normal.png;T_GlassCurtain_Roughness.png;T_GlassCurtain_Metalness.png,SurfaceAppearance (Color/Normal/Roughness/Metalness),48,
B,B_Sky_E3_S2_near__MEC,CP_Mechanical,MEC,T_Mechanical_Color.png;T_Mechanical_Normal.png;T_Mechanical_Roughness.png;T_Mechanical_Metalness.png,SurfaceAppearance,30,
B,B_Sky_E3_S2_near__NEON_CYN,CP_NEON_CYN,NEON_CYN,F_NEON_CYN.png (swatch only),"Material=Neon, Color=0,230,255 (CyberpunkConfig.NeonColors)",40,
B,B_Sky_E3_S2_near__NEON_MAG,CP_NEON_MAG,NEON_MAG,F_NEON_MAG.png (swatch only),"Material=Neon, Color=255,25,175 (CyberpunkConfig.NeonColors)",24,
B,B_Sky_E3_S2_near__NEON_RED,CP_NEON_RED,NEON_RED,F_NEON_RED.png (swatch only),"Material=Neon, Color=255,32,45 (CyberpunkConfig.NeonColors)",156,
B,B_Sky_E3_S2_near__PNL,CP_PanelMetal,PNL,T_PanelMetal_Color.png;T_PanelMetal_Normal.png;T_PanelMetal_Roughness.png;T_PanelMetal_Metalness.png,SurfaceAppearance,28,
B,B_Sky_E3_S2_near__ROF,CP_RoofDeck,ROF,T_RoofDeck_Color.png;T_RoofDeck_Normal.png;T_RoofDeck_Roughness.png;T_RoofDeck_Metalness.png,SurfaceAppearance,44,
B,B_Sky_E3_S2_near__STL,CP_Steel,STL,T_Steel_Color.png;T_Steel_Normal.png;T_Steel_Roughness.png;T_Steel_Metalness.png,SurfaceAppearance,136,
B,B_Sky_E3_S2_near__TWN,CP_TowerNight,TWN,T_TowerNight_Color.png;T_TowerNight_Normal.png;T_TowerNight_Roughness.png;T_TowerNight_Metalness.png,SurfaceAppearance,128,
B,B_Sky_E3_S2_near__WIN_COL,CP_WIN_COL,WIN_COL,F_WIN_COL.png (swatch only),"Material=Neon, Color=140,195,255 (CyberpunkConfig.NeonColors)",266,
B,B_Sky_E3_S2_near__WIN_VIO,CP_WIN_VIO,WIN_VIO,F_WIN_VIO.png (swatch only),"Material=Neon, Color=170,130,255 (CyberpunkConfig.NeonColors)",212,
B,B_Sky_E3_S2_near__WIN_WRM,CP_WIN_WRM,WIN_WRM,F_WIN_WRM.png (swatch only),"Material=Neon, Color=255,190,125 (CyberpunkConfig.NeonColors)",148,
B,B_Sky_E3_S3_far__GLS,CP_GlassCurtain,GLS,T_GlassCurtain_Color.png;T_GlassCurtain_Normal.png;T_GlassCurtain_Roughness.png;T_GlassCurtain_Metalness.png,SurfaceAppearance (Color/Normal/Roughness/Metalness),24,
B,B_Sky_E3_S3_far__MEC,CP_Mechanical,MEC,T_Mechanical_Color.png;T_Mechanical_Normal.png;T_Mechanical_Roughness.png;T_Mechanical_Metalness.png,SurfaceAppearance,150,
B,B_Sky_E3_S3_far__NEON_BLU,CP_NEON_BLU,NEON_BLU,F_NEON_BLU.png (swatch only),"Material=Neon, Color=30,95,255 (CyberpunkConfig.NeonColors)",80,
B,B_Sky_E3_S3_far__NEON_MAG,CP_NEON_MAG,NEON_MAG,F_NEON_MAG.png (swatch only),"Material=Neon, Color=255,25,175 (CyberpunkConfig.NeonColors)",240,
B,B_Sky_E3_S3_far__NEON_RED,CP_NEON_RED,NEON_RED,F_NEON_RED.png (swatch only),"Material=Neon, Color=255,32,45 (CyberpunkConfig.NeonColors)",60,
B,B_Sky_E3_S3_far__PNL,CP_PanelMetal,PNL,T_PanelMetal_Color.png;T_PanelMetal_Normal.png;T_PanelMetal_Roughness.png;T_PanelMetal_Metalness.png,SurfaceAppearance,84,
B,B_Sky_E3_S3_far__ROF,CP_RoofDeck,ROF,T_RoofDeck_Color.png;T_RoofDeck_Normal.png;T_RoofDeck_Roughness.png;T_RoofDeck_Metalness.png,SurfaceAppearance,178,
B,B_Sky_E3_S3_far__STL,CP_Steel,STL,T_Steel_Color.png;T_Steel_Normal.png;T_Steel_Roughness.png;T_Steel_Metalness.png,SurfaceAppearance,100,
B,B_Sky_E3_S3_far__TEC,CP_TechPanel,TEC,T_TechPanel_Color.png;T_TechPanel_Normal.png;T_TechPanel_Roughness.png;T_TechPanel_Metalness.png,SurfaceAppearance,8,
B,B_Sky_E3_S3_far__TWN,CP_TowerNight,TWN,T_TowerNight_Color.png;T_TowerNight_Normal.png;T_TowerNight_Roughness.png;T_TowerNight_Metalness.png,SurfaceAppearance,492,
B,B_Sky_E3_S3_far__WIN_COL,CP_WIN_COL,WIN_COL,F_WIN_COL.png (swatch only),"Material=Neon, Color=140,195,255 (CyberpunkConfig.NeonColors)",374,
B,B_Sky_E3_S3_far__WIN_VIO,CP_WIN_VIO,WIN_VIO,F_WIN_VIO.png (swatch only),"Material=Neon, Color=170,130,255 (CyberpunkConfig.NeonColors)",326,
B,B_Sky_E3_S3_far__WIN_WRM,CP_WIN_WRM,WIN_WRM,F_WIN_WRM.png (swatch only),"Material=Neon, Color=255,190,125 (CyberpunkConfig.NeonColors)",628,
B,B_Sky_E3_S3_near__NEON_RED,CP_NEON_RED,NEON_RED,F_NEON_RED.png (swatch only),"Material=Neon, Color=255,32,45 (CyberpunkConfig.NeonColors)",12,
B,B_Sky_E3_S3_near__ROF,CP_RoofDeck,ROF,T_RoofDeck_Color.png;T_RoofDeck_Normal.png;T_RoofDeck_Roughness.png;T_RoofDeck_Metalness.png,SurfaceAppearance,24,
B,B_Sky_E3_S3_near__STL,CP_Steel,STL,T_Steel_Color.png;T_Steel_Normal.png;T_Steel_Roughness.png;T_Steel_Metalness.png,SurfaceAppearance,16,
B,B_Sky_E3_S3_near__TWN,CP_TowerNight,TWN,T_TowerNight_Color.png;T_TowerNight_Normal.png;T_TowerNight_Roughness.png;T_TowerNight_Metalness.png,SurfaceAppearance,64,
B,B_Sky_E3_S3_near__WIN_PNK,CP_WIN_PNK,WIN_PNK,F_WIN_PNK.png (swatch only),"Material=Neon, Color=255,120,200 (CyberpunkConfig.NeonColors)",108,
B,B_Sky_E3_S3_near__WIN_VIO,CP_WIN_VIO,WIN_VIO,F_WIN_VIO.png (swatch only),"Material=Neon, Color=170,130,255 (CyberpunkConfig.NeonColors)",18,
B,B_Sky_E3_S4_far__NEON_MAG,CP_NEON_MAG,NEON_MAG,F_NEON_MAG.png (swatch only),"Material=Neon, Color=255,25,175 (CyberpunkConfig.NeonColors)",20,
B,B_Sky_E3_S4_far__NEON_RED,CP_NEON_RED,NEON_RED,F_NEON_RED.png (swatch only),"Material=Neon, Color=255,32,45 (CyberpunkConfig.NeonColors)",12,
B,B_Sky_E3_S4_far__PNL,CP_PanelMetal,PNL,T_PanelMetal_Color.png;T_PanelMetal_Normal.png;T_PanelMetal_Roughness.png;T_PanelMetal_Metalness.png,SurfaceAppearance,32,
B,B_Sky_E3_S4_far__ROF,CP_RoofDeck,ROF,T_RoofDeck_Color.png;T_RoofDeck_Normal.png;T_RoofDeck_Roughness.png;T_RoofDeck_Metalness.png,SurfaceAppearance,12,
B,B_Sky_E3_S4_far__STL,CP_Steel,STL,T_Steel_Color.png;T_Steel_Normal.png;T_Steel_Roughness.png;T_Steel_Metalness.png,SurfaceAppearance,8,
B,B_Sky_E3_S4_far__TWN,CP_TowerNight,TWN,T_TowerNight_Color.png;T_TowerNight_Normal.png;T_TowerNight_Roughness.png;T_TowerNight_Metalness.png,SurfaceAppearance,32,
B,B_Sky_E3_S4_far__WIN_VIO,CP_WIN_VIO,WIN_VIO,F_WIN_VIO.png (swatch only),"Material=Neon, Color=170,130,255 (CyberpunkConfig.NeonColors)",18,
B,B_Sky_E3_S4_far__WIN_WRM,CP_WIN_WRM,WIN_WRM,F_WIN_WRM.png (swatch only),"Material=Neon, Color=255,190,125 (CyberpunkConfig.NeonColors)",190,
B,B_Sky_E4_N0_far__PNL,CP_PanelMetal,PNL,T_PanelMetal_Color.png;T_PanelMetal_Normal.png;T_PanelMetal_Roughness.png;T_PanelMetal_Metalness.png,SurfaceAppearance,12,
B,B_Sky_E4_N0_far__ROF,CP_RoofDeck,ROF,T_RoofDeck_Color.png;T_RoofDeck_Normal.png;T_RoofDeck_Roughness.png;T_RoofDeck_Metalness.png,SurfaceAppearance,8,
B,B_Sky_E4_N0_far__STL,CP_Steel,STL,T_Steel_Color.png;T_Steel_Normal.png;T_Steel_Roughness.png;T_Steel_Metalness.png,SurfaceAppearance,24,
B,B_Sky_E4_N0_far__TWN,CP_TowerNight,TWN,T_TowerNight_Color.png;T_TowerNight_Normal.png;T_TowerNight_Roughness.png;T_TowerNight_Metalness.png,SurfaceAppearance,12,
B,B_Sky_E4_N0_far__WIN_WRM,CP_WIN_WRM,WIN_WRM,F_WIN_WRM.png (swatch only),"Material=Neon, Color=255,190,125 (CyberpunkConfig.NeonColors)",124,
B,B_Sky_E4_N1_far__MEC,CP_Mechanical,MEC,T_Mechanical_Color.png;T_Mechanical_Normal.png;T_Mechanical_Roughness.png;T_Mechanical_Metalness.png,SurfaceAppearance,20,
B,B_Sky_E4_N1_far__ROF,CP_RoofDeck,ROF,T_RoofDeck_Color.png;T_RoofDeck_Normal.png;T_RoofDeck_Roughness.png;T_RoofDeck_Metalness.png,SurfaceAppearance,18,
B,B_Sky_E4_N1_far__TWN,CP_TowerNight,TWN,T_TowerNight_Color.png;T_TowerNight_Normal.png;T_TowerNight_Roughness.png;T_TowerNight_Metalness.png,SurfaceAppearance,72,
B,B_Sky_E4_N1_far__WIN_PNK,CP_WIN_PNK,WIN_PNK,F_WIN_PNK.png (swatch only),"Material=Neon, Color=255,120,200 (CyberpunkConfig.NeonColors)",76,
B,B_Sky_E4_N1_far__WIN_WRM,CP_WIN_WRM,WIN_WRM,F_WIN_WRM.png (swatch only),"Material=Neon, Color=255,190,125 (CyberpunkConfig.NeonColors)",8,
B,B_Sky_E4_N2_far__ROF,CP_RoofDeck,ROF,T_RoofDeck_Color.png;T_RoofDeck_Normal.png;T_RoofDeck_Roughness.png;T_RoofDeck_Metalness.png,SurfaceAppearance,24,
B,B_Sky_E4_N2_far__STL,CP_Steel,STL,T_Steel_Color.png;T_Steel_Normal.png;T_Steel_Roughness.png;T_Steel_Metalness.png,SurfaceAppearance,8,
B,B_Sky_E4_N2_far__TWN,CP_TowerNight,TWN,T_TowerNight_Color.png;T_TowerNight_Normal.png;T_TowerNight_Roughness.png;T_TowerNight_Metalness.png,SurfaceAppearance,64,
B,B_Sky_E4_N2_far__WIN_VIO,CP_WIN_VIO,WIN_VIO,F_WIN_VIO.png (swatch only),"Material=Neon, Color=170,130,255 (CyberpunkConfig.NeonColors)",56,
B,B_Sky_E4_S1_far__NEON_VIO,CP_NEON_VIO,NEON_VIO,F_NEON_VIO.png (swatch only),"Material=Neon, Color=150,45,255 (CyberpunkConfig.NeonColors)",60,
B,B_Sky_E4_S1_far__PNL,CP_PanelMetal,PNL,T_PanelMetal_Color.png;T_PanelMetal_Normal.png;T_PanelMetal_Roughness.png;T_PanelMetal_Metalness.png,SurfaceAppearance,12,
B,B_Sky_E4_S1_far__ROF,CP_RoofDeck,ROF,T_RoofDeck_Color.png;T_RoofDeck_Normal.png;T_RoofDeck_Roughness.png;T_RoofDeck_Metalness.png,SurfaceAppearance,8,
B,B_Sky_E4_S1_far__STL,CP_Steel,STL,T_Steel_Color.png;T_Steel_Normal.png;T_Steel_Roughness.png;T_Steel_Metalness.png,SurfaceAppearance,24,
B,B_Sky_E4_S1_far__TWN,CP_TowerNight,TWN,T_TowerNight_Color.png;T_TowerNight_Normal.png;T_TowerNight_Roughness.png;T_TowerNight_Metalness.png,SurfaceAppearance,12,
B,B_Sky_E4_S1_far__WIN_COL,CP_WIN_COL,WIN_COL,F_WIN_COL.png (swatch only),"Material=Neon, Color=140,195,255 (CyberpunkConfig.NeonColors)",16,
B,B_Sky_E4_S1_far__WIN_VIO,CP_WIN_VIO,WIN_VIO,F_WIN_VIO.png (swatch only),"Material=Neon, Color=170,130,255 (CyberpunkConfig.NeonColors)",74,
B,B_Sky_E4_S3_far__MEC,CP_Mechanical,MEC,T_Mechanical_Color.png;T_Mechanical_Normal.png;T_Mechanical_Roughness.png;T_Mechanical_Metalness.png,SurfaceAppearance,20,
B,B_Sky_E4_S3_far__ROF,CP_RoofDeck,ROF,T_RoofDeck_Color.png;T_RoofDeck_Normal.png;T_RoofDeck_Roughness.png;T_RoofDeck_Metalness.png,SurfaceAppearance,18,
B,B_Sky_E4_S3_far__STL,CP_Steel,STL,T_Steel_Color.png;T_Steel_Normal.png;T_Steel_Roughness.png;T_Steel_Metalness.png,SurfaceAppearance,8,
B,B_Sky_E4_S3_far__TWN,CP_TowerNight,TWN,T_TowerNight_Color.png;T_TowerNight_Normal.png;T_TowerNight_Roughness.png;T_TowerNight_Metalness.png,SurfaceAppearance,48,
B,B_Sky_E4_S3_far__WIN_COL,CP_WIN_COL,WIN_COL,F_WIN_COL.png (swatch only),"Material=Neon, Color=140,195,255 (CyberpunkConfig.NeonColors)",22,
B,B_Sky_E4_S3_far__WIN_PNK,CP_WIN_PNK,WIN_PNK,F_WIN_PNK.png (swatch only),"Material=Neon, Color=255,120,200 (CyberpunkConfig.NeonColors)",72,
B,B_Sky_W1_N2_near__GLS,CP_GlassCurtain,GLS,T_GlassCurtain_Color.png;T_GlassCurtain_Normal.png;T_GlassCurtain_Roughness.png;T_GlassCurtain_Metalness.png,SurfaceAppearance (Color/Normal/Roughness/Metalness),24,
B,B_Sky_W1_N2_near__MEC,CP_Mechanical,MEC,T_Mechanical_Color.png;T_Mechanical_Normal.png;T_Mechanical_Roughness.png;T_Mechanical_Metalness.png,SurfaceAppearance,90,
B,B_Sky_W1_N2_near__NEON_BLU,CP_NEON_BLU,NEON_BLU,F_NEON_BLU.png (swatch only),"Material=Neon, Color=30,95,255 (CyberpunkConfig.NeonColors)",40,
B,B_Sky_W1_N2_near__NEON_MAG,CP_NEON_MAG,NEON_MAG,F_NEON_MAG.png (swatch only),"Material=Neon, Color=255,25,175 (CyberpunkConfig.NeonColors)",60,
B,B_Sky_W1_N2_near__NEON_RED,CP_NEON_RED,NEON_RED,F_NEON_RED.png (swatch only),"Material=Neon, Color=255,32,45 (CyberpunkConfig.NeonColors)",36,
B,B_Sky_W1_N2_near__PNL,CP_PanelMetal,PNL,T_PanelMetal_Color.png;T_PanelMetal_Normal.png;T_PanelMetal_Roughness.png;T_PanelMetal_Metalness.png,SurfaceAppearance,82,
B,B_Sky_W1_N2_near__ROF,CP_RoofDeck,ROF,T_RoofDeck_Color.png;T_RoofDeck_Normal.png;T_RoofDeck_Roughness.png;T_RoofDeck_Metalness.png,SurfaceAppearance,82,
B,B_Sky_W1_N2_near__STL,CP_Steel,STL,T_Steel_Color.png;T_Steel_Normal.png;T_Steel_Roughness.png;T_Steel_Metalness.png,SurfaceAppearance,108,
B,B_Sky_W1_N2_near__TEC,CP_TechPanel,TEC,T_TechPanel_Color.png;T_TechPanel_Normal.png;T_TechPanel_Roughness.png;T_TechPanel_Metalness.png,SurfaceAppearance,8,
B,B_Sky_W1_N2_near__TWN,CP_TowerNight,TWN,T_TowerNight_Color.png;T_TowerNight_Normal.png;T_TowerNight_Roughness.png;T_TowerNight_Metalness.png,SurfaceAppearance,216,
B,B_Sky_W1_N2_near__WIN_COL,CP_WIN_COL,WIN_COL,F_WIN_COL.png (swatch only),"Material=Neon, Color=140,195,255 (CyberpunkConfig.NeonColors)",276,
B,B_Sky_W1_N2_near__WIN_VIO,CP_WIN_VIO,WIN_VIO,F_WIN_VIO.png (swatch only),"Material=Neon, Color=170,130,255 (CyberpunkConfig.NeonColors)",114,
B,B_Sky_W1_N2_near__WIN_WRM,CP_WIN_WRM,WIN_WRM,F_WIN_WRM.png (swatch only),"Material=Neon, Color=255,190,125 (CyberpunkConfig.NeonColors)",304,
B,B_Sky_W1_N3_far__GLS,CP_GlassCurtain,GLS,T_GlassCurtain_Color.png;T_GlassCurtain_Normal.png;T_GlassCurtain_Roughness.png;T_GlassCurtain_Metalness.png,SurfaceAppearance (Color/Normal/Roughness/Metalness),24,
B,B_Sky_W1_N3_far__MEC,CP_Mechanical,MEC,T_Mechanical_Color.png;T_Mechanical_Normal.png;T_Mechanical_Roughness.png;T_Mechanical_Metalness.png,SurfaceAppearance,180,
B,B_Sky_W1_N3_far__NEON_MAG,CP_NEON_MAG,NEON_MAG,F_NEON_MAG.png (swatch only),"Material=Neon, Color=255,25,175 (CyberpunkConfig.NeonColors)",104,
B,B_Sky_W1_N3_far__NEON_RED,CP_NEON_RED,NEON_RED,F_NEON_RED.png (swatch only),"Material=Neon, Color=255,32,45 (CyberpunkConfig.NeonColors)",36,
B,B_Sky_W1_N3_far__NEON_VIO,CP_NEON_VIO,NEON_VIO,F_NEON_VIO.png (swatch only),"Material=Neon, Color=150,45,255 (CyberpunkConfig.NeonColors)",240,
B,B_Sky_W1_N3_far__PNL,CP_PanelMetal,PNL,T_PanelMetal_Color.png;T_PanelMetal_Normal.png;T_PanelMetal_Roughness.png;T_PanelMetal_Metalness.png,SurfaceAppearance,36,
B,B_Sky_W1_N3_far__ROF,CP_RoofDeck,ROF,T_RoofDeck_Color.png;T_RoofDeck_Normal.png;T_RoofDeck_Roughness.png;T_RoofDeck_Metalness.png,SurfaceAppearance,100,
B,B_Sky_W1_N3_far__STL,CP_Steel,STL,T_Steel_Color.png;T_Steel_Normal.png;T_Steel_Roughness.png;T_Steel_Metalness.png,SurfaceAppearance,88,
B,B_Sky_W1_N3_far__TEC,CP_TechPanel,TEC,T_TechPanel_Color.png;T_TechPanel_Normal.png;T_TechPanel_Roughness.png;T_TechPanel_Metalness.png,SurfaceAppearance,16,
B,B_Sky_W1_N3_far__TWN,CP_TowerNight,TWN,T_TowerNight_Color.png;T_TowerNight_Normal.png;T_TowerNight_Roughness.png;T_TowerNight_Metalness.png,SurfaceAppearance,260,
B,B_Sky_W1_N3_far__WIN_COL,CP_WIN_COL,WIN_COL,F_WIN_COL.png (swatch only),"Material=Neon, Color=140,195,255 (CyberpunkConfig.NeonColors)",312,
B,B_Sky_W1_N3_far__WIN_PNK,CP_WIN_PNK,WIN_PNK,F_WIN_PNK.png (swatch only),"Material=Neon, Color=255,120,200 (CyberpunkConfig.NeonColors)",146,
B,B_Sky_W1_N3_far__WIN_WRM,CP_WIN_WRM,WIN_WRM,F_WIN_WRM.png (swatch only),"Material=Neon, Color=255,190,125 (CyberpunkConfig.NeonColors)",306,
B,B_Sky_W1_N3_near__MEC,CP_Mechanical,MEC,T_Mechanical_Color.png;T_Mechanical_Normal.png;T_Mechanical_Roughness.png;T_Mechanical_Metalness.png,SurfaceAppearance,70,
B,B_Sky_W1_N3_near__NEON_CYN,CP_NEON_CYN,NEON_CYN,F_NEON_CYN.png (swatch only),"Material=Neon, Color=0,230,255 (CyberpunkConfig.NeonColors)",220,
B,B_Sky_W1_N3_near__NEON_RED,CP_NEON_RED,NEON_RED,F_NEON_RED.png (swatch only),"Material=Neon, Color=255,32,45 (CyberpunkConfig.NeonColors)",36,
B,B_Sky_W1_N3_near__NEON_VIO,CP_NEON_VIO,NEON_VIO,F_NEON_VIO.png (swatch only),"Material=Neon, Color=150,45,255 (CyberpunkConfig.NeonColors)",280,
B,B_Sky_W1_N3_near__PNL,CP_PanelMetal,PNL,T_PanelMetal_Color.png;T_PanelMetal_Normal.png;T_PanelMetal_Roughness.png;T_PanelMetal_Metalness.png,SurfaceAppearance,62,
B,B_Sky_W1_N3_near__ROF,CP_RoofDeck,ROF,T_RoofDeck_Color.png;T_RoofDeck_Normal.png;T_RoofDeck_Roughness.png;T_RoofDeck_Metalness.png,SurfaceAppearance,74,
B,B_Sky_W1_N3_near__STL,CP_Steel,STL,T_Steel_Color.png;T_Steel_Normal.png;T_Steel_Roughness.png;T_Steel_Metalness.png,SurfaceAppearance,112,
B,B_Sky_W1_N3_near__TWN,CP_TowerNight,TWN,T_TowerNight_Color.png;T_TowerNight_Normal.png;T_TowerNight_Roughness.png;T_TowerNight_Metalness.png,SurfaceAppearance,188,
B,B_Sky_W1_N3_near__WIN_COL,CP_WIN_COL,WIN_COL,F_WIN_COL.png (swatch only),"Material=Neon, Color=140,195,255 (CyberpunkConfig.NeonColors)",144,
B,B_Sky_W1_N3_near__WIN_PNK,CP_WIN_PNK,WIN_PNK,F_WIN_PNK.png (swatch only),"Material=Neon, Color=255,120,200 (CyberpunkConfig.NeonColors)",70,
B,B_Sky_W1_N3_near__WIN_VIO,CP_WIN_VIO,WIN_VIO,F_WIN_VIO.png (swatch only),"Material=Neon, Color=170,130,255 (CyberpunkConfig.NeonColors)",78,
B,B_Sky_W1_N3_near__WIN_WRM,CP_WIN_WRM,WIN_WRM,F_WIN_WRM.png (swatch only),"Material=Neon, Color=255,190,125 (CyberpunkConfig.NeonColors)",176,
B,B_Sky_W1_N4_far__MEC,CP_Mechanical,MEC,T_Mechanical_Color.png;T_Mechanical_Normal.png;T_Mechanical_Roughness.png;T_Mechanical_Metalness.png,SurfaceAppearance,20,
B,B_Sky_W1_N4_far__NEON_RED,CP_NEON_RED,NEON_RED,F_NEON_RED.png (swatch only),"Material=Neon, Color=255,32,45 (CyberpunkConfig.NeonColors)",12,
B,B_Sky_W1_N4_far__ROF,CP_RoofDeck,ROF,T_RoofDeck_Color.png;T_RoofDeck_Normal.png;T_RoofDeck_Roughness.png;T_RoofDeck_Metalness.png,SurfaceAppearance,18,
B,B_Sky_W1_N4_far__STL,CP_Steel,STL,T_Steel_Color.png;T_Steel_Normal.png;T_Steel_Roughness.png;T_Steel_Metalness.png,SurfaceAppearance,16,
B,B_Sky_W1_N4_far__TWN,CP_TowerNight,TWN,T_TowerNight_Color.png;T_TowerNight_Normal.png;T_TowerNight_Roughness.png;T_TowerNight_Metalness.png,SurfaceAppearance,48,
B,B_Sky_W1_N4_far__WIN_COL,CP_WIN_COL,WIN_COL,F_WIN_COL.png (swatch only),"Material=Neon, Color=140,195,255 (CyberpunkConfig.NeonColors)",6,
B,B_Sky_W1_N4_far__WIN_WRM,CP_WIN_WRM,WIN_WRM,F_WIN_WRM.png (swatch only),"Material=Neon, Color=255,190,125 (CyberpunkConfig.NeonColors)",50,
B,B_Sky_W1_S2_near__GLS,CP_GlassCurtain,GLS,T_GlassCurtain_Color.png;T_GlassCurtain_Normal.png;T_GlassCurtain_Roughness.png;T_GlassCurtain_Metalness.png,SurfaceAppearance (Color/Normal/Roughness/Metalness),24,
B,B_Sky_W1_S2_near__MEC,CP_Mechanical,MEC,T_Mechanical_Color.png;T_Mechanical_Normal.png;T_Mechanical_Roughness.png;T_Mechanical_Metalness.png,SurfaceAppearance,150,
B,B_Sky_W1_S2_near__NEON_BLU,CP_NEON_BLU,NEON_BLU,F_NEON_BLU.png (swatch only),"Material=Neon, Color=30,95,255 (CyberpunkConfig.NeonColors)",184,
B,B_Sky_W1_S2_near__NEON_CYN,CP_NEON_CYN,NEON_CYN,F_NEON_CYN.png (swatch only),"Material=Neon, Color=0,230,255 (CyberpunkConfig.NeonColors)",360,
B,B_Sky_W1_S2_near__NEON_RED,CP_NEON_RED,NEON_RED,F_NEON_RED.png (swatch only),"Material=Neon, Color=255,32,45 (CyberpunkConfig.NeonColors)",48,
B,B_Sky_W1_S2_near__PNL,CP_PanelMetal,PNL,T_PanelMetal_Color.png;T_PanelMetal_Normal.png;T_PanelMetal_Roughness.png;T_PanelMetal_Metalness.png,SurfaceAppearance,62,
B,B_Sky_W1_S2_near__ROF,CP_RoofDeck,ROF,T_RoofDeck_Color.png;T_RoofDeck_Normal.png;T_RoofDeck_Roughness.png;T_RoofDeck_Metalness.png,SurfaceAppearance,102,
B,B_Sky_W1_S2_near__STL,CP_Steel,STL,T_Steel_Color.png;T_Steel_Normal.png;T_Steel_Roughness.png;T_Steel_Metalness.png,SurfaceAppearance,136,
B,B_Sky_W1_S2_near__TWN,CP_TowerNight,TWN,T_TowerNight_Color.png;T_TowerNight_Normal.png;T_TowerNight_Roughness.png;T_TowerNight_Metalness.png,SurfaceAppearance,284,
B,B_Sky_W1_S2_near__WIN_COL,CP_WIN_COL,WIN_COL,F_WIN_COL.png (swatch only),"Material=Neon, Color=140,195,255 (CyberpunkConfig.NeonColors)",322,
B,B_Sky_W1_S2_near__WIN_PNK,CP_WIN_PNK,WIN_PNK,F_WIN_PNK.png (swatch only),"Material=Neon, Color=255,120,200 (CyberpunkConfig.NeonColors)",42,
B,B_Sky_W1_S2_near__WIN_VIO,CP_WIN_VIO,WIN_VIO,F_WIN_VIO.png (swatch only),"Material=Neon, Color=170,130,255 (CyberpunkConfig.NeonColors)",126,
B,B_Sky_W1_S2_near__WIN_WRM,CP_WIN_WRM,WIN_WRM,F_WIN_WRM.png (swatch only),"Material=Neon, Color=255,190,125 (CyberpunkConfig.NeonColors)",296,
B,B_Sky_W1_S3_far__GLS,CP_GlassCurtain,GLS,T_GlassCurtain_Color.png;T_GlassCurtain_Normal.png;T_GlassCurtain_Roughness.png;T_GlassCurtain_Metalness.png,SurfaceAppearance (Color/Normal/Roughness/Metalness),24,
B,B_Sky_W1_S3_far__MEC,CP_Mechanical,MEC,T_Mechanical_Color.png;T_Mechanical_Normal.png;T_Mechanical_Roughness.png;T_Mechanical_Metalness.png,SurfaceAppearance,100,
B,B_Sky_W1_S3_far__NEON_RED,CP_NEON_RED,NEON_RED,F_NEON_RED.png (swatch only),"Material=Neon, Color=255,32,45 (CyberpunkConfig.NeonColors)",60,
B,B_Sky_W1_S3_far__ROF,CP_RoofDeck,ROF,T_RoofDeck_Color.png;T_RoofDeck_Normal.png;T_RoofDeck_Roughness.png;T_RoofDeck_Metalness.png,SurfaceAppearance,86,
B,B_Sky_W1_S3_far__STL,CP_Steel,STL,T_Steel_Color.png;T_Steel_Normal.png;T_Steel_Roughness.png;T_Steel_Metalness.png,SurfaceAppearance,64,
B,B_Sky_W1_S3_far__TEC,CP_TechPanel,TEC,T_TechPanel_Color.png;T_TechPanel_Normal.png;T_TechPanel_Roughness.png;T_TechPanel_Metalness.png,SurfaceAppearance,16,
B,B_Sky_W1_S3_far__TWN,CP_TowerNight,TWN,T_TowerNight_Color.png;T_TowerNight_Normal.png;T_TowerNight_Roughness.png;T_TowerNight_Metalness.png,SurfaceAppearance,256,
B,B_Sky_W1_S3_far__WIN_COL,CP_WIN_COL,WIN_COL,F_WIN_COL.png (swatch only),"Material=Neon, Color=140,195,255 (CyberpunkConfig.NeonColors)",214,
B,B_Sky_W1_S3_far__WIN_PNK,CP_WIN_PNK,WIN_PNK,F_WIN_PNK.png (swatch only),"Material=Neon, Color=255,120,200 (CyberpunkConfig.NeonColors)",162,
B,B_Sky_W1_S3_far__WIN_VIO,CP_WIN_VIO,WIN_VIO,F_WIN_VIO.png (swatch only),"Material=Neon, Color=170,130,255 (CyberpunkConfig.NeonColors)",112,
B,B_Sky_W1_S3_far__WIN_WRM,CP_WIN_WRM,WIN_WRM,F_WIN_WRM.png (swatch only),"Material=Neon, Color=255,190,125 (CyberpunkConfig.NeonColors)",386,
B,B_Sky_W1_S3_near__GLS,CP_GlassCurtain,GLS,T_GlassCurtain_Color.png;T_GlassCurtain_Normal.png;T_GlassCurtain_Roughness.png;T_GlassCurtain_Metalness.png,SurfaceAppearance (Color/Normal/Roughness/Metalness),24,
B,B_Sky_W1_S3_near__MEC,CP_Mechanical,MEC,T_Mechanical_Color.png;T_Mechanical_Normal.png;T_Mechanical_Roughness.png;T_Mechanical_Metalness.png,SurfaceAppearance,20,
B,B_Sky_W1_S3_near__NEON_CYN,CP_NEON_CYN,NEON_CYN,F_NEON_CYN.png (swatch only),"Material=Neon, Color=0,230,255 (CyberpunkConfig.NeonColors)",240,
B,B_Sky_W1_S3_near__PNL,CP_PanelMetal,PNL,T_PanelMetal_Color.png;T_PanelMetal_Normal.png;T_PanelMetal_Roughness.png;T_PanelMetal_Metalness.png,SurfaceAppearance,24,
B,B_Sky_W1_S3_near__ROF,CP_RoofDeck,ROF,T_RoofDeck_Color.png;T_RoofDeck_Normal.png;T_RoofDeck_Roughness.png;T_RoofDeck_Metalness.png,SurfaceAppearance,24,
B,B_Sky_W1_S3_near__TWN,CP_TowerNight,TWN,T_TowerNight_Color.png;T_TowerNight_Normal.png;T_TowerNight_Roughness.png;T_TowerNight_Metalness.png,SurfaceAppearance,72,
B,B_Sky_W1_S3_near__WIN_COL,CP_WIN_COL,WIN_COL,F_WIN_COL.png (swatch only),"Material=Neon, Color=140,195,255 (CyberpunkConfig.NeonColors)",94,
B,B_Sky_W1_S3_near__WIN_VIO,CP_WIN_VIO,WIN_VIO,F_WIN_VIO.png (swatch only),"Material=Neon, Color=170,130,255 (CyberpunkConfig.NeonColors)",226,
B,B_Sky_W1_S3_near__WIN_WRM,CP_WIN_WRM,WIN_WRM,F_WIN_WRM.png (swatch only),"Material=Neon, Color=255,190,125 (CyberpunkConfig.NeonColors)",80,
B,B_Sky_W1_S4_far__MEC,CP_Mechanical,MEC,T_Mechanical_Color.png;T_Mechanical_Normal.png;T_Mechanical_Roughness.png;T_Mechanical_Metalness.png,SurfaceAppearance,30,
B,B_Sky_W1_S4_far__PNL,CP_PanelMetal,PNL,T_PanelMetal_Color.png;T_PanelMetal_Normal.png;T_PanelMetal_Roughness.png;T_PanelMetal_Metalness.png,SurfaceAppearance,12,
B,B_Sky_W1_S4_far__ROF,CP_RoofDeck,ROF,T_RoofDeck_Color.png;T_RoofDeck_Normal.png;T_RoofDeck_Roughness.png;T_RoofDeck_Metalness.png,SurfaceAppearance,8,
B,B_Sky_W1_S4_far__STL,CP_Steel,STL,T_Steel_Color.png;T_Steel_Normal.png;T_Steel_Roughness.png;T_Steel_Metalness.png,SurfaceAppearance,24,
B,B_Sky_W1_S4_far__TWN,CP_TowerNight,TWN,T_TowerNight_Color.png;T_TowerNight_Normal.png;T_TowerNight_Roughness.png;T_TowerNight_Metalness.png,SurfaceAppearance,12,
B,B_Sky_W1_S4_far__WIN_PNK,CP_WIN_PNK,WIN_PNK,F_WIN_PNK.png (swatch only),"Material=Neon, Color=255,120,200 (CyberpunkConfig.NeonColors)",6,
B,B_Sky_W1_S4_far__WIN_WRM,CP_WIN_WRM,WIN_WRM,F_WIN_WRM.png (swatch only),"Material=Neon, Color=255,190,125 (CyberpunkConfig.NeonColors)",60,
B,B_Sky_W2_N0_near__GLS,CP_GlassCurtain,GLS,T_GlassCurtain_Color.png;T_GlassCurtain_Normal.png;T_GlassCurtain_Roughness.png;T_GlassCurtain_Metalness.png,SurfaceAppearance (Color/Normal/Roughness/Metalness),24,
B,B_Sky_W2_N0_near__MEC,CP_Mechanical,MEC,T_Mechanical_Color.png;T_Mechanical_Normal.png;T_Mechanical_Roughness.png;T_Mechanical_Metalness.png,SurfaceAppearance,100,
B,B_Sky_W2_N0_near__NEON_BLU,CP_NEON_BLU,NEON_BLU,F_NEON_BLU.png (swatch only),"Material=Neon, Color=30,95,255 (CyberpunkConfig.NeonColors)",240,
B,B_Sky_W2_N0_near__NEON_CYN,CP_NEON_CYN,NEON_CYN,F_NEON_CYN.png (swatch only),"Material=Neon, Color=0,230,255 (CyberpunkConfig.NeonColors)",200,
B,B_Sky_W2_N0_near__NEON_RED,CP_NEON_RED,NEON_RED,F_NEON_RED.png (swatch only),"Material=Neon, Color=255,32,45 (CyberpunkConfig.NeonColors)",76,
B,B_Sky_W2_N0_near__NEON_VIO,CP_NEON_VIO,NEON_VIO,F_NEON_VIO.png (swatch only),"Material=Neon, Color=150,45,255 (CyberpunkConfig.NeonColors)",40,
B,B_Sky_W2_N0_near__PNL,CP_PanelMetal,PNL,T_PanelMetal_Color.png;T_PanelMetal_Normal.png;T_PanelMetal_Roughness.png;T_PanelMetal_Metalness.png,SurfaceAppearance,22,
B,B_Sky_W2_N0_near__ROF,CP_RoofDeck,ROF,T_RoofDeck_Color.png;T_RoofDeck_Normal.png;T_RoofDeck_Roughness.png;T_RoofDeck_Metalness.png,SurfaceAppearance,80,
B,B_Sky_W2_N0_near__STL,CP_Steel,STL,T_Steel_Color.png;T_Steel_Normal.png;T_Steel_Roughness.png;T_Steel_Metalness.png,SurfaceAppearance,336,
B,B_Sky_W2_N0_near__TWN,CP_TowerNight,TWN,T_TowerNight_Color.png;T_TowerNight_Normal.png;T_TowerNight_Roughness.png;T_TowerNight_Metalness.png,SurfaceAppearance,236,
B,B_Sky_W2_N0_near__WIN_COL,CP_WIN_COL,WIN_COL,F_WIN_COL.png (swatch only),"Material=Neon, Color=140,195,255 (CyberpunkConfig.NeonColors)",616,
B,B_Sky_W2_N0_near__WIN_PNK,CP_WIN_PNK,WIN_PNK,F_WIN_PNK.png (swatch only),"Material=Neon, Color=255,120,200 (CyberpunkConfig.NeonColors)",140,
B,B_Sky_W2_N0_near__WIN_WRM,CP_WIN_WRM,WIN_WRM,F_WIN_WRM.png (swatch only),"Material=Neon, Color=255,190,125 (CyberpunkConfig.NeonColors)",134,
B,B_Sky_W2_N1_near__GLS,CP_GlassCurtain,GLS,T_GlassCurtain_Color.png;T_GlassCurtain_Normal.png;T_GlassCurtain_Roughness.png;T_GlassCurtain_Metalness.png,SurfaceAppearance (Color/Normal/Roughness/Metalness),48,
B,B_Sky_W2_N1_near__MEC,CP_Mechanical,MEC,T_Mechanical_Color.png;T_Mechanical_Normal.png;T_Mechanical_Roughness.png;T_Mechanical_Metalness.png,SurfaceAppearance,60,
B,B_Sky_W2_N1_near__NEON_BLU,CP_NEON_BLU,NEON_BLU,F_NEON_BLU.png (swatch only),"Material=Neon, Color=30,95,255 (CyberpunkConfig.NeonColors)",120,
B,B_Sky_W2_N1_near__NEON_CYN,CP_NEON_CYN,NEON_CYN,F_NEON_CYN.png (swatch only),"Material=Neon, Color=0,230,255 (CyberpunkConfig.NeonColors)",24,
B,B_Sky_W2_N1_near__NEON_MAG,CP_NEON_MAG,NEON_MAG,F_NEON_MAG.png (swatch only),"Material=Neon, Color=255,25,175 (CyberpunkConfig.NeonColors)",40,
B,B_Sky_W2_N1_near__NEON_RED,CP_NEON_RED,NEON_RED,F_NEON_RED.png (swatch only),"Material=Neon, Color=255,32,45 (CyberpunkConfig.NeonColors)",36,
B,B_Sky_W2_N1_near__PNL,CP_PanelMetal,PNL,T_PanelMetal_Color.png;T_PanelMetal_Normal.png;T_PanelMetal_Roughness.png;T_PanelMetal_Metalness.png,SurfaceAppearance,4,
B,B_Sky_W2_N1_near__ROF,CP_RoofDeck,ROF,T_RoofDeck_Color.png;T_RoofDeck_Normal.png;T_RoofDeck_Roughness.png;T_RoofDeck_Metalness.png,SurfaceAppearance,72,
B,B_Sky_W2_N1_near__STL,CP_Steel,STL,T_Steel_Color.png;T_Steel_Normal.png;T_Steel_Roughness.png;T_Steel_Metalness.png,SurfaceAppearance,156,
B,B_Sky_W2_N1_near__TEC,CP_TechPanel,TEC,T_TechPanel_Color.png;T_TechPanel_Normal.png;T_TechPanel_Roughness.png;T_TechPanel_Metalness.png,SurfaceAppearance,8,
B,B_Sky_W2_N1_near__TWN,CP_TowerNight,TWN,T_TowerNight_Color.png;T_TowerNight_Normal.png;T_TowerNight_Roughness.png;T_TowerNight_Metalness.png,SurfaceAppearance,192,
B,B_Sky_W2_N1_near__WIN_COL,CP_WIN_COL,WIN_COL,F_WIN_COL.png (swatch only),"Material=Neon, Color=140,195,255 (CyberpunkConfig.NeonColors)",170,
B,B_Sky_W2_N1_near__WIN_VIO,CP_WIN_VIO,WIN_VIO,F_WIN_VIO.png (swatch only),"Material=Neon, Color=170,130,255 (CyberpunkConfig.NeonColors)",248,
B,B_Sky_W2_N1_near__WIN_WRM,CP_WIN_WRM,WIN_WRM,F_WIN_WRM.png (swatch only),"Material=Neon, Color=255,190,125 (CyberpunkConfig.NeonColors)",404,
B,B_Sky_W2_N2_near__GLS,CP_GlassCurtain,GLS,T_GlassCurtain_Color.png;T_GlassCurtain_Normal.png;T_GlassCurtain_Roughness.png;T_GlassCurtain_Metalness.png,SurfaceAppearance (Color/Normal/Roughness/Metalness),24,
B,B_Sky_W2_N2_near__MEC,CP_Mechanical,MEC,T_Mechanical_Color.png;T_Mechanical_Normal.png;T_Mechanical_Roughness.png;T_Mechanical_Metalness.png,SurfaceAppearance,110,
B,B_Sky_W2_N2_near__NEON_BLU,CP_NEON_BLU,NEON_BLU,F_NEON_BLU.png (swatch only),"Material=Neon, Color=30,95,255 (CyberpunkConfig.NeonColors)",160,
B,B_Sky_W2_N2_near__NEON_CYN,CP_NEON_CYN,NEON_CYN,F_NEON_CYN.png (swatch only),"Material=Neon, Color=0,230,255 (CyberpunkConfig.NeonColors)",400,
B,B_Sky_W2_N2_near__NEON_MAG,CP_NEON_MAG,NEON_MAG,F_NEON_MAG.png (swatch only),"Material=Neon, Color=255,25,175 (CyberpunkConfig.NeonColors)",160,
B,B_Sky_W2_N2_near__NEON_RED,CP_NEON_RED,NEON_RED,F_NEON_RED.png (swatch only),"Material=Neon, Color=255,32,45 (CyberpunkConfig.NeonColors)",388,
B,B_Sky_W2_N2_near__NEON_VIO,CP_NEON_VIO,NEON_VIO,F_NEON_VIO.png (swatch only),"Material=Neon, Color=150,45,255 (CyberpunkConfig.NeonColors)",160,
B,B_Sky_W2_N2_near__PNL,CP_PanelMetal,PNL,T_PanelMetal_Color.png;T_PanelMetal_Normal.png;T_PanelMetal_Roughness.png;T_PanelMetal_Metalness.png,SurfaceAppearance,178,
B,B_Sky_W2_N2_near__ROF,CP_RoofDeck,ROF,T_RoofDeck_Color.png;T_RoofDeck_Normal.png;T_RoofDeck_Roughness.png;T_RoofDeck_Metalness.png,SurfaceAppearance,156,
B,B_Sky_W2_N2_near__STL,CP_Steel,STL,T_Steel_Color.png;T_Steel_Normal.png;T_Steel_Roughness.png;T_Steel_Metalness.png,SurfaceAppearance,176,
B,B_Sky_W2_N2_near__TEC,CP_TechPanel,TEC,T_TechPanel_Color.png;T_TechPanel_Normal.png;T_TechPanel_Roughness.png;T_TechPanel_Metalness.png,SurfaceAppearance,16,
B,B_Sky_W2_N2_near__TWN,CP_TowerNight,TWN,T_TowerNight_Color.png;T_TowerNight_Normal.png;T_TowerNight_Roughness.png;T_TowerNight_Metalness.png,SurfaceAppearance,400,
B,B_Sky_W2_N2_near__WIN_COL,CP_WIN_COL,WIN_COL,F_WIN_COL.png (swatch only),"Material=Neon, Color=140,195,255 (CyberpunkConfig.NeonColors)",202,
B,B_Sky_W2_N2_near__WIN_PNK,CP_WIN_PNK,WIN_PNK,F_WIN_PNK.png (swatch only),"Material=Neon, Color=255,120,200 (CyberpunkConfig.NeonColors)",350,
B,B_Sky_W2_N2_near__WIN_VIO,CP_WIN_VIO,WIN_VIO,F_WIN_VIO.png (swatch only),"Material=Neon, Color=170,130,255 (CyberpunkConfig.NeonColors)",174,
B,B_Sky_W2_N2_near__WIN_WRM,CP_WIN_WRM,WIN_WRM,F_WIN_WRM.png (swatch only),"Material=Neon, Color=255,190,125 (CyberpunkConfig.NeonColors)",580,
B,B_Sky_W2_N3_far__MEC,CP_Mechanical,MEC,T_Mechanical_Color.png;T_Mechanical_Normal.png;T_Mechanical_Roughness.png;T_Mechanical_Metalness.png,SurfaceAppearance,90,
B,B_Sky_W2_N3_far__NEON_BLU,CP_NEON_BLU,NEON_BLU,F_NEON_BLU.png (swatch only),"Material=Neon, Color=30,95,255 (CyberpunkConfig.NeonColors)",240,
B,B_Sky_W2_N3_far__NEON_CYN,CP_NEON_CYN,NEON_CYN,F_NEON_CYN.png (swatch only),"Material=Neon, Color=0,230,255 (CyberpunkConfig.NeonColors)",40,
B,B_Sky_W2_N3_far__NEON_MAG,CP_NEON_MAG,NEON_MAG,F_NEON_MAG.png (swatch only),"Material=Neon, Color=255,25,175 (CyberpunkConfig.NeonColors)",40,
B,B_Sky_W2_N3_far__NEON_RED,CP_NEON_RED,NEON_RED,F_NEON_RED.png (swatch only),"Material=Neon, Color=255,32,45 (CyberpunkConfig.NeonColors)",336,
B,B_Sky_W2_N3_far__NEON_VIO,CP_NEON_VIO,NEON_VIO,F_NEON_VIO.png (swatch only),"Material=Neon, Color=150,45,255 (CyberpunkConfig.NeonColors)",260,
B,B_Sky_W2_N3_far__PNL,CP_PanelMetal,PNL,T_PanelMetal_Color.png;T_PanelMetal_Normal.png;T_PanelMetal_Roughness.png;T_PanelMetal_Metalness.png,SurfaceAppearance,72,
B,B_Sky_W2_N3_far__ROF,CP_RoofDeck,ROF,T_RoofDeck_Color.png;T_RoofDeck_Normal.png;T_RoofDeck_Roughness.png;T_RoofDeck_Metalness.png,SurfaceAppearance,146,
B,B_Sky_W2_N3_far__STL,CP_Steel,STL,T_Steel_Color.png;T_Steel_Normal.png;T_Steel_Roughness.png;T_Steel_Metalness.png,SurfaceAppearance,120,
B,B_Sky_W2_N3_far__TEC,CP_TechPanel,TEC,T_TechPanel_Color.png;T_TechPanel_Normal.png;T_TechPanel_Roughness.png;T_TechPanel_Metalness.png,SurfaceAppearance,16,
B,B_Sky_W2_N3_far__TWN,CP_TowerNight,TWN,T_TowerNight_Color.png;T_TowerNight_Normal.png;T_TowerNight_Roughness.png;T_TowerNight_Metalness.png,SurfaceAppearance,384,
B,B_Sky_W2_N3_far__WIN_COL,CP_WIN_COL,WIN_COL,F_WIN_COL.png (swatch only),"Material=Neon, Color=140,195,255 (CyberpunkConfig.NeonColors)",222,
B,B_Sky_W2_N3_far__WIN_PNK,CP_WIN_PNK,WIN_PNK,F_WIN_PNK.png (swatch only),"Material=Neon, Color=255,120,200 (CyberpunkConfig.NeonColors)",118,
B,B_Sky_W2_N3_far__WIN_WRM,CP_WIN_WRM,WIN_WRM,F_WIN_WRM.png (swatch only),"Material=Neon, Color=255,190,125 (CyberpunkConfig.NeonColors)",384,
B,B_Sky_W2_N3_near__GLS,CP_GlassCurtain,GLS,T_GlassCurtain_Color.png;T_GlassCurtain_Normal.png;T_GlassCurtain_Roughness.png;T_GlassCurtain_Metalness.png,SurfaceAppearance (Color/Normal/Roughness/Metalness),72,
B,B_Sky_W2_N3_near__MEC,CP_Mechanical,MEC,T_Mechanical_Color.png;T_Mechanical_Normal.png;T_Mechanical_Roughness.png;T_Mechanical_Metalness.png,SurfaceAppearance,20,
B,B_Sky_W2_N3_near__NEON_RED,CP_NEON_RED,NEON_RED,F_NEON_RED.png (swatch only),"Material=Neon, Color=255,32,45 (CyberpunkConfig.NeonColors)",24,
B,B_Sky_W2_N3_near__ROF,CP_RoofDeck,ROF,T_RoofDeck_Color.png;T_RoofDeck_Normal.png;T_RoofDeck_Roughness.png;T_RoofDeck_Metalness.png,SurfaceAppearance,14,
B,B_Sky_W2_N3_near__STL,CP_Steel,STL,T_Steel_Color.png;T_Steel_Normal.png;T_Steel_Roughness.png;T_Steel_Metalness.png,SurfaceAppearance,16,
B,B_Sky_W2_N3_near__TWN,CP_TowerNight,TWN,T_TowerNight_Color.png;T_TowerNight_Normal.png;T_TowerNight_Roughness.png;T_TowerNight_Metalness.png,SurfaceAppearance,56,
B,B_Sky_W2_N3_near__WIN_COL,CP_WIN_COL,WIN_COL,F_WIN_COL.png (swatch only),"Material=Neon, Color=140,195,255 (CyberpunkConfig.NeonColors)",288,
B,B_Sky_W2_N3_near__WIN_PNK,CP_WIN_PNK,WIN_PNK,F_WIN_PNK.png (swatch only),"Material=Neon, Color=255,120,200 (CyberpunkConfig.NeonColors)",236,
B,B_Sky_W2_N3_near__WIN_WRM,CP_WIN_WRM,WIN_WRM,F_WIN_WRM.png (swatch only),"Material=Neon, Color=255,190,125 (CyberpunkConfig.NeonColors)",214,
B,B_Sky_W2_S1_near__GLS,CP_GlassCurtain,GLS,T_GlassCurtain_Color.png;T_GlassCurtain_Normal.png;T_GlassCurtain_Roughness.png;T_GlassCurtain_Metalness.png,SurfaceAppearance (Color/Normal/Roughness/Metalness),24,
B,B_Sky_W2_S1_near__MEC,CP_Mechanical,MEC,T_Mechanical_Color.png;T_Mechanical_Normal.png;T_Mechanical_Roughness.png;T_Mechanical_Metalness.png,SurfaceAppearance,110,
B,B_Sky_W2_S1_near__NEON_BLU,CP_NEON_BLU,NEON_BLU,F_NEON_BLU.png (swatch only),"Material=Neon, Color=30,95,255 (CyberpunkConfig.NeonColors)",40,
B,B_Sky_W2_S1_near__NEON_CYN,CP_NEON_CYN,NEON_CYN,F_NEON_CYN.png (swatch only),"Material=Neon, Color=0,230,255 (CyberpunkConfig.NeonColors)",400,
B,B_Sky_W2_S1_near__NEON_MAG,CP_NEON_MAG,NEON_MAG,F_NEON_MAG.png (swatch only),"Material=Neon, Color=255,25,175 (CyberpunkConfig.NeonColors)",40,
B,B_Sky_W2_S1_near__NEON_RED,CP_NEON_RED,NEON_RED,F_NEON_RED.png (swatch only),"Material=Neon, Color=255,32,45 (CyberpunkConfig.NeonColors)",60,
B,B_Sky_W2_S1_near__NEON_VIO,CP_NEON_VIO,NEON_VIO,F_NEON_VIO.png (swatch only),"Material=Neon, Color=150,45,255 (CyberpunkConfig.NeonColors)",200,
B,B_Sky_W2_S1_near__PNL,CP_PanelMetal,PNL,T_PanelMetal_Color.png;T_PanelMetal_Normal.png;T_PanelMetal_Roughness.png;T_PanelMetal_Metalness.png,SurfaceAppearance,2,
B,B_Sky_W2_S1_near__ROF,CP_RoofDeck,ROF,T_RoofDeck_Color.png;T_RoofDeck_Normal.png;T_RoofDeck_Roughness.png;T_RoofDeck_Metalness.png,SurfaceAppearance,84,
B,B_Sky_W2_S1_near__STL,CP_Steel,STL,T_Steel_Color.png;T_Steel_Normal.png;T_Steel_Roughness.png;T_Steel_Metalness.png,SurfaceAppearance,108,
B,B_Sky_W2_S1_near__TEC,CP_TechPanel,TEC,T_TechPanel_Color.png;T_TechPanel_Normal.png;T_TechPanel_Roughness.png;T_TechPanel_Metalness.png,SurfaceAppearance,8,
B,B_Sky_W2_S1_near__TWN,CP_TowerNight,TWN,T_TowerNight_Color.png;T_TowerNight_Normal.png;T_TowerNight_Roughness.png;T_TowerNight_Metalness.png,SurfaceAppearance,328,
B,B_Sky_W2_S1_near__WIN_COL,CP_WIN_COL,WIN_COL,F_WIN_COL.png (swatch only),"Material=Neon, Color=140,195,255 (CyberpunkConfig.NeonColors)",104,
B,B_Sky_W2_S1_near__WIN_WRM,CP_WIN_WRM,WIN_WRM,F_WIN_WRM.png (swatch only),"Material=Neon, Color=255,190,125 (CyberpunkConfig.NeonColors)",418,
B,B_Sky_W2_S2_near__GLS,CP_GlassCurtain,GLS,T_GlassCurtain_Color.png;T_GlassCurtain_Normal.png;T_GlassCurtain_Roughness.png;T_GlassCurtain_Metalness.png,SurfaceAppearance (Color/Normal/Roughness/Metalness),48,
B,B_Sky_W2_S2_near__MEC,CP_Mechanical,MEC,T_Mechanical_Color.png;T_Mechanical_Normal.png;T_Mechanical_Roughness.png;T_Mechanical_Metalness.png,SurfaceAppearance,140,
B,B_Sky_W2_S2_near__NEON_BLU,CP_NEON_BLU,NEON_BLU,F_NEON_BLU.png (swatch only),"Material=Neon, Color=30,95,255 (CyberpunkConfig.NeonColors)",380,
B,B_Sky_W2_S2_near__NEON_CYN,CP_NEON_CYN,NEON_CYN,F_NEON_CYN.png (swatch only),"Material=Neon, Color=0,230,255 (CyberpunkConfig.NeonColors)",240,
B,B_Sky_W2_S2_near__NEON_RED,CP_NEON_RED,NEON_RED,F_NEON_RED.png (swatch only),"Material=Neon, Color=255,32,45 (CyberpunkConfig.NeonColors)",132,
B,B_Sky_W2_S2_near__NEON_VIO,CP_NEON_VIO,NEON_VIO,F_NEON_VIO.png (swatch only),"Material=Neon, Color=150,45,255 (CyberpunkConfig.NeonColors)",40,
B,B_Sky_W2_S2_near__PNL,CP_PanelMetal,PNL,T_PanelMetal_Color.png;T_PanelMetal_Normal.png;T_PanelMetal_Roughness.png;T_PanelMetal_Metalness.png,SurfaceAppearance,60,
B,B_Sky_W2_S2_near__ROF,CP_RoofDeck,ROF,T_RoofDeck_Color.png;T_RoofDeck_Normal.png;T_RoofDeck_Roughness.png;T_RoofDeck_Metalness.png,SurfaceAppearance,168,
B,B_Sky_W2_S2_near__STL,CP_Steel,STL,T_Steel_Color.png;T_Steel_Normal.png;T_Steel_Roughness.png;T_Steel_Metalness.png,SurfaceAppearance,240,
B,B_Sky_W2_S2_near__TWN,CP_TowerNight,TWN,T_TowerNight_Color.png;T_TowerNight_Normal.png;T_TowerNight_Roughness.png;T_TowerNight_Metalness.png,SurfaceAppearance,440,
B,B_Sky_W2_S2_near__WIN_COL,CP_WIN_COL,WIN_COL,F_WIN_COL.png (swatch only),"Material=Neon, Color=140,195,255 (CyberpunkConfig.NeonColors)",194,
B,B_Sky_W2_S2_near__WIN_PNK,CP_WIN_PNK,WIN_PNK,F_WIN_PNK.png (swatch only),"Material=Neon, Color=255,120,200 (CyberpunkConfig.NeonColors)",426,
B,B_Sky_W2_S2_near__WIN_VIO,CP_WIN_VIO,WIN_VIO,F_WIN_VIO.png (swatch only),"Material=Neon, Color=170,130,255 (CyberpunkConfig.NeonColors)",228,
B,B_Sky_W2_S2_near__WIN_WRM,CP_WIN_WRM,WIN_WRM,F_WIN_WRM.png (swatch only),"Material=Neon, Color=255,190,125 (CyberpunkConfig.NeonColors)",498,
B,B_Sky_W2_S3_far__GLS,CP_GlassCurtain,GLS,T_GlassCurtain_Color.png;T_GlassCurtain_Normal.png;T_GlassCurtain_Roughness.png;T_GlassCurtain_Metalness.png,SurfaceAppearance (Color/Normal/Roughness/Metalness),48,
B,B_Sky_W2_S3_far__MEC,CP_Mechanical,MEC,T_Mechanical_Color.png;T_Mechanical_Normal.png;T_Mechanical_Roughness.png;T_Mechanical_Metalness.png,SurfaceAppearance,170,
B,B_Sky_W2_S3_far__NEON_BLU,CP_NEON_BLU,NEON_BLU,F_NEON_BLU.png (swatch only),"Material=Neon, Color=30,95,255 (CyberpunkConfig.NeonColors)",80,
B,B_Sky_W2_S3_far__NEON_CYN,CP_NEON_CYN,NEON_CYN,F_NEON_CYN.png (swatch only),"Material=Neon, Color=0,230,255 (CyberpunkConfig.NeonColors)",160,
B,B_Sky_W2_S3_far__NEON_MAG,CP_NEON_MAG,NEON_MAG,F_NEON_MAG.png (swatch only),"Material=Neon, Color=255,25,175 (CyberpunkConfig.NeonColors)",240,
B,B_Sky_W2_S3_far__NEON_RED,CP_NEON_RED,NEON_RED,F_NEON_RED.png (swatch only),"Material=Neon, Color=255,32,45 (CyberpunkConfig.NeonColors)",72,
B,B_Sky_W2_S3_far__PNL,CP_PanelMetal,PNL,T_PanelMetal_Color.png;T_PanelMetal_Normal.png;T_PanelMetal_Roughness.png;T_PanelMetal_Metalness.png,SurfaceAppearance,36,
B,B_Sky_W2_S3_far__ROF,CP_RoofDeck,ROF,T_RoofDeck_Color.png;T_RoofDeck_Normal.png;T_RoofDeck_Roughness.png;T_RoofDeck_Metalness.png,SurfaceAppearance,208,
B,B_Sky_W2_S3_far__STL,CP_Steel,STL,T_Steel_Color.png;T_Steel_Normal.png;T_Steel_Roughness.png;T_Steel_Metalness.png,SurfaceAppearance,104,
B,B_Sky_W2_S3_far__TWN,CP_TowerNight,TWN,T_TowerNight_Color.png;T_TowerNight_Normal.png;T_TowerNight_Roughness.png;T_TowerNight_Metalness.png,SurfaceAppearance,572,
B,B_Sky_W2_S3_far__WIN_COL,CP_WIN_COL,WIN_COL,F_WIN_COL.png (swatch only),"Material=Neon, Color=140,195,255 (CyberpunkConfig.NeonColors)",238,
B,B_Sky_W2_S3_far__WIN_PNK,CP_WIN_PNK,WIN_PNK,F_WIN_PNK.png (swatch only),"Material=Neon, Color=255,120,200 (CyberpunkConfig.NeonColors)",38,
B,B_Sky_W2_S3_far__WIN_VIO,CP_WIN_VIO,WIN_VIO,F_WIN_VIO.png (swatch only),"Material=Neon, Color=170,130,255 (CyberpunkConfig.NeonColors)",352,
B,B_Sky_W2_S3_far__WIN_WRM,CP_WIN_WRM,WIN_WRM,F_WIN_WRM.png (swatch only),"Material=Neon, Color=255,190,125 (CyberpunkConfig.NeonColors)",848,
B,B_Sky_W2_S3_near__GLS,CP_GlassCurtain,GLS,T_GlassCurtain_Color.png;T_GlassCurtain_Normal.png;T_GlassCurtain_Roughness.png;T_GlassCurtain_Metalness.png,SurfaceAppearance (Color/Normal/Roughness/Metalness),24,
B,B_Sky_W2_S3_near__MEC,CP_Mechanical,MEC,T_Mechanical_Color.png;T_Mechanical_Normal.png;T_Mechanical_Roughness.png;T_Mechanical_Metalness.png,SurfaceAppearance,40,
B,B_Sky_W2_S3_near__NEON_RED,CP_NEON_RED,NEON_RED,F_NEON_RED.png (swatch only),"Material=Neon, Color=255,32,45 (CyberpunkConfig.NeonColors)",24,
B,B_Sky_W2_S3_near__ROF,CP_RoofDeck,ROF,T_RoofDeck_Color.png;T_RoofDeck_Normal.png;T_RoofDeck_Roughness.png;T_RoofDeck_Metalness.png,SurfaceAppearance,40,
B,B_Sky_W2_S3_near__STL,CP_Steel,STL,T_Steel_Color.png;T_Steel_Normal.png;T_Steel_Roughness.png;T_Steel_Metalness.png,SurfaceAppearance,16,
B,B_Sky_W2_S3_near__TWN,CP_TowerNight,TWN,T_TowerNight_Color.png;T_TowerNight_Normal.png;T_TowerNight_Roughness.png;T_TowerNight_Metalness.png,SurfaceAppearance,112,
B,B_Sky_W2_S3_near__WIN_VIO,CP_WIN_VIO,WIN_VIO,F_WIN_VIO.png (swatch only),"Material=Neon, Color=170,130,255 (CyberpunkConfig.NeonColors)",80,
B,B_Sky_W2_S3_near__WIN_WRM,CP_WIN_WRM,WIN_WRM,F_WIN_WRM.png (swatch only),"Material=Neon, Color=255,190,125 (CyberpunkConfig.NeonColors)",466,
B,B_Sky_W3_N0_far__MEC,CP_Mechanical,MEC,T_Mechanical_Color.png;T_Mechanical_Normal.png;T_Mechanical_Roughness.png;T_Mechanical_Metalness.png,SurfaceAppearance,80,
B,B_Sky_W3_N0_far__NEON_RED,CP_NEON_RED,NEON_RED,F_NEON_RED.png (swatch only),"Material=Neon, Color=255,32,45 (CyberpunkConfig.NeonColors)",24,
B,B_Sky_W3_N0_far__NEON_VIO,CP_NEON_VIO,NEON_VIO,F_NEON_VIO.png (swatch only),"Material=Neon, Color=150,45,255 (CyberpunkConfig.NeonColors)",240,
B,B_Sky_W3_N0_far__PNL,CP_PanelMetal,PNL,T_PanelMetal_Color.png;T_PanelMetal_Normal.png;T_PanelMetal_Roughness.png;T_PanelMetal_Metalness.png,SurfaceAppearance,24,
B,B_Sky_W3_N0_far__ROF,CP_RoofDeck,ROF,T_RoofDeck_Color.png;T_RoofDeck_Normal.png;T_RoofDeck_Roughness.png;T_RoofDeck_Metalness.png,SurfaceAppearance,94,
B,B_Sky_W3_N0_far__STL,CP_Steel,STL,T_Steel_Color.png;T_Steel_Normal.png;T_Steel_Roughness.png;T_Steel_Metalness.png,SurfaceAppearance,24,
B,B_Sky_W3_N0_far__TWN,CP_TowerNight,TWN,T_TowerNight_Color.png;T_TowerNight_Normal.png;T_TowerNight_Roughness.png;T_TowerNight_Metalness.png,SurfaceAppearance,272,
B,B_Sky_W3_N0_far__WIN_COL,CP_WIN_COL,WIN_COL,F_WIN_COL.png (swatch only),"Material=Neon, Color=140,195,255 (CyberpunkConfig.NeonColors)",68,
B,B_Sky_W3_N0_far__WIN_VIO,CP_WIN_VIO,WIN_VIO,F_WIN_VIO.png (swatch only),"Material=Neon, Color=170,130,255 (CyberpunkConfig.NeonColors)",204,
B,B_Sky_W3_N0_far__WIN_WRM,CP_WIN_WRM,WIN_WRM,F_WIN_WRM.png (swatch only),"Material=Neon, Color=255,190,125 (CyberpunkConfig.NeonColors)",292,
B,B_Sky_W3_N0_near__MEC,CP_Mechanical,MEC,T_Mechanical_Color.png;T_Mechanical_Normal.png;T_Mechanical_Roughness.png;T_Mechanical_Metalness.png,SurfaceAppearance,40,
B,B_Sky_W3_N0_near__NEON_CYN,CP_NEON_CYN,NEON_CYN,F_NEON_CYN.png (swatch only),"Material=Neon, Color=0,230,255 (CyberpunkConfig.NeonColors)",160,
B,B_Sky_W3_N0_near__NEON_RED,CP_NEON_RED,NEON_RED,F_NEON_RED.png (swatch only),"Material=Neon, Color=255,32,45 (CyberpunkConfig.NeonColors)",24,
B,B_Sky_W3_N0_near__NEON_VIO,CP_NEON_VIO,NEON_VIO,F_NEON_VIO.png (swatch only),"Material=Neon, Color=150,45,255 (CyberpunkConfig.NeonColors)",80,
B,B_Sky_W3_N0_near__PNL,CP_PanelMetal,PNL,T_PanelMetal_Color.png;T_PanelMetal_Normal.png;T_PanelMetal_Roughness.png;T_PanelMetal_Metalness.png,SurfaceAppearance,32,
B,B_Sky_W3_N0_near__ROF,CP_RoofDeck,ROF,T_RoofDeck_Color.png;T_RoofDeck_Normal.png;T_RoofDeck_Roughness.png;T_RoofDeck_Metalness.png,SurfaceAppearance,48,
B,B_Sky_W3_N0_near__STL,CP_Steel,STL,T_Steel_Color.png;T_Steel_Normal.png;T_Steel_Roughness.png;T_Steel_Metalness.png,SurfaceAppearance,24,
B,B_Sky_W3_N0_near__TWN,CP_TowerNight,TWN,T_TowerNight_Color.png;T_TowerNight_Normal.png;T_TowerNight_Roughness.png;T_TowerNight_Metalness.png,SurfaceAppearance,120,
B,B_Sky_W3_N0_near__WIN_COL,CP_WIN_COL,WIN_COL,F_WIN_COL.png (swatch only),"Material=Neon, Color=140,195,255 (CyberpunkConfig.NeonColors)",184,
B,B_Sky_W3_N0_near__WIN_WRM,CP_WIN_WRM,WIN_WRM,F_WIN_WRM.png (swatch only),"Material=Neon, Color=255,190,125 (CyberpunkConfig.NeonColors)",574,
B,B_Sky_W3_N1_far__GLS,CP_GlassCurtain,GLS,T_GlassCurtain_Color.png;T_GlassCurtain_Normal.png;T_GlassCurtain_Roughness.png;T_GlassCurtain_Metalness.png,SurfaceAppearance (Color/Normal/Roughness/Metalness),24,
B,B_Sky_W3_N1_far__MEC,CP_Mechanical,MEC,T_Mechanical_Color.png;T_Mechanical_Normal.png;T_Mechanical_Roughness.png;T_Mechanical_Metalness.png,SurfaceAppearance,130,
B,B_Sky_W3_N1_far__NEON_MAG,CP_NEON_MAG,NEON_MAG,F_NEON_MAG.png (swatch only),"Material=Neon, Color=255,25,175 (CyberpunkConfig.NeonColors)",160,
B,B_Sky_W3_N1_far__NEON_RED,CP_NEON_RED,NEON_RED,F_NEON_RED.png (swatch only),"Material=Neon, Color=255,32,45 (CyberpunkConfig.NeonColors)",48,
B,B_Sky_W3_N1_far__NEON_VIO,CP_NEON_VIO,NEON_VIO,F_NEON_VIO.png (swatch only),"Material=Neon, Color=150,45,255 (CyberpunkConfig.NeonColors)",20,
B,B_Sky_W3_N1_far__ROF,CP_RoofDeck,ROF,T_RoofDeck_Color.png;T_RoofDeck_Normal.png;T_RoofDeck_Roughness.png;T_RoofDeck_Metalness.png,SurfaceAppearance,98,
B,B_Sky_W3_N1_far__STL,CP_Steel,STL,T_Steel_Color.png;T_Steel_Normal.png;T_Steel_Roughness.png;T_Steel_Metalness.png,SurfaceAppearance,40,
B,B_Sky_W3_N1_far__TWN,CP_TowerNight,TWN,T_TowerNight_Color.png;T_TowerNight_Normal.png;T_TowerNight_Roughness.png;T_TowerNight_Metalness.png,SurfaceAppearance,288,
B,B_Sky_W3_N1_far__WIN_COL,CP_WIN_COL,WIN_COL,F_WIN_COL.png (swatch only),"Material=Neon, Color=140,195,255 (CyberpunkConfig.NeonColors)",490,
B,B_Sky_W3_N1_far__WIN_PNK,CP_WIN_PNK,WIN_PNK,F_WIN_PNK.png (swatch only),"Material=Neon, Color=255,120,200 (CyberpunkConfig.NeonColors)",42,
B,B_Sky_W3_N1_far__WIN_WRM,CP_WIN_WRM,WIN_WRM,F_WIN_WRM.png (swatch only),"Material=Neon, Color=255,190,125 (CyberpunkConfig.NeonColors)",434,
B,B_Sky_W3_N1_near__NEON_CYN,CP_NEON_CYN,NEON_CYN,F_NEON_CYN.png (swatch only),"Material=Neon, Color=0,230,255 (CyberpunkConfig.NeonColors)",40,
B,B_Sky_W3_N1_near__NEON_MAG,CP_NEON_MAG,NEON_MAG,F_NEON_MAG.png (swatch only),"Material=Neon, Color=255,25,175 (CyberpunkConfig.NeonColors)",160,
B,B_Sky_W3_N1_near__NEON_RED,CP_NEON_RED,NEON_RED,F_NEON_RED.png (swatch only),"Material=Neon, Color=255,32,45 (CyberpunkConfig.NeonColors)",24,
B,B_Sky_W3_N1_near__NEON_VIO,CP_NEON_VIO,NEON_VIO,F_NEON_VIO.png (swatch only),"Material=Neon, Color=150,45,255 (CyberpunkConfig.NeonColors)",160,
B,B_Sky_W3_N1_near__PNL,CP_PanelMetal,PNL,T_PanelMetal_Color.png;T_PanelMetal_Normal.png;T_PanelMetal_Roughness.png;T_PanelMetal_Metalness.png,SurfaceAppearance,26,
B,B_Sky_W3_N1_near__ROF,CP_RoofDeck,ROF,T_RoofDeck_Color.png;T_RoofDeck_Normal.png;T_RoofDeck_Roughness.png;T_RoofDeck_Metalness.png,SurfaceAppearance,60,
B,B_Sky_W3_N1_near__STL,CP_Steel,STL,T_Steel_Color.png;T_Steel_Normal.png;T_Steel_Roughness.png;T_Steel_Metalness.png,SurfaceAppearance,88,
B,B_Sky_W3_N1_near__TWN,CP_TowerNight,TWN,T_TowerNight_Color.png;T_TowerNight_Normal.png;T_TowerNight_Roughness.png;T_TowerNight_Metalness.png,SurfaceAppearance,160,
B,B_Sky_W3_N1_near__WIN_COL,CP_WIN_COL,WIN_COL,F_WIN_COL.png (swatch only),"Material=Neon, Color=140,195,255 (CyberpunkConfig.NeonColors)",108,
B,B_Sky_W3_N1_near__WIN_VIO,CP_WIN_VIO,WIN_VIO,F_WIN_VIO.png (swatch only),"Material=Neon, Color=170,130,255 (CyberpunkConfig.NeonColors)",60,
B,B_Sky_W3_N1_near__WIN_WRM,CP_WIN_WRM,WIN_WRM,F_WIN_WRM.png (swatch only),"Material=Neon, Color=255,190,125 (CyberpunkConfig.NeonColors)",174,
B,B_Sky_W3_N2_far__GLS,CP_GlassCurtain,GLS,T_GlassCurtain_Color.png;T_GlassCurtain_Normal.png;T_GlassCurtain_Roughness.png;T_GlassCurtain_Metalness.png,SurfaceAppearance (Color/Normal/Roughness/Metalness),24,
B,B_Sky_W3_N2_far__MEC,CP_Mechanical,MEC,T_Mechanical_Color.png;T_Mechanical_Normal.png;T_Mechanical_Roughness.png;T_Mechanical_Metalness.png,SurfaceAppearance,150,
B,B_Sky_W3_N2_far__NEON_CYN,CP_NEON_CYN,NEON_CYN,F_NEON_CYN.png (swatch only),"Material=Neon, Color=0,230,255 (CyberpunkConfig.NeonColors)",140,
B,B_Sky_W3_N2_far__NEON_MAG,CP_NEON_MAG,NEON_MAG,F_NEON_MAG.png (swatch only),"Material=Neon, Color=255,25,175 (CyberpunkConfig.NeonColors)",240,
B,B_Sky_W3_N2_far__NEON_RED,CP_NEON_RED,NEON_RED,F_NEON_RED.png (swatch only),"Material=Neon, Color=255,32,45 (CyberpunkConfig.NeonColors)",72,
B,B_Sky_W3_N2_far__NEON_VIO,CP_NEON_VIO,NEON_VIO,F_NEON_VIO.png (swatch only),"Material=Neon, Color=150,45,255 (CyberpunkConfig.NeonColors)",184,
B,B_Sky_W3_N2_far__PNL,CP_PanelMetal,PNL,T_PanelMetal_Color.png;T_PanelMetal_Normal.png;T_PanelMetal_Roughness.png;T_PanelMetal_Metalness.png,SurfaceAppearance,84,
B,B_Sky_W3_N2_far__ROF,CP_RoofDeck,ROF,T_RoofDeck_Color.png;T_RoofDeck_Normal.png;T_RoofDeck_Roughness.png;T_RoofDeck_Metalness.png,SurfaceAppearance,100,
B,B_Sky_W3_N2_far__STL,CP_Steel,STL,T_Steel_Color.png;T_Steel_Normal.png;T_Steel_Roughness.png;T_Steel_Metalness.png,SurfaceAppearance,136,
B,B_Sky_W3_N2_far__TWN,CP_TowerNight,TWN,T_TowerNight_Color.png;T_TowerNight_Normal.png;T_TowerNight_Roughness.png;T_TowerNight_Metalness.png,SurfaceAppearance,244,
B,B_Sky_W3_N2_far__WIN_COL,CP_WIN_COL,WIN_COL,F_WIN_COL.png (swatch only),"Material=Neon, Color=140,195,255 (CyberpunkConfig.NeonColors)",252,
B,B_Sky_W3_N2_far__WIN_VIO,CP_WIN_VIO,WIN_VIO,F_WIN_VIO.png (swatch only),"Material=Neon, Color=170,130,255 (CyberpunkConfig.NeonColors)",130,
B,B_Sky_W3_N2_far__WIN_WRM,CP_WIN_WRM,WIN_WRM,F_WIN_WRM.png (swatch only),"Material=Neon, Color=255,190,125 (CyberpunkConfig.NeonColors)",334,
B,B_Sky_W3_N2_near__MEC,CP_Mechanical,MEC,T_Mechanical_Color.png;T_Mechanical_Normal.png;T_Mechanical_Roughness.png;T_Mechanical_Metalness.png,SurfaceAppearance,50,
B,B_Sky_W3_N2_near__NEON_BLU,CP_NEON_BLU,NEON_BLU,F_NEON_BLU.png (swatch only),"Material=Neon, Color=30,95,255 (CyberpunkConfig.NeonColors)",40,
B,B_Sky_W3_N2_near__NEON_RED,CP_NEON_RED,NEON_RED,F_NEON_RED.png (swatch only),"Material=Neon, Color=255,32,45 (CyberpunkConfig.NeonColors)",76,
B,B_Sky_W3_N2_near__NEON_VIO,CP_NEON_VIO,NEON_VIO,F_NEON_VIO.png (swatch only),"Material=Neon, Color=150,45,255 (CyberpunkConfig.NeonColors)",80,
B,B_Sky_W3_N2_near__PNL,CP_PanelMetal,PNL,T_PanelMetal_Color.png;T_PanelMetal_Normal.png;T_PanelMetal_Roughness.png;T_PanelMetal_Metalness.png,SurfaceAppearance,16,
B,B_Sky_W3_N2_near__ROF,CP_RoofDeck,ROF,T_RoofDeck_Color.png;T_RoofDeck_Normal.png;T_RoofDeck_Roughness.png;T_RoofDeck_Metalness.png,SurfaceAppearance,28,
B,B_Sky_W3_N2_near__STL,CP_Steel,STL,T_Steel_Color.png;T_Steel_Normal.png;T_Steel_Roughness.png;T_Steel_Metalness.png,SurfaceAppearance,160,
B,B_Sky_W3_N2_near__TWN,CP_TowerNight,TWN,T_TowerNight_Color.png;T_TowerNight_Normal.png;T_TowerNight_Roughness.png;T_TowerNight_Metalness.png,SurfaceAppearance,68,
B,B_Sky_W3_N2_near__WIN_COL,CP_WIN_COL,WIN_COL,F_WIN_COL.png (swatch only),"Material=Neon, Color=140,195,255 (CyberpunkConfig.NeonColors)",208,
B,B_Sky_W3_N2_near__WIN_VIO,CP_WIN_VIO,WIN_VIO,F_WIN_VIO.png (swatch only),"Material=Neon, Color=170,130,255 (CyberpunkConfig.NeonColors)",250,
B,B_Sky_W3_N3_far__GLS,CP_GlassCurtain,GLS,T_GlassCurtain_Color.png;T_GlassCurtain_Normal.png;T_GlassCurtain_Roughness.png;T_GlassCurtain_Metalness.png,SurfaceAppearance (Color/Normal/Roughness/Metalness),24,
B,B_Sky_W3_N3_far__MEC,CP_Mechanical,MEC,T_Mechanical_Color.png;T_Mechanical_Normal.png;T_Mechanical_Roughness.png;T_Mechanical_Metalness.png,SurfaceAppearance,90,
B,B_Sky_W3_N3_far__NEON_MAG,CP_NEON_MAG,NEON_MAG,F_NEON_MAG.png (swatch only),"Material=Neon, Color=255,25,175 (CyberpunkConfig.NeonColors)",20,
B,B_Sky_W3_N3_far__NEON_RED,CP_NEON_RED,NEON_RED,F_NEON_RED.png (swatch only),"Material=Neon, Color=255,32,45 (CyberpunkConfig.NeonColors)",60,
B,B_Sky_W3_N3_far__NEON_VIO,CP_NEON_VIO,NEON_VIO,F_NEON_VIO.png (swatch only),"Material=Neon, Color=150,45,255 (CyberpunkConfig.NeonColors)",200,
B,B_Sky_W3_N3_far__PNL,CP_PanelMetal,PNL,T_PanelMetal_Color.png;T_PanelMetal_Normal.png;T_PanelMetal_Roughness.png;T_PanelMetal_Metalness.png,SurfaceAppearance,24,
B,B_Sky_W3_N3_far__ROF,CP_RoofDeck,ROF,T_RoofDeck_Color.png;T_RoofDeck_Normal.png;T_RoofDeck_Roughness.png;T_RoofDeck_Metalness.png,SurfaceAppearance,82,
B,B_Sky_W3_N3_far__STL,CP_Steel,STL,T_Steel_Color.png;T_Steel_Normal.png;T_Steel_Roughness.png;T_Steel_Metalness.png,SurfaceAppearance,48,
B,B_Sky_W3_N3_far__TWN,CP_TowerNight,TWN,T_TowerNight_Color.png;T_TowerNight_Normal.png;T_TowerNight_Roughness.png;T_TowerNight_Metalness.png,SurfaceAppearance,256,
B,B_Sky_W3_N3_far__WIN_COL,CP_WIN_COL,WIN_COL,F_WIN_COL.png (swatch only),"Material=Neon, Color=140,195,255 (CyberpunkConfig.NeonColors)",176,
B,B_Sky_W3_N3_far__WIN_PNK,CP_WIN_PNK,WIN_PNK,F_WIN_PNK.png (swatch only),"Material=Neon, Color=255,120,200 (CyberpunkConfig.NeonColors)",38,
B,B_Sky_W3_N3_far__WIN_VIO,CP_WIN_VIO,WIN_VIO,F_WIN_VIO.png (swatch only),"Material=Neon, Color=170,130,255 (CyberpunkConfig.NeonColors)",88,
B,B_Sky_W3_N3_far__WIN_WRM,CP_WIN_WRM,WIN_WRM,F_WIN_WRM.png (swatch only),"Material=Neon, Color=255,190,125 (CyberpunkConfig.NeonColors)",260,
B,B_Sky_W3_N4_far__MEC,CP_Mechanical,MEC,T_Mechanical_Color.png;T_Mechanical_Normal.png;T_Mechanical_Roughness.png;T_Mechanical_Metalness.png,SurfaceAppearance,10,
B,B_Sky_W3_N4_far__NEON_RED,CP_NEON_RED,NEON_RED,F_NEON_RED.png (swatch only),"Material=Neon, Color=255,32,45 (CyberpunkConfig.NeonColors)",12,
B,B_Sky_W3_N4_far__ROF,CP_RoofDeck,ROF,T_RoofDeck_Color.png;T_RoofDeck_Normal.png;T_RoofDeck_Roughness.png;T_RoofDeck_Metalness.png,SurfaceAppearance,2,
B,B_Sky_W3_N4_far__STL,CP_Steel,STL,T_Steel_Color.png;T_Steel_Normal.png;T_Steel_Roughness.png;T_Steel_Metalness.png,SurfaceAppearance,8,
B,B_Sky_W3_N4_far__TWN,CP_TowerNight,TWN,T_TowerNight_Color.png;T_TowerNight_Normal.png;T_TowerNight_Roughness.png;T_TowerNight_Metalness.png,SurfaceAppearance,8,
B,B_Sky_W3_N4_far__WIN_COL,CP_WIN_COL,WIN_COL,F_WIN_COL.png (swatch only),"Material=Neon, Color=140,195,255 (CyberpunkConfig.NeonColors)",20,
B,B_Sky_W3_N4_far__WIN_WRM,CP_WIN_WRM,WIN_WRM,F_WIN_WRM.png (swatch only),"Material=Neon, Color=255,190,125 (CyberpunkConfig.NeonColors)",94,
B,B_Sky_W3_S1_far__MEC,CP_Mechanical,MEC,T_Mechanical_Color.png;T_Mechanical_Normal.png;T_Mechanical_Roughness.png;T_Mechanical_Metalness.png,SurfaceAppearance,70,
B,B_Sky_W3_S1_far__NEON_BLU,CP_NEON_BLU,NEON_BLU,F_NEON_BLU.png (swatch only),"Material=Neon, Color=30,95,255 (CyberpunkConfig.NeonColors)",80,
B,B_Sky_W3_S1_far__NEON_CYN,CP_NEON_CYN,NEON_CYN,F_NEON_CYN.png (swatch only),"Material=Neon, Color=0,230,255 (CyberpunkConfig.NeonColors)",220,
B,B_Sky_W3_S1_far__NEON_MAG,CP_NEON_MAG,NEON_MAG,F_NEON_MAG.png (swatch only),"Material=Neon, Color=255,25,175 (CyberpunkConfig.NeonColors)",20,
B,B_Sky_W3_S1_far__NEON_RED,CP_NEON_RED,NEON_RED,F_NEON_RED.png (swatch only),"Material=Neon, Color=255,32,45 (CyberpunkConfig.NeonColors)",48,
B,B_Sky_W3_S1_far__PNL,CP_PanelMetal,PNL,T_PanelMetal_Color.png;T_PanelMetal_Normal.png;T_PanelMetal_Roughness.png;T_PanelMetal_Metalness.png,SurfaceAppearance,48,
B,B_Sky_W3_S1_far__ROF,CP_RoofDeck,ROF,T_RoofDeck_Color.png;T_RoofDeck_Normal.png;T_RoofDeck_Roughness.png;T_RoofDeck_Metalness.png,SurfaceAppearance,66,
B,B_Sky_W3_S1_far__STL,CP_Steel,STL,T_Steel_Color.png;T_Steel_Normal.png;T_Steel_Roughness.png;T_Steel_Metalness.png,SurfaceAppearance,124,
B,B_Sky_W3_S1_far__TEC,CP_TechPanel,TEC,T_TechPanel_Color.png;T_TechPanel_Normal.png;T_TechPanel_Roughness.png;T_TechPanel_Metalness.png,SurfaceAppearance,24,
B,B_Sky_W3_S1_far__TWN,CP_TowerNight,TWN,T_TowerNight_Color.png;T_TowerNight_Normal.png;T_TowerNight_Roughness.png;T_TowerNight_Metalness.png,SurfaceAppearance,152,
B,B_Sky_W3_S1_far__WIN_COL,CP_WIN_COL,WIN_COL,F_WIN_COL.png (swatch only),"Material=Neon, Color=140,195,255 (CyberpunkConfig.NeonColors)",320,
B,B_Sky_W3_S1_far__WIN_WRM,CP_WIN_WRM,WIN_WRM,F_WIN_WRM.png (swatch only),"Material=Neon, Color=255,190,125 (CyberpunkConfig.NeonColors)",342,
B,B_Sky_W3_S1_near__GLS,CP_GlassCurtain,GLS,T_GlassCurtain_Color.png;T_GlassCurtain_Normal.png;T_GlassCurtain_Roughness.png;T_GlassCurtain_Metalness.png,SurfaceAppearance (Color/Normal/Roughness/Metalness),24,
B,B_Sky_W3_S1_near__NEON_CYN,CP_NEON_CYN,NEON_CYN,F_NEON_CYN.png (swatch only),"Material=Neon, Color=0,230,255 (CyberpunkConfig.NeonColors)",80,
B,B_Sky_W3_S1_near__NEON_MAG,CP_NEON_MAG,NEON_MAG,F_NEON_MAG.png (swatch only),"Material=Neon, Color=255,25,175 (CyberpunkConfig.NeonColors)",24,
B,B_Sky_W3_S1_near__NEON_RED,CP_NEON_RED,NEON_RED,F_NEON_RED.png (swatch only),"Material=Neon, Color=255,32,45 (CyberpunkConfig.NeonColors)",24,
B,B_Sky_W3_S1_near__NEON_VIO,CP_NEON_VIO,NEON_VIO,F_NEON_VIO.png (swatch only),"Material=Neon, Color=150,45,255 (CyberpunkConfig.NeonColors)",40,
B,B_Sky_W3_S1_near__PNL,CP_PanelMetal,PNL,T_PanelMetal_Color.png;T_PanelMetal_Normal.png;T_PanelMetal_Roughness.png;T_PanelMetal_Metalness.png,SurfaceAppearance,2,
B,B_Sky_W3_S1_near__ROF,CP_RoofDeck,ROF,T_RoofDeck_Color.png;T_RoofDeck_Normal.png;T_RoofDeck_Roughness.png;T_RoofDeck_Metalness.png,SurfaceAppearance,28,
B,B_Sky_W3_S1_near__STL,CP_Steel,STL,T_Steel_Color.png;T_Steel_Normal.png;T_Steel_Roughness.png;T_Steel_Metalness.png,SurfaceAppearance,84,
B,B_Sky_W3_S1_near__TEC,CP_TechPanel,TEC,T_TechPanel_Color.png;T_TechPanel_Normal.png;T_TechPanel_Roughness.png;T_TechPanel_Metalness.png,SurfaceAppearance,8,
B,B_Sky_W3_S1_near__TWN,CP_TowerNight,TWN,T_TowerNight_Color.png;T_TowerNight_Normal.png;T_TowerNight_Roughness.png;T_TowerNight_Metalness.png,SurfaceAppearance,104,
B,B_Sky_W3_S1_near__WIN_COL,CP_WIN_COL,WIN_COL,F_WIN_COL.png (swatch only),"Material=Neon, Color=140,195,255 (CyberpunkConfig.NeonColors)",100,
B,B_Sky_W3_S1_near__WIN_WRM,CP_WIN_WRM,WIN_WRM,F_WIN_WRM.png (swatch only),"Material=Neon, Color=255,190,125 (CyberpunkConfig.NeonColors)",228,
B,B_Sky_W3_S2_far__GLS,CP_GlassCurtain,GLS,T_GlassCurtain_Color.png;T_GlassCurtain_Normal.png;T_GlassCurtain_Roughness.png;T_GlassCurtain_Metalness.png,SurfaceAppearance (Color/Normal/Roughness/Metalness),24,
B,B_Sky_W3_S2_far__MEC,CP_Mechanical,MEC,T_Mechanical_Color.png;T_Mechanical_Normal.png;T_Mechanical_Roughness.png;T_Mechanical_Metalness.png,SurfaceAppearance,190,
B,B_Sky_W3_S2_far__NEON_BLU,CP_NEON_BLU,NEON_BLU,F_NEON_BLU.png (swatch only),"Material=Neon, Color=30,95,255 (CyberpunkConfig.NeonColors)",80,
B,B_Sky_W3_S2_far__NEON_CYN,CP_NEON_CYN,NEON_CYN,F_NEON_CYN.png (swatch only),"Material=Neon, Color=0,230,255 (CyberpunkConfig.NeonColors)",160,
B,B_Sky_W3_S2_far__NEON_MAG,CP_NEON_MAG,NEON_MAG,F_NEON_MAG.png (swatch only),"Material=Neon, Color=255,25,175 (CyberpunkConfig.NeonColors)",280,
B,B_Sky_W3_S2_far__NEON_RED,CP_NEON_RED,NEON_RED,F_NEON_RED.png (swatch only),"Material=Neon, Color=255,32,45 (CyberpunkConfig.NeonColors)",72,
B,B_Sky_W3_S2_far__NEON_VIO,CP_NEON_VIO,NEON_VIO,F_NEON_VIO.png (swatch only),"Material=Neon, Color=150,45,255 (CyberpunkConfig.NeonColors)",304,
B,B_Sky_W3_S2_far__PNL,CP_PanelMetal,PNL,T_PanelMetal_Color.png;T_PanelMetal_Normal.png;T_PanelMetal_Roughness.png;T_PanelMetal_Metalness.png,SurfaceAppearance,48,
B,B_Sky_W3_S2_far__ROF,CP_RoofDeck,ROF,T_RoofDeck_Color.png;T_RoofDeck_Normal.png;T_RoofDeck_Roughness.png;T_RoofDeck_Metalness.png,SurfaceAppearance,172,
B,B_Sky_W3_S2_far__STL,CP_Steel,STL,T_Steel_Color.png;T_Steel_Normal.png;T_Steel_Roughness.png;T_Steel_Metalness.png,SurfaceAppearance,96,
B,B_Sky_W3_S2_far__TEC,CP_TechPanel,TEC,T_TechPanel_Color.png;T_TechPanel_Normal.png;T_TechPanel_Roughness.png;T_TechPanel_Metalness.png,SurfaceAppearance,16,
B,B_Sky_W3_S2_far__TWN,CP_TowerNight,TWN,T_TowerNight_Color.png;T_TowerNight_Normal.png;T_TowerNight_Roughness.png;T_TowerNight_Metalness.png,SurfaceAppearance,496,
B,B_Sky_W3_S2_far__WIN_COL,CP_WIN_COL,WIN_COL,F_WIN_COL.png (swatch only),"Material=Neon, Color=140,195,255 (CyberpunkConfig.NeonColors)",142,
B,B_Sky_W3_S2_far__WIN_VIO,CP_WIN_VIO,WIN_VIO,F_WIN_VIO.png (swatch only),"Material=Neon, Color=170,130,255 (CyberpunkConfig.NeonColors)",262,
B,B_Sky_W3_S2_far__WIN_WRM,CP_WIN_WRM,WIN_WRM,F_WIN_WRM.png (swatch only),"Material=Neon, Color=255,190,125 (CyberpunkConfig.NeonColors)",624,
B,B_Sky_W3_S2_near__MEC,CP_Mechanical,MEC,T_Mechanical_Color.png;T_Mechanical_Normal.png;T_Mechanical_Roughness.png;T_Mechanical_Metalness.png,SurfaceAppearance,80,
B,B_Sky_W3_S2_near__NEON_RED,CP_NEON_RED,NEON_RED,F_NEON_RED.png (swatch only),"Material=Neon, Color=255,32,45 (CyberpunkConfig.NeonColors)",24,
B,B_Sky_W3_S2_near__PNL,CP_PanelMetal,PNL,T_PanelMetal_Color.png;T_PanelMetal_Normal.png;T_PanelMetal_Roughness.png;T_PanelMetal_Metalness.png,SurfaceAppearance,24,
B,B_Sky_W3_S2_near__ROF,CP_RoofDeck,ROF,T_RoofDeck_Color.png;T_RoofDeck_Normal.png;T_RoofDeck_Roughness.png;T_RoofDeck_Metalness.png,SurfaceAppearance,42,
B,B_Sky_W3_S2_near__STL,CP_Steel,STL,T_Steel_Color.png;T_Steel_Normal.png;T_Steel_Roughness.png;T_Steel_Metalness.png,SurfaceAppearance,72,
B,B_Sky_W3_S2_near__TWN,CP_TowerNight,TWN,T_TowerNight_Color.png;T_TowerNight_Normal.png;T_TowerNight_Roughness.png;T_TowerNight_Metalness.png,SurfaceAppearance,96,
B,B_Sky_W3_S2_near__WIN_COL,CP_WIN_COL,WIN_COL,F_WIN_COL.png (swatch only),"Material=Neon, Color=140,195,255 (CyberpunkConfig.NeonColors)",290,
B,B_Sky_W3_S2_near__WIN_VIO,CP_WIN_VIO,WIN_VIO,F_WIN_VIO.png (swatch only),"Material=Neon, Color=170,130,255 (CyberpunkConfig.NeonColors)",66,
B,B_Sky_W3_S2_near__WIN_WRM,CP_WIN_WRM,WIN_WRM,F_WIN_WRM.png (swatch only),"Material=Neon, Color=255,190,125 (CyberpunkConfig.NeonColors)",66,
B,B_Sky_W3_S3_far__GLS,CP_GlassCurtain,GLS,T_GlassCurtain_Color.png;T_GlassCurtain_Normal.png;T_GlassCurtain_Roughness.png;T_GlassCurtain_Metalness.png,SurfaceAppearance (Color/Normal/Roughness/Metalness),24,
B,B_Sky_W3_S3_far__MEC,CP_Mechanical,MEC,T_Mechanical_Color.png;T_Mechanical_Normal.png;T_Mechanical_Roughness.png;T_Mechanical_Metalness.png,SurfaceAppearance,100,
B,B_Sky_W3_S3_far__NEON_CYN,CP_NEON_CYN,NEON_CYN,F_NEON_CYN.png (swatch only),"Material=Neon, Color=0,230,255 (CyberpunkConfig.NeonColors)",60,
B,B_Sky_W3_S3_far__NEON_RED,CP_NEON_RED,NEON_RED,F_NEON_RED.png (swatch only),"Material=Neon, Color=255,32,45 (CyberpunkConfig.NeonColors)",72,
B,B_Sky_W3_S3_far__PNL,CP_PanelMetal,PNL,T_PanelMetal_Color.png;T_PanelMetal_Normal.png;T_PanelMetal_Roughness.png;T_PanelMetal_Metalness.png,SurfaceAppearance,136,
B,B_Sky_W3_S3_far__ROF,CP_RoofDeck,ROF,T_RoofDeck_Color.png;T_RoofDeck_Normal.png;T_RoofDeck_Roughness.png;T_RoofDeck_Metalness.png,SurfaceAppearance,116,
B,B_Sky_W3_S3_far__STL,CP_Steel,STL,T_Steel_Color.png;T_Steel_Normal.png;T_Steel_Roughness.png;T_Steel_Metalness.png,SurfaceAppearance,104,
B,B_Sky_W3_S3_far__TWN,CP_TowerNight,TWN,T_TowerNight_Color.png;T_TowerNight_Normal.png;T_TowerNight_Roughness.png;T_TowerNight_Metalness.png,SurfaceAppearance,336,
B,B_Sky_W3_S3_far__WIN_COL,CP_WIN_COL,WIN_COL,F_WIN_COL.png (swatch only),"Material=Neon, Color=140,195,255 (CyberpunkConfig.NeonColors)",254,
B,B_Sky_W3_S3_far__WIN_VIO,CP_WIN_VIO,WIN_VIO,F_WIN_VIO.png (swatch only),"Material=Neon, Color=170,130,255 (CyberpunkConfig.NeonColors)",76,
B,B_Sky_W3_S3_far__WIN_WRM,CP_WIN_WRM,WIN_WRM,F_WIN_WRM.png (swatch only),"Material=Neon, Color=255,190,125 (CyberpunkConfig.NeonColors)",410,
B,B_Sky_W3_S3_near__MEC,CP_Mechanical,MEC,T_Mechanical_Color.png;T_Mechanical_Normal.png;T_Mechanical_Roughness.png;T_Mechanical_Metalness.png,SurfaceAppearance,20,
B,B_Sky_W3_S3_near__ROF,CP_RoofDeck,ROF,T_RoofDeck_Color.png;T_RoofDeck_Normal.png;T_RoofDeck_Roughness.png;T_RoofDeck_Metalness.png,SurfaceAppearance,4,
B,B_Sky_W3_S3_near__STL,CP_Steel,STL,T_Steel_Color.png;T_Steel_Normal.png;T_Steel_Roughness.png;T_Steel_Metalness.png,SurfaceAppearance,12,
B,B_Sky_W3_S3_near__TEC,CP_TechPanel,TEC,T_TechPanel_Color.png;T_TechPanel_Normal.png;T_TechPanel_Roughness.png;T_TechPanel_Metalness.png,SurfaceAppearance,8,
B,B_Sky_W3_S3_near__TWN,CP_TowerNight,TWN,T_TowerNight_Color.png;T_TowerNight_Normal.png;T_TowerNight_Roughness.png;T_TowerNight_Metalness.png,SurfaceAppearance,8,
B,B_Sky_W3_S3_near__WIN_PNK,CP_WIN_PNK,WIN_PNK,F_WIN_PNK.png (swatch only),"Material=Neon, Color=255,120,200 (CyberpunkConfig.NeonColors)",106,
B,B_Sky_W3_S4_far__NEON_CYN,CP_NEON_CYN,NEON_CYN,F_NEON_CYN.png (swatch only),"Material=Neon, Color=0,230,255 (CyberpunkConfig.NeonColors)",160,
B,B_Sky_W3_S4_far__NEON_RED,CP_NEON_RED,NEON_RED,F_NEON_RED.png (swatch only),"Material=Neon, Color=255,32,45 (CyberpunkConfig.NeonColors)",12,
B,B_Sky_W3_S4_far__NEON_VIO,CP_NEON_VIO,NEON_VIO,F_NEON_VIO.png (swatch only),"Material=Neon, Color=150,45,255 (CyberpunkConfig.NeonColors)",160,
B,B_Sky_W3_S4_far__ROF,CP_RoofDeck,ROF,T_RoofDeck_Color.png;T_RoofDeck_Normal.png;T_RoofDeck_Roughness.png;T_RoofDeck_Metalness.png,SurfaceAppearance,24,
B,B_Sky_W3_S4_far__STL,CP_Steel,STL,T_Steel_Color.png;T_Steel_Normal.png;T_Steel_Roughness.png;T_Steel_Metalness.png,SurfaceAppearance,16,
B,B_Sky_W3_S4_far__TWN,CP_TowerNight,TWN,T_TowerNight_Color.png;T_TowerNight_Normal.png;T_TowerNight_Roughness.png;T_TowerNight_Metalness.png,SurfaceAppearance,64,
B,B_Sky_W3_S4_far__WIN_VIO,CP_WIN_VIO,WIN_VIO,F_WIN_VIO.png (swatch only),"Material=Neon, Color=170,130,255 (CyberpunkConfig.NeonColors)",2,
B,B_Sky_W3_S4_far__WIN_WRM,CP_WIN_WRM,WIN_WRM,F_WIN_WRM.png (swatch only),"Material=Neon, Color=255,190,125 (CyberpunkConfig.NeonColors)",42,
B,B_W_01_P01_VENT__MEC,CP_Mechanical,MEC,T_Mechanical_Color.png;T_Mechanical_Normal.png;T_Mechanical_Roughness.png;T_Mechanical_Metalness.png,SurfaceAppearance,44,PROTO_VENT__MEC
B,B_W_01_P02_DISH__MEC,CP_Mechanical,MEC,T_Mechanical_Color.png;T_Mechanical_Normal.png;T_Mechanical_Roughness.png;T_Mechanical_Metalness.png,SurfaceAppearance,22,PROTO_DISH__MEC
B,B_W_01_P03_HVAC_S__MEC,CP_Mechanical,MEC,T_Mechanical_Color.png;T_Mechanical_Normal.png;T_Mechanical_Roughness.png;T_Mechanical_Metalness.png,SurfaceAppearance,32,PROTO_HVAC_S__MEC
B,B_W_01_P04_HVAC_L__MEC,CP_Mechanical,MEC,T_Mechanical_Color.png;T_Mechanical_Normal.png;T_Mechanical_Roughness.png;T_Mechanical_Metalness.png,SurfaceAppearance,76,PROTO_HVAC_L__MEC
B,B_W_01__CON,CP_ConcreteDark,CON,T_ConcreteDark_Color.png;T_ConcreteDark_Normal.png;T_ConcreteDark_Roughness.png;T_ConcreteDark_Metalness.png,SurfaceAppearance,46,
B,B_W_01__NEON_CYN,CP_NEON_CYN,NEON_CYN,F_NEON_CYN.png (swatch only),"Material=Neon, Color=0,230,255 (CyberpunkConfig.NeonColors)",40,
B,B_W_01__NEON_RED,CP_NEON_RED,NEON_RED,F_NEON_RED.png (swatch only),"Material=Neon, Color=255,32,45 (CyberpunkConfig.NeonColors)",24,
B,B_W_01__NEON_WHT,CP_NEON_WHT,NEON_WHT,F_NEON_WHT.png (swatch only),"Material=Neon, Color=215,228,255 (CyberpunkConfig.NeonColors)",96,
B,B_W_01__PNL,CP_PanelMetal,PNL,T_PanelMetal_Color.png;T_PanelMetal_Normal.png;T_PanelMetal_Roughness.png;T_PanelMetal_Metalness.png,SurfaceAppearance,2,
B,B_W_01__ROF,CP_RoofDeck,ROF,T_RoofDeck_Color.png;T_RoofDeck_Normal.png;T_RoofDeck_Roughness.png;T_RoofDeck_Metalness.png,SurfaceAppearance,6,
B,B_W_01__STL,CP_Steel,STL,T_Steel_Color.png;T_Steel_Normal.png;T_Steel_Roughness.png;T_Steel_Metalness.png,SurfaceAppearance,608,
B,B_W_01__TEC,CP_TechPanel,TEC,T_TechPanel_Color.png;T_TechPanel_Normal.png;T_TechPanel_Roughness.png;T_TechPanel_Metalness.png,SurfaceAppearance,2,
B,B_W_01__TWN,CP_TowerNight,TWN,T_TowerNight_Color.png;T_TowerNight_Normal.png;T_TowerNight_Roughness.png;T_TowerNight_Metalness.png,SurfaceAppearance,14,
B,B_W_01__WIN_WRM,CP_WIN_WRM,WIN_WRM,F_WIN_WRM.png (swatch only),"Material=Neon, Color=255,190,125 (CyberpunkConfig.NeonColors)",370,
B,B_W_02_P01_COOL__MEC,CP_Mechanical,MEC,T_Mechanical_Color.png;T_Mechanical_Normal.png;T_Mechanical_Roughness.png;T_Mechanical_Metalness.png,SurfaceAppearance,66,PROTO_COOL__MEC
B,B_W_02_P02_STACK__MEC,CP_Mechanical,MEC,T_Mechanical_Color.png;T_Mechanical_Normal.png;T_Mechanical_Roughness.png;T_Mechanical_Metalness.png,SurfaceAppearance,128,PROTO_STACK__MEC
B,B_W_02_P03_STACK__MEC,CP_Mechanical,MEC,T_Mechanical_Color.png;T_Mechanical_Normal.png;T_Mechanical_Roughness.png;T_Mechanical_Metalness.png,SurfaceAppearance,128,PROTO_STACK__MEC
B,B_W_02_P04_STACK__MEC,CP_Mechanical,MEC,T_Mechanical_Color.png;T_Mechanical_Normal.png;T_Mechanical_Roughness.png;T_Mechanical_Metalness.png,SurfaceAppearance,128,PROTO_STACK__MEC
B,B_W_02_P05_FANBOX__MEC,CP_Mechanical,MEC,T_Mechanical_Color.png;T_Mechanical_Normal.png;T_Mechanical_Roughness.png;T_Mechanical_Metalness.png,SurfaceAppearance,50,PROTO_FANBOX__MEC
B,B_W_02_P06_HVAC_S__MEC,CP_Mechanical,MEC,T_Mechanical_Color.png;T_Mechanical_Normal.png;T_Mechanical_Roughness.png;T_Mechanical_Metalness.png,SurfaceAppearance,32,PROTO_HVAC_S__MEC
B,B_W_02_P07_VENT__MEC,CP_Mechanical,MEC,T_Mechanical_Color.png;T_Mechanical_Normal.png;T_Mechanical_Roughness.png;T_Mechanical_Metalness.png,SurfaceAppearance,44,PROTO_VENT__MEC
B,B_W_02_P08_VENT__MEC,CP_Mechanical,MEC,T_Mechanical_Color.png;T_Mechanical_Normal.png;T_Mechanical_Roughness.png;T_Mechanical_Metalness.png,SurfaceAppearance,44,PROTO_VENT__MEC
B,B_W_02__CON,CP_ConcreteDark,CON,T_ConcreteDark_Color.png;T_ConcreteDark_Normal.png;T_ConcreteDark_Roughness.png;T_ConcreteDark_Metalness.png,SurfaceAppearance,6,
B,B_W_02__MEC,CP_Mechanical,MEC,T_Mechanical_Color.png;T_Mechanical_Normal.png;T_Mechanical_Roughness.png;T_Mechanical_Metalness.png,SurfaceAppearance,10,
B,B_W_02__NEON_BLU,CP_NEON_BLU,NEON_BLU,F_NEON_BLU.png (swatch only),"Material=Neon, Color=30,95,255 (CyberpunkConfig.NeonColors)",10,
B,B_W_02__NEON_CYN,CP_NEON_CYN,NEON_CYN,F_NEON_CYN.png (swatch only),"Material=Neon, Color=0,230,255 (CyberpunkConfig.NeonColors)",10,
B,B_W_02__NEON_RED,CP_NEON_RED,NEON_RED,F_NEON_RED.png (swatch only),"Material=Neon, Color=255,32,45 (CyberpunkConfig.NeonColors)",24,
B,B_W_02__PNL,CP_PanelMetal,PNL,T_PanelMetal_Color.png;T_PanelMetal_Normal.png;T_PanelMetal_Roughness.png;T_PanelMetal_Metalness.png,SurfaceAppearance,8,
B,B_W_02__RIB,CP_GlassRibbon,RIB,T_GlassRibbon_Color.png;T_GlassRibbon_Normal.png;T_GlassRibbon_Roughness.png;T_GlassRibbon_Metalness.png,SurfaceAppearance,14,
B,B_W_02__ROF,CP_RoofDeck,ROF,T_RoofDeck_Color.png;T_RoofDeck_Normal.png;T_RoofDeck_Roughness.png;T_RoofDeck_Metalness.png,SurfaceAppearance,26,
B,B_W_02__STL,CP_Steel,STL,T_Steel_Color.png;T_Steel_Normal.png;T_Steel_Roughness.png;T_Steel_Metalness.png,SurfaceAppearance,424,
B,B_W_02__TEC,CP_TechPanel,TEC,T_TechPanel_Color.png;T_TechPanel_Normal.png;T_TechPanel_Roughness.png;T_TechPanel_Metalness.png,SurfaceAppearance,16,
B,B_W_02__TWN,CP_TowerNight,TWN,T_TowerNight_Color.png;T_TowerNight_Normal.png;T_TowerNight_Roughness.png;T_TowerNight_Metalness.png,SurfaceAppearance,26,
B,B_W_02__WIN_COL,CP_WIN_COL,WIN_COL,F_WIN_COL.png (swatch only),"Material=Neon, Color=140,195,255 (CyberpunkConfig.NeonColors)",290,
B,B_W_02__WIN_WRM,CP_WIN_WRM,WIN_WRM,F_WIN_WRM.png (swatch only),"Material=Neon, Color=255,190,125 (CyberpunkConfig.NeonColors)",46,
B,B_W_03_P01_STACK__MEC,CP_Mechanical,MEC,T_Mechanical_Color.png;T_Mechanical_Normal.png;T_Mechanical_Roughness.png;T_Mechanical_Metalness.png,SurfaceAppearance,128,PROTO_STACK__MEC
B,B_W_03_P02_COOL__MEC,CP_Mechanical,MEC,T_Mechanical_Color.png;T_Mechanical_Normal.png;T_Mechanical_Roughness.png;T_Mechanical_Metalness.png,SurfaceAppearance,66,PROTO_COOL__MEC
B,B_W_03_P03_HVAC_S__MEC,CP_Mechanical,MEC,T_Mechanical_Color.png;T_Mechanical_Normal.png;T_Mechanical_Roughness.png;T_Mechanical_Metalness.png,SurfaceAppearance,32,PROTO_HVAC_S__MEC
B,B_W_03_P04_VENT__MEC,CP_Mechanical,MEC,T_Mechanical_Color.png;T_Mechanical_Normal.png;T_Mechanical_Roughness.png;T_Mechanical_Metalness.png,SurfaceAppearance,44,PROTO_VENT__MEC
B,B_W_03_P05_VENT__MEC,CP_Mechanical,MEC,T_Mechanical_Color.png;T_Mechanical_Normal.png;T_Mechanical_Roughness.png;T_Mechanical_Metalness.png,SurfaceAppearance,44,PROTO_VENT__MEC
B,B_W_03__CON,CP_ConcreteDark,CON,T_ConcreteDark_Color.png;T_ConcreteDark_Normal.png;T_ConcreteDark_Roughness.png;T_ConcreteDark_Metalness.png,SurfaceAppearance,46,
B,B_W_03__MEC,CP_Mechanical,MEC,T_Mechanical_Color.png;T_Mechanical_Normal.png;T_Mechanical_Roughness.png;T_Mechanical_Metalness.png,SurfaceAppearance,24,
B,B_W_03__NEON_RED,CP_NEON_RED,NEON_RED,F_NEON_RED.png (swatch only),"Material=Neon, Color=255,32,45 (CyberpunkConfig.NeonColors)",12,
B,B_W_03__NEON_VIO,CP_NEON_VIO,NEON_VIO,F_NEON_VIO.png (swatch only),"Material=Neon, Color=150,45,255 (CyberpunkConfig.NeonColors)",10,
B,B_W_03__ROF,CP_RoofDeck,ROF,T_RoofDeck_Color.png;T_RoofDeck_Normal.png;T_RoofDeck_Roughness.png;T_RoofDeck_Metalness.png,SurfaceAppearance,6,
B,B_W_03__STL,CP_Steel,STL,T_Steel_Color.png;T_Steel_Normal.png;T_Steel_Roughness.png;T_Steel_Metalness.png,SurfaceAppearance,60,
B,B_W_03__TWN,CP_TowerNight,TWN,T_TowerNight_Color.png;T_TowerNight_Normal.png;T_TowerNight_Roughness.png;T_TowerNight_Metalness.png,SurfaceAppearance,16,
B,B_W_03__WIN_COL,CP_WIN_COL,WIN_COL,F_WIN_COL.png (swatch only),"Material=Neon, Color=140,195,255 (CyberpunkConfig.NeonColors)",258,
B,B_W_03__WIN_PNK,CP_WIN_PNK,WIN_PNK,F_WIN_PNK.png (swatch only),"Material=Neon, Color=255,120,200 (CyberpunkConfig.NeonColors)",58,
B,B_W_04_P01_FANBOX__MEC,CP_Mechanical,MEC,T_Mechanical_Color.png;T_Mechanical_Normal.png;T_Mechanical_Roughness.png;T_Mechanical_Metalness.png,SurfaceAppearance,50,PROTO_FANBOX__MEC
B,B_W_04_P02_VENT__MEC,CP_Mechanical,MEC,T_Mechanical_Color.png;T_Mechanical_Normal.png;T_Mechanical_Roughness.png;T_Mechanical_Metalness.png,SurfaceAppearance,44,PROTO_VENT__MEC
B,B_W_04_P03_FANBOX__MEC,CP_Mechanical,MEC,T_Mechanical_Color.png;T_Mechanical_Normal.png;T_Mechanical_Roughness.png;T_Mechanical_Metalness.png,SurfaceAppearance,50,PROTO_FANBOX__MEC
B,B_W_04_P04_VENT__MEC,CP_Mechanical,MEC,T_Mechanical_Color.png;T_Mechanical_Normal.png;T_Mechanical_Roughness.png;T_Mechanical_Metalness.png,SurfaceAppearance,44,PROTO_VENT__MEC
B,B_W_04__CON,CP_ConcreteDark,CON,T_ConcreteDark_Color.png;T_ConcreteDark_Normal.png;T_ConcreteDark_Roughness.png;T_ConcreteDark_Metalness.png,SurfaceAppearance,6,
B,B_W_04__MEC,CP_Mechanical,MEC,T_Mechanical_Color.png;T_Mechanical_Normal.png;T_Mechanical_Roughness.png;T_Mechanical_Metalness.png,SurfaceAppearance,24,
B,B_W_04__NEON_RED,CP_NEON_RED,NEON_RED,F_NEON_RED.png (swatch only),"Material=Neon, Color=255,32,45 (CyberpunkConfig.NeonColors)",12,
B,B_W_04__NEON_VIO,CP_NEON_VIO,NEON_VIO,F_NEON_VIO.png (swatch only),"Material=Neon, Color=150,45,255 (CyberpunkConfig.NeonColors)",66,
B,B_W_04__PNL,CP_PanelMetal,PNL,T_PanelMetal_Color.png;T_PanelMetal_Normal.png;T_PanelMetal_Roughness.png;T_PanelMetal_Metalness.png,SurfaceAppearance,8,
B,B_W_04__ROF,CP_RoofDeck,ROF,T_RoofDeck_Color.png;T_RoofDeck_Normal.png;T_RoofDeck_Roughness.png;T_RoofDeck_Metalness.png,SurfaceAppearance,4,
B,B_W_04__STL,CP_Steel,STL,T_Steel_Color.png;T_Steel_Normal.png;T_Steel_Roughness.png;T_Steel_Metalness.png,SurfaceAppearance,76,
B,B_W_04__TWN,CP_TowerNight,TWN,T_TowerNight_Color.png;T_TowerNight_Normal.png;T_TowerNight_Roughness.png;T_TowerNight_Metalness.png,SurfaceAppearance,8,
B,B_W_04__WIN_COL,CP_WIN_COL,WIN_COL,F_WIN_COL.png (swatch only),"Material=Neon, Color=140,195,255 (CyberpunkConfig.NeonColors)",280,
B,B_W_04__WIN_PNK,CP_WIN_PNK,WIN_PNK,F_WIN_PNK.png (swatch only),"Material=Neon, Color=255,120,200 (CyberpunkConfig.NeonColors)",52,
B,B_W_05_P01_VENT__MEC,CP_Mechanical,MEC,T_Mechanical_Color.png;T_Mechanical_Normal.png;T_Mechanical_Roughness.png;T_Mechanical_Metalness.png,SurfaceAppearance,44,PROTO_VENT__MEC
B,B_W_05_P02_HVAC_S__MEC,CP_Mechanical,MEC,T_Mechanical_Color.png;T_Mechanical_Normal.png;T_Mechanical_Roughness.png;T_Mechanical_Metalness.png,SurfaceAppearance,32,PROTO_HVAC_S__MEC
B,B_W_05_P03_HVAC_S__MEC,CP_Mechanical,MEC,T_Mechanical_Color.png;T_Mechanical_Normal.png;T_Mechanical_Roughness.png;T_Mechanical_Metalness.png,SurfaceAppearance,32,PROTO_HVAC_S__MEC
B,B_W_05_P04_DISH__MEC,CP_Mechanical,MEC,T_Mechanical_Color.png;T_Mechanical_Normal.png;T_Mechanical_Roughness.png;T_Mechanical_Metalness.png,SurfaceAppearance,22,PROTO_DISH__MEC
B,B_W_05__CON,CP_ConcreteDark,CON,T_ConcreteDark_Color.png;T_ConcreteDark_Normal.png;T_ConcreteDark_Roughness.png;T_ConcreteDark_Metalness.png,SurfaceAppearance,206,
B,B_W_05__NEON_RED,CP_NEON_RED,NEON_RED,F_NEON_RED.png (swatch only),"Material=Neon, Color=255,32,45 (CyberpunkConfig.NeonColors)",24,
B,B_W_05__NEON_WHT,CP_NEON_WHT,NEON_WHT,F_NEON_WHT.png (swatch only),"Material=Neon, Color=215,228,255 (CyberpunkConfig.NeonColors)",96,
B,B_W_05__PNL,CP_PanelMetal,PNL,T_PanelMetal_Color.png;T_PanelMetal_Normal.png;T_PanelMetal_Roughness.png;T_PanelMetal_Metalness.png,SurfaceAppearance,2,
B,B_W_05__ROF,CP_RoofDeck,ROF,T_RoofDeck_Color.png;T_RoofDeck_Normal.png;T_RoofDeck_Roughness.png;T_RoofDeck_Metalness.png,SurfaceAppearance,20,
B,B_W_05__STL,CP_Steel,STL,T_Steel_Color.png;T_Steel_Normal.png;T_Steel_Roughness.png;T_Steel_Metalness.png,SurfaceAppearance,660,
B,B_W_05__TEC,CP_TechPanel,TEC,T_TechPanel_Color.png;T_TechPanel_Normal.png;T_TechPanel_Roughness.png;T_TechPanel_Metalness.png,SurfaceAppearance,14,
B,B_W_05__TWN,CP_TowerNight,TWN,T_TowerNight_Color.png;T_TowerNight_Normal.png;T_TowerNight_Roughness.png;T_TowerNight_Metalness.png,SurfaceAppearance,26,
B,B_W_05__WIN_COL,CP_WIN_COL,WIN_COL,F_WIN_COL.png (swatch only),"Material=Neon, Color=140,195,255 (CyberpunkConfig.NeonColors)",508,
B,B_W_05__WIN_PNK,CP_WIN_PNK,WIN_PNK,F_WIN_PNK.png (swatch only),"Material=Neon, Color=255,120,200 (CyberpunkConfig.NeonColors)",74,
B,B_W_06_P01_VENT__MEC,CP_Mechanical,MEC,T_Mechanical_Color.png;T_Mechanical_Normal.png;T_Mechanical_Roughness.png;T_Mechanical_Metalness.png,SurfaceAppearance,44,PROTO_VENT__MEC
B,B_W_06_P02_COOL__MEC,CP_Mechanical,MEC,T_Mechanical_Color.png;T_Mechanical_Normal.png;T_Mechanical_Roughness.png;T_Mechanical_Metalness.png,SurfaceAppearance,66,PROTO_COOL__MEC
B,B_W_06_P03_DISH__MEC,CP_Mechanical,MEC,T_Mechanical_Color.png;T_Mechanical_Normal.png;T_Mechanical_Roughness.png;T_Mechanical_Metalness.png,SurfaceAppearance,22,PROTO_DISH__MEC
B,B_W_06__CON,CP_ConcreteDark,CON,T_ConcreteDark_Color.png;T_ConcreteDark_Normal.png;T_ConcreteDark_Roughness.png;T_ConcreteDark_Metalness.png,SurfaceAppearance,46,
B,B_W_06__LOU,CP_Louver,LOU,T_Louver_Color.png;T_Louver_Normal.png;T_Louver_Roughness.png;T_Louver_Metalness.png,SurfaceAppearance,4,
B,B_W_06__PNL,CP_PanelMetal,PNL,T_PanelMetal_Color.png;T_PanelMetal_Normal.png;T_PanelMetal_Roughness.png;T_PanelMetal_Metalness.png,SurfaceAppearance,2,
B,B_W_06__ROF,CP_RoofDeck,ROF,T_RoofDeck_Color.png;T_RoofDeck_Normal.png;T_RoofDeck_Roughness.png;T_RoofDeck_Metalness.png,SurfaceAppearance,6,
B,B_W_06__STL,CP_Steel,STL,T_Steel_Color.png;T_Steel_Normal.png;T_Steel_Roughness.png;T_Steel_Metalness.png,SurfaceAppearance,64,
B,B_W_06__TWN,CP_TowerNight,TWN,T_TowerNight_Color.png;T_TowerNight_Normal.png;T_TowerNight_Roughness.png;T_TowerNight_Metalness.png,SurfaceAppearance,12,
B,B_W_06__WIN_VIO,CP_WIN_VIO,WIN_VIO,F_WIN_VIO.png (swatch only),"Material=Neon, Color=170,130,255 (CyberpunkConfig.NeonColors)",172,
B,B_W_07_P01_FANBOX__MEC,CP_Mechanical,MEC,T_Mechanical_Color.png;T_Mechanical_Normal.png;T_Mechanical_Roughness.png;T_Mechanical_Metalness.png,SurfaceAppearance,50,PROTO_FANBOX__MEC
B,B_W_07_P02_HVAC_L__MEC,CP_Mechanical,MEC,T_Mechanical_Color.png;T_Mechanical_Normal.png;T_Mechanical_Roughness.png;T_Mechanical_Metalness.png,SurfaceAppearance,76,PROTO_HVAC_L__MEC
B,B_W_07_P03_GEN__MEC,CP_Mechanical,MEC,T_Mechanical_Color.png;T_Mechanical_Normal.png;T_Mechanical_Roughness.png;T_Mechanical_Metalness.png,SurfaceAppearance,70,PROTO_GEN__MEC
B,B_W_07_P04_COOL__MEC,CP_Mechanical,MEC,T_Mechanical_Color.png;T_Mechanical_Normal.png;T_Mechanical_Roughness.png;T_Mechanical_Metalness.png,SurfaceAppearance,66,PROTO_COOL__MEC
B,B_W_07_P05_DISH__MEC,CP_Mechanical,MEC,T_Mechanical_Color.png;T_Mechanical_Normal.png;T_Mechanical_Roughness.png;T_Mechanical_Metalness.png,SurfaceAppearance,22,PROTO_DISH__MEC
B,B_W_07__CON,CP_ConcreteDark,CON,T_ConcreteDark_Color.png;T_ConcreteDark_Normal.png;T_ConcreteDark_Roughness.png;T_ConcreteDark_Metalness.png,SurfaceAppearance,46,
B,B_W_07__NEON_WHT,CP_NEON_WHT,NEON_WHT,F_NEON_WHT.png (swatch only),"Material=Neon, Color=215,228,255 (CyberpunkConfig.NeonColors)",36,
B,B_W_07__PNL,CP_PanelMetal,PNL,T_PanelMetal_Color.png;T_PanelMetal_Normal.png;T_PanelMetal_Roughness.png;T_PanelMetal_Metalness.png,SurfaceAppearance,2,
B,B_W_07__RIB,CP_GlassRibbon,RIB,T_GlassRibbon_Color.png;T_GlassRibbon_Normal.png;T_GlassRibbon_Roughness.png;T_GlassRibbon_Metalness.png,SurfaceAppearance,2,
B,B_W_07__ROF,CP_RoofDeck,ROF,T_RoofDeck_Color.png;T_RoofDeck_Normal.png;T_RoofDeck_Roughness.png;T_RoofDeck_Metalness.png,SurfaceAppearance,4,
B,B_W_07__STL,CP_Steel,STL,T_Steel_Color.png;T_Steel_Normal.png;T_Steel_Roughness.png;T_Steel_Metalness.png,SurfaceAppearance,112,
B,B_W_07__TWN,CP_TowerNight,TWN,T_TowerNight_Color.png;T_TowerNight_Normal.png;T_TowerNight_Roughness.png;T_TowerNight_Metalness.png,SurfaceAppearance,6,
B,B_W_07__WIN_PNK,CP_WIN_PNK,WIN_PNK,F_WIN_PNK.png (swatch only),"Material=Neon, Color=255,120,200 (CyberpunkConfig.NeonColors)",22,
B,B_W_07__WIN_WRM,CP_WIN_WRM,WIN_WRM,F_WIN_WRM.png (swatch only),"Material=Neon, Color=255,190,125 (CyberpunkConfig.NeonColors)",134,
B,B_W_08_P01_HVAC_S__MEC,CP_Mechanical,MEC,T_Mechanical_Color.png;T_Mechanical_Normal.png;T_Mechanical_Roughness.png;T_Mechanical_Metalness.png,SurfaceAppearance,32,PROTO_HVAC_S__MEC
B,B_W_08_P02_TANK__MEC,CP_Mechanical,MEC,T_Mechanical_Color.png;T_Mechanical_Normal.png;T_Mechanical_Roughness.png;T_Mechanical_Metalness.png,SurfaceAppearance,84,PROTO_TANK__MEC
B,B_W_08_P03_HVAC_L__MEC,CP_Mechanical,MEC,T_Mechanical_Color.png;T_Mechanical_Normal.png;T_Mechanical_Roughness.png;T_Mechanical_Metalness.png,SurfaceAppearance,76,PROTO_HVAC_L__MEC
B,B_W_08__CON,CP_ConcreteDark,CON,T_ConcreteDark_Color.png;T_ConcreteDark_Normal.png;T_ConcreteDark_Roughness.png;T_ConcreteDark_Metalness.png,SurfaceAppearance,86,
B,B_W_08__GLS,CP_GlassCurtain,GLS,T_GlassCurtain_Color.png;T_GlassCurtain_Normal.png;T_GlassCurtain_Roughness.png;T_GlassCurtain_Metalness.png,SurfaceAppearance (Color/Normal/Roughness/Metalness),6,
B,B_W_08__NEON_RED,CP_NEON_RED,NEON_RED,F_NEON_RED.png (swatch only),"Material=Neon, Color=255,32,45 (CyberpunkConfig.NeonColors)",24,
B,B_W_08__NEON_WHT,CP_NEON_WHT,NEON_WHT,F_NEON_WHT.png (swatch only),"Material=Neon, Color=215,228,255 (CyberpunkConfig.NeonColors)",96,
B,B_W_08__PNL,CP_PanelMetal,PNL,T_PanelMetal_Color.png;T_PanelMetal_Normal.png;T_PanelMetal_Roughness.png;T_PanelMetal_Metalness.png,SurfaceAppearance,2,
B,B_W_08__ROF,CP_RoofDeck,ROF,T_RoofDeck_Color.png;T_RoofDeck_Normal.png;T_RoofDeck_Roughness.png;T_RoofDeck_Metalness.png,SurfaceAppearance,8,
B,B_W_08__STL,CP_Steel,STL,T_Steel_Color.png;T_Steel_Normal.png;T_Steel_Roughness.png;T_Steel_Metalness.png,SurfaceAppearance,596,
B,B_W_08__TWN,CP_TowerNight,TWN,T_TowerNight_Color.png;T_TowerNight_Normal.png;T_TowerNight_Roughness.png;T_TowerNight_Metalness.png,SurfaceAppearance,10,
B,B_W_08__WIN_WRM,CP_WIN_WRM,WIN_WRM,F_WIN_WRM.png (swatch only),"Material=Neon, Color=255,190,125 (CyberpunkConfig.NeonColors)",474,
B,B_W_09_P01_DISH__MEC,CP_Mechanical,MEC,T_Mechanical_Color.png;T_Mechanical_Normal.png;T_Mechanical_Roughness.png;T_Mechanical_Metalness.png,SurfaceAppearance,22,PROTO_DISH__MEC
B,B_W_09_P02_HVAC_L__MEC,CP_Mechanical,MEC,T_Mechanical_Color.png;T_Mechanical_Normal.png;T_Mechanical_Roughness.png;T_Mechanical_Metalness.png,SurfaceAppearance,76,PROTO_HVAC_L__MEC
B,B_W_09_P03_STACK__MEC,CP_Mechanical,MEC,T_Mechanical_Color.png;T_Mechanical_Normal.png;T_Mechanical_Roughness.png;T_Mechanical_Metalness.png,SurfaceAppearance,128,PROTO_STACK__MEC
B,B_W_09_P04_HVAC_S__MEC,CP_Mechanical,MEC,T_Mechanical_Color.png;T_Mechanical_Normal.png;T_Mechanical_Roughness.png;T_Mechanical_Metalness.png,SurfaceAppearance,32,PROTO_HVAC_S__MEC
B,B_W_09_P05_GEN__MEC,CP_Mechanical,MEC,T_Mechanical_Color.png;T_Mechanical_Normal.png;T_Mechanical_Roughness.png;T_Mechanical_Metalness.png,SurfaceAppearance,70,PROTO_GEN__MEC
B,B_W_09__CON,CP_ConcreteDark,CON,T_ConcreteDark_Color.png;T_ConcreteDark_Normal.png;T_ConcreteDark_Roughness.png;T_ConcreteDark_Metalness.png,SurfaceAppearance,86,
B,B_W_09__NEON_WHT,CP_NEON_WHT,NEON_WHT,F_NEON_WHT.png (swatch only),"Material=Neon, Color=215,228,255 (CyberpunkConfig.NeonColors)",84,
B,B_W_09__PNL,CP_PanelMetal,PNL,T_PanelMetal_Color.png;T_PanelMetal_Normal.png;T_PanelMetal_Roughness.png;T_PanelMetal_Metalness.png,SurfaceAppearance,4,
B,B_W_09__RIB,CP_GlassRibbon,RIB,T_GlassRibbon_Color.png;T_GlassRibbon_Normal.png;T_GlassRibbon_Roughness.png;T_GlassRibbon_Metalness.png,SurfaceAppearance,6,
B,B_W_09__ROF,CP_RoofDeck,ROF,T_RoofDeck_Color.png;T_RoofDeck_Normal.png;T_RoofDeck_Roughness.png;T_RoofDeck_Metalness.png,SurfaceAppearance,8,
B,B_W_09__STL,CP_Steel,STL,T_Steel_Color.png;T_Steel_Normal.png;T_Steel_Roughness.png;T_Steel_Metalness.png,SurfaceAppearance,216,
B,B_W_09__TWN,CP_TowerNight,TWN,T_TowerNight_Color.png;T_TowerNight_Normal.png;T_TowerNight_Roughness.png;T_TowerNight_Metalness.png,SurfaceAppearance,10,
B,B_W_09__WIN_COL,CP_WIN_COL,WIN_COL,F_WIN_COL.png (swatch only),"Material=Neon, Color=140,195,255 (CyberpunkConfig.NeonColors)",64,
B,B_W_09__WIN_VIO,CP_WIN_VIO,WIN_VIO,F_WIN_VIO.png (swatch only),"Material=Neon, Color=170,130,255 (CyberpunkConfig.NeonColors)",396,
B,B_W_10_P01_COOL__MEC,CP_Mechanical,MEC,T_Mechanical_Color.png;T_Mechanical_Normal.png;T_Mechanical_Roughness.png;T_Mechanical_Metalness.png,SurfaceAppearance,66,PROTO_COOL__MEC
B,B_W_10_P02_COOL__MEC,CP_Mechanical,MEC,T_Mechanical_Color.png;T_Mechanical_Normal.png;T_Mechanical_Roughness.png;T_Mechanical_Metalness.png,SurfaceAppearance,66,PROTO_COOL__MEC
B,B_W_10_P03_GEN__MEC,CP_Mechanical,MEC,T_Mechanical_Color.png;T_Mechanical_Normal.png;T_Mechanical_Roughness.png;T_Mechanical_Metalness.png,SurfaceAppearance,70,PROTO_GEN__MEC
B,B_W_10_P04_STACK__MEC,CP_Mechanical,MEC,T_Mechanical_Color.png;T_Mechanical_Normal.png;T_Mechanical_Roughness.png;T_Mechanical_Metalness.png,SurfaceAppearance,128,PROTO_STACK__MEC
B,B_W_10_P05_HVAC_L__MEC,CP_Mechanical,MEC,T_Mechanical_Color.png;T_Mechanical_Normal.png;T_Mechanical_Roughness.png;T_Mechanical_Metalness.png,SurfaceAppearance,76,PROTO_HVAC_L__MEC
B,B_W_10__CON,CP_ConcreteDark,CON,T_ConcreteDark_Color.png;T_ConcreteDark_Normal.png;T_ConcreteDark_Roughness.png;T_ConcreteDark_Metalness.png,SurfaceAppearance,46,
B,B_W_10__LOU,CP_Louver,LOU,T_Louver_Color.png;T_Louver_Normal.png;T_Louver_Roughness.png;T_Louver_Metalness.png,SurfaceAppearance,4,
B,B_W_10__NEON_RED,CP_NEON_RED,NEON_RED,F_NEON_RED.png (swatch only),"Material=Neon, Color=255,32,45 (CyberpunkConfig.NeonColors)",24,
B,B_W_10__PNL,CP_PanelMetal,PNL,T_PanelMetal_Color.png;T_PanelMetal_Normal.png;T_PanelMetal_Roughness.png;T_PanelMetal_Metalness.png,SurfaceAppearance,2,
B,B_W_10__ROF,CP_RoofDeck,ROF,T_RoofDeck_Color.png;T_RoofDeck_Normal.png;T_RoofDeck_Roughness.png;T_RoofDeck_Metalness.png,SurfaceAppearance,6,
B,B_W_10__STL,CP_Steel,STL,T_Steel_Color.png;T_Steel_Normal.png;T_Steel_Roughness.png;T_Steel_Metalness.png,SurfaceAppearance,488,
B,B_W_10__TWN,CP_TowerNight,TWN,T_TowerNight_Color.png;T_TowerNight_Normal.png;T_TowerNight_Roughness.png;T_TowerNight_Metalness.png,SurfaceAppearance,12,
B,B_W_10__WIN_PNK,CP_WIN_PNK,WIN_PNK,F_WIN_PNK.png (swatch only),"Material=Neon, Color=255,120,200 (CyberpunkConfig.NeonColors)",42,
B,B_W_10__WIN_WRM,CP_WIN_WRM,WIN_WRM,F_WIN_WRM.png (swatch only),"Material=Neon, Color=255,190,125 (CyberpunkConfig.NeonColors)",416,
B,B_W_11_P01_GEN__MEC,CP_Mechanical,MEC,T_Mechanical_Color.png;T_Mechanical_Normal.png;T_Mechanical_Roughness.png;T_Mechanical_Metalness.png,SurfaceAppearance,70,PROTO_GEN__MEC
B,B_W_11_P02_DISH__MEC,CP_Mechanical,MEC,T_Mechanical_Color.png;T_Mechanical_Normal.png;T_Mechanical_Roughness.png;T_Mechanical_Metalness.png,SurfaceAppearance,22,PROTO_DISH__MEC
B,B_W_11_P03_VENT__MEC,CP_Mechanical,MEC,T_Mechanical_Color.png;T_Mechanical_Normal.png;T_Mechanical_Roughness.png;T_Mechanical_Metalness.png,SurfaceAppearance,44,PROTO_VENT__MEC
B,B_W_11_P04_HVAC_S__MEC,CP_Mechanical,MEC,T_Mechanical_Color.png;T_Mechanical_Normal.png;T_Mechanical_Roughness.png;T_Mechanical_Metalness.png,SurfaceAppearance,32,PROTO_HVAC_S__MEC
B,B_W_11_P05_COOL__MEC,CP_Mechanical,MEC,T_Mechanical_Color.png;T_Mechanical_Normal.png;T_Mechanical_Roughness.png;T_Mechanical_Metalness.png,SurfaceAppearance,66,PROTO_COOL__MEC
B,B_W_11__CON,CP_ConcreteDark,CON,T_ConcreteDark_Color.png;T_ConcreteDark_Normal.png;T_ConcreteDark_Roughness.png;T_ConcreteDark_Metalness.png,SurfaceAppearance,6,
B,B_W_11__MEC,CP_Mechanical,MEC,T_Mechanical_Color.png;T_Mechanical_Normal.png;T_Mechanical_Roughness.png;T_Mechanical_Metalness.png,SurfaceAppearance,24,
B,B_W_11__NEON_RED,CP_NEON_RED,NEON_RED,F_NEON_RED.png (swatch only),"Material=Neon, Color=255,32,45 (CyberpunkConfig.NeonColors)",12,
B,B_W_11__PNL,CP_PanelMetal,PNL,T_PanelMetal_Color.png;T_PanelMetal_Normal.png;T_PanelMetal_Roughness.png;T_PanelMetal_Metalness.png,SurfaceAppearance,6,
B,B_W_11__ROF,CP_RoofDeck,ROF,T_RoofDeck_Color.png;T_RoofDeck_Normal.png;T_RoofDeck_Roughness.png;T_RoofDeck_Metalness.png,SurfaceAppearance,4,
B,B_W_11__STL,CP_Steel,STL,T_Steel_Color.png;T_Steel_Normal.png;T_Steel_Roughness.png;T_Steel_Metalness.png,SurfaceAppearance,12,
B,B_W_11__TWN,CP_TowerNight,TWN,T_TowerNight_Color.png;T_TowerNight_Normal.png;T_TowerNight_Roughness.png;T_TowerNight_Metalness.png,SurfaceAppearance,8,
B,B_W_11__WIN_COL,CP_WIN_COL,WIN_COL,F_WIN_COL.png (swatch only),"Material=Neon, Color=140,195,255 (CyberpunkConfig.NeonColors)",90,
B,B_W_11__WIN_WRM,CP_WIN_WRM,WIN_WRM,F_WIN_WRM.png (swatch only),"Material=Neon, Color=255,190,125 (CyberpunkConfig.NeonColors)",548,
B,B_W_12_P01_TANK__MEC,CP_Mechanical,MEC,T_Mechanical_Color.png;T_Mechanical_Normal.png;T_Mechanical_Roughness.png;T_Mechanical_Metalness.png,SurfaceAppearance,84,PROTO_TANK__MEC
B,B_W_12_P02_VENT__MEC,CP_Mechanical,MEC,T_Mechanical_Color.png;T_Mechanical_Normal.png;T_Mechanical_Roughness.png;T_Mechanical_Metalness.png,SurfaceAppearance,44,PROTO_VENT__MEC
B,B_W_12_P03_FANBOX__MEC,CP_Mechanical,MEC,T_Mechanical_Color.png;T_Mechanical_Normal.png;T_Mechanical_Roughness.png;T_Mechanical_Metalness.png,SurfaceAppearance,50,PROTO_FANBOX__MEC
B,B_W_12_P04_VENT__MEC,CP_Mechanical,MEC,T_Mechanical_Color.png;T_Mechanical_Normal.png;T_Mechanical_Roughness.png;T_Mechanical_Metalness.png,SurfaceAppearance,44,PROTO_VENT__MEC
B,B_W_12_P05_DISH__MEC,CP_Mechanical,MEC,T_Mechanical_Color.png;T_Mechanical_Normal.png;T_Mechanical_Roughness.png;T_Mechanical_Metalness.png,SurfaceAppearance,22,PROTO_DISH__MEC
B,B_W_12__CON,CP_ConcreteDark,CON,T_ConcreteDark_Color.png;T_ConcreteDark_Normal.png;T_ConcreteDark_Roughness.png;T_ConcreteDark_Metalness.png,SurfaceAppearance,46,
B,B_W_12__LOU,CP_Louver,LOU,T_Louver_Color.png;T_Louver_Normal.png;T_Louver_Roughness.png;T_Louver_Metalness.png,SurfaceAppearance,2,
B,B_W_12__NEON_WHT,CP_NEON_WHT,NEON_WHT,F_NEON_WHT.png (swatch only),"Material=Neon, Color=215,228,255 (CyberpunkConfig.NeonColors)",60,
B,B_W_12__PNL,CP_PanelMetal,PNL,T_PanelMetal_Color.png;T_PanelMetal_Normal.png;T_PanelMetal_Roughness.png;T_PanelMetal_Metalness.png,SurfaceAppearance,2,
B,B_W_12__ROF,CP_RoofDeck,ROF,T_RoofDeck_Color.png;T_RoofDeck_Normal.png;T_RoofDeck_Roughness.png;T_RoofDeck_Metalness.png,SurfaceAppearance,6,
B,B_W_12__STL,CP_Steel,STL,T_Steel_Color.png;T_Steel_Normal.png;T_Steel_Roughness.png;T_Steel_Metalness.png,SurfaceAppearance,144,
B,B_W_12__TEC,CP_TechPanel,TEC,T_TechPanel_Color.png;T_TechPanel_Normal.png;T_TechPanel_Roughness.png;T_TechPanel_Metalness.png,SurfaceAppearance,2,
B,B_W_12__TWN,CP_TowerNight,TWN,T_TowerNight_Color.png;T_TowerNight_Normal.png;T_TowerNight_Roughness.png;T_TowerNight_Metalness.png,SurfaceAppearance,12,
B,B_W_12__WIN_PNK,CP_WIN_PNK,WIN_PNK,F_WIN_PNK.png (swatch only),"Material=Neon, Color=255,120,200 (CyberpunkConfig.NeonColors)",44,
B,B_W_12__WIN_WRM,CP_WIN_WRM,WIN_WRM,F_WIN_WRM.png (swatch only),"Material=Neon, Color=255,190,125 (CyberpunkConfig.NeonColors)",206,
B,B_W_13_P01_HVAC_S__MEC,CP_Mechanical,MEC,T_Mechanical_Color.png;T_Mechanical_Normal.png;T_Mechanical_Roughness.png;T_Mechanical_Metalness.png,SurfaceAppearance,32,PROTO_HVAC_S__MEC
B,B_W_13_P02_TANK__MEC,CP_Mechanical,MEC,T_Mechanical_Color.png;T_Mechanical_Normal.png;T_Mechanical_Roughness.png;T_Mechanical_Metalness.png,SurfaceAppearance,84,PROTO_TANK__MEC
B,B_W_13_P03_DISH__MEC,CP_Mechanical,MEC,T_Mechanical_Color.png;T_Mechanical_Normal.png;T_Mechanical_Roughness.png;T_Mechanical_Metalness.png,SurfaceAppearance,22,PROTO_DISH__MEC
B,B_W_13_P04_HVAC_S__MEC,CP_Mechanical,MEC,T_Mechanical_Color.png;T_Mechanical_Normal.png;T_Mechanical_Roughness.png;T_Mechanical_Metalness.png,SurfaceAppearance,32,PROTO_HVAC_S__MEC
B,B_W_13_P05_TANK__MEC,CP_Mechanical,MEC,T_Mechanical_Color.png;T_Mechanical_Normal.png;T_Mechanical_Roughness.png;T_Mechanical_Metalness.png,SurfaceAppearance,84,PROTO_TANK__MEC
B,B_W_13_P06_COOL__MEC,CP_Mechanical,MEC,T_Mechanical_Color.png;T_Mechanical_Normal.png;T_Mechanical_Roughness.png;T_Mechanical_Metalness.png,SurfaceAppearance,66,PROTO_COOL__MEC
B,B_W_13__CON,CP_ConcreteDark,CON,T_ConcreteDark_Color.png;T_ConcreteDark_Normal.png;T_ConcreteDark_Roughness.png;T_ConcreteDark_Metalness.png,SurfaceAppearance,6,
B,B_W_13__NEON_CYN,CP_NEON_CYN,NEON_CYN,F_NEON_CYN.png (swatch only),"Material=Neon, Color=0,230,255 (CyberpunkConfig.NeonColors)",26,
B,B_W_13__NEON_MAG,CP_NEON_MAG,NEON_MAG,F_NEON_MAG.png (swatch only),"Material=Neon, Color=255,25,175 (CyberpunkConfig.NeonColors)",10,
B,B_W_13__PNL,CP_PanelMetal,PNL,T_PanelMetal_Color.png;T_PanelMetal_Normal.png;T_PanelMetal_Roughness.png;T_PanelMetal_Metalness.png,SurfaceAppearance,6,
B,B_W_13__ROF,CP_RoofDeck,ROF,T_RoofDeck_Color.png;T_RoofDeck_Normal.png;T_RoofDeck_Roughness.png;T_RoofDeck_Metalness.png,SurfaceAppearance,8,
B,B_W_13__STL,CP_Steel,STL,T_Steel_Color.png;T_Steel_Normal.png;T_Steel_Roughness.png;T_Steel_Metalness.png,SurfaceAppearance,48,
B,B_W_13__TEC,CP_TechPanel,TEC,T_TechPanel_Color.png;T_TechPanel_Normal.png;T_TechPanel_Roughness.png;T_TechPanel_Metalness.png,SurfaceAppearance,6,
B,B_W_13__TWN,CP_TowerNight,TWN,T_TowerNight_Color.png;T_TowerNight_Normal.png;T_TowerNight_Roughness.png;T_TowerNight_Metalness.png,SurfaceAppearance,10,
B,B_W_13__WIN_VIO,CP_WIN_VIO,WIN_VIO,F_WIN_VIO.png (swatch only),"Material=Neon, Color=170,130,255 (CyberpunkConfig.NeonColors)",44,
B,B_W_13__WIN_WRM,CP_WIN_WRM,WIN_WRM,F_WIN_WRM.png (swatch only),"Material=Neon, Color=255,190,125 (CyberpunkConfig.NeonColors)",254,
B,B_W_14_P01_GEN__MEC,CP_Mechanical,MEC,T_Mechanical_Color.png;T_Mechanical_Normal.png;T_Mechanical_Roughness.png;T_Mechanical_Metalness.png,SurfaceAppearance,70,PROTO_GEN__MEC
B,B_W_14_P02_COOL__MEC,CP_Mechanical,MEC,T_Mechanical_Color.png;T_Mechanical_Normal.png;T_Mechanical_Roughness.png;T_Mechanical_Metalness.png,SurfaceAppearance,66,PROTO_COOL__MEC
B,B_W_14_P03_DISH__MEC,CP_Mechanical,MEC,T_Mechanical_Color.png;T_Mechanical_Normal.png;T_Mechanical_Roughness.png;T_Mechanical_Metalness.png,SurfaceAppearance,22,PROTO_DISH__MEC
B,B_W_14_P04_HVAC_S__MEC,CP_Mechanical,MEC,T_Mechanical_Color.png;T_Mechanical_Normal.png;T_Mechanical_Roughness.png;T_Mechanical_Metalness.png,SurfaceAppearance,32,PROTO_HVAC_S__MEC
B,B_W_14_P05_HVAC_S__MEC,CP_Mechanical,MEC,T_Mechanical_Color.png;T_Mechanical_Normal.png;T_Mechanical_Roughness.png;T_Mechanical_Metalness.png,SurfaceAppearance,32,PROTO_HVAC_S__MEC
B,B_W_14__CON,CP_ConcreteDark,CON,T_ConcreteDark_Color.png;T_ConcreteDark_Normal.png;T_ConcreteDark_Roughness.png;T_ConcreteDark_Metalness.png,SurfaceAppearance,6,
B,B_W_14__NEON_BLU,CP_NEON_BLU,NEON_BLU,F_NEON_BLU.png (swatch only),"Material=Neon, Color=30,95,255 (CyberpunkConfig.NeonColors)",40,
B,B_W_14__ROF,CP_RoofDeck,ROF,T_RoofDeck_Color.png;T_RoofDeck_Normal.png;T_RoofDeck_Roughness.png;T_RoofDeck_Metalness.png,SurfaceAppearance,6,
B,B_W_14__STL,CP_Steel,STL,T_Steel_Color.png;T_Steel_Normal.png;T_Steel_Roughness.png;T_Steel_Metalness.png,SurfaceAppearance,148,
B,B_W_14__TEC,CP_TechPanel,TEC,T_TechPanel_Color.png;T_TechPanel_Normal.png;T_TechPanel_Roughness.png;T_TechPanel_Metalness.png,SurfaceAppearance,2,
B,B_W_14__TWN,CP_TowerNight,TWN,T_TowerNight_Color.png;T_TowerNight_Normal.png;T_TowerNight_Roughness.png;T_TowerNight_Metalness.png,SurfaceAppearance,14,
B,B_W_14__WIN_PNK,CP_WIN_PNK,WIN_PNK,F_WIN_PNK.png (swatch only),"Material=Neon, Color=255,120,200 (CyberpunkConfig.NeonColors)",74,
B,B_W_14__WIN_WRM,CP_WIN_WRM,WIN_WRM,F_WIN_WRM.png (swatch only),"Material=Neon, Color=255,190,125 (CyberpunkConfig.NeonColors)",366,
B,B_W_15_P01_HVAC_L__MEC,CP_Mechanical,MEC,T_Mechanical_Color.png;T_Mechanical_Normal.png;T_Mechanical_Roughness.png;T_Mechanical_Metalness.png,SurfaceAppearance,76,PROTO_HVAC_L__MEC
B,B_W_15_P02_VENT__MEC,CP_Mechanical,MEC,T_Mechanical_Color.png;T_Mechanical_Normal.png;T_Mechanical_Roughness.png;T_Mechanical_Metalness.png,SurfaceAppearance,44,PROTO_VENT__MEC
B,B_W_15_P03_DISH__MEC,CP_Mechanical,MEC,T_Mechanical_Color.png;T_Mechanical_Normal.png;T_Mechanical_Roughness.png;T_Mechanical_Metalness.png,SurfaceAppearance,22,PROTO_DISH__MEC
B,B_W_15__CON,CP_ConcreteDark,CON,T_ConcreteDark_Color.png;T_ConcreteDark_Normal.png;T_ConcreteDark_Roughness.png;T_ConcreteDark_Metalness.png,SurfaceAppearance,6,
B,B_W_15__LOU,CP_Louver,LOU,T_Louver_Color.png;T_Louver_Normal.png;T_Louver_Roughness.png;T_Louver_Metalness.png,SurfaceAppearance,2,
B,B_W_15__PNL,CP_PanelMetal,PNL,T_PanelMetal_Color.png;T_PanelMetal_Normal.png;T_PanelMetal_Roughness.png;T_PanelMetal_Metalness.png,SurfaceAppearance,2,
B,B_W_15__ROF,CP_RoofDeck,ROF,T_RoofDeck_Color.png;T_RoofDeck_Normal.png;T_RoofDeck_Roughness.png;T_RoofDeck_Metalness.png,SurfaceAppearance,6,
B,B_W_15__STL,CP_Steel,STL,T_Steel_Color.png;T_Steel_Normal.png;T_Steel_Roughness.png;T_Steel_Metalness.png,SurfaceAppearance,64,
B,B_W_15__TEC,CP_TechPanel,TEC,T_TechPanel_Color.png;T_TechPanel_Normal.png;T_TechPanel_Roughness.png;T_TechPanel_Metalness.png,SurfaceAppearance,8,
B,B_W_15__TWN,CP_TowerNight,TWN,T_TowerNight_Color.png;T_TowerNight_Normal.png;T_TowerNight_Roughness.png;T_TowerNight_Metalness.png,SurfaceAppearance,6,
B,B_W_15__WIN_COL,CP_WIN_COL,WIN_COL,F_WIN_COL.png (swatch only),"Material=Neon, Color=140,195,255 (CyberpunkConfig.NeonColors)",48,
B,B_W_15__WIN_WRM,CP_WIN_WRM,WIN_WRM,F_WIN_WRM.png (swatch only),"Material=Neon, Color=255,190,125 (CyberpunkConfig.NeonColors)",326,
B,B_W_16_P01_STACK__MEC,CP_Mechanical,MEC,T_Mechanical_Color.png;T_Mechanical_Normal.png;T_Mechanical_Roughness.png;T_Mechanical_Metalness.png,SurfaceAppearance,128,PROTO_STACK__MEC
B,B_W_16_P02_GEN__MEC,CP_Mechanical,MEC,T_Mechanical_Color.png;T_Mechanical_Normal.png;T_Mechanical_Roughness.png;T_Mechanical_Metalness.png,SurfaceAppearance,70,PROTO_GEN__MEC
B,B_W_16_P03_HVAC_S__MEC,CP_Mechanical,MEC,T_Mechanical_Color.png;T_Mechanical_Normal.png;T_Mechanical_Roughness.png;T_Mechanical_Metalness.png,SurfaceAppearance,32,PROTO_HVAC_S__MEC
B,B_W_16_P04_HVAC_S__MEC,CP_Mechanical,MEC,T_Mechanical_Color.png;T_Mechanical_Normal.png;T_Mechanical_Roughness.png;T_Mechanical_Metalness.png,SurfaceAppearance,32,PROTO_HVAC_S__MEC
B,B_W_16_P05_VENT__MEC,CP_Mechanical,MEC,T_Mechanical_Color.png;T_Mechanical_Normal.png;T_Mechanical_Roughness.png;T_Mechanical_Metalness.png,SurfaceAppearance,44,PROTO_VENT__MEC
B,B_W_16__CON,CP_ConcreteDark,CON,T_ConcreteDark_Color.png;T_ConcreteDark_Normal.png;T_ConcreteDark_Roughness.png;T_ConcreteDark_Metalness.png,SurfaceAppearance,46,
B,B_W_16__GLS,CP_GlassCurtain,GLS,T_GlassCurtain_Color.png;T_GlassCurtain_Normal.png;T_GlassCurtain_Roughness.png;T_GlassCurtain_Metalness.png,SurfaceAppearance (Color/Normal/Roughness/Metalness),2,
B,B_W_16__MEC,CP_Mechanical,MEC,T_Mechanical_Color.png;T_Mechanical_Normal.png;T_Mechanical_Roughness.png;T_Mechanical_Metalness.png,SurfaceAppearance,24,
B,B_W_16__NEON_RED,CP_NEON_RED,NEON_RED,F_NEON_RED.png (swatch only),"Material=Neon, Color=255,32,45 (CyberpunkConfig.NeonColors)",12,
B,B_W_16__ROF,CP_RoofDeck,ROF,T_RoofDeck_Color.png;T_RoofDeck_Normal.png;T_RoofDeck_Roughness.png;T_RoofDeck_Metalness.png,SurfaceAppearance,6,
B,B_W_16__STL,CP_Steel,STL,T_Steel_Color.png;T_Steel_Normal.png;T_Steel_Roughness.png;T_Steel_Metalness.png,SurfaceAppearance,24,
B,B_W_16__TEC,CP_TechPanel,TEC,T_TechPanel_Color.png;T_TechPanel_Normal.png;T_TechPanel_Roughness.png;T_TechPanel_Metalness.png,SurfaceAppearance,2,
B,B_W_16__TWN,CP_TowerNight,TWN,T_TowerNight_Color.png;T_TowerNight_Normal.png;T_TowerNight_Roughness.png;T_TowerNight_Metalness.png,SurfaceAppearance,12,
B,B_W_16__WIN_COL,CP_WIN_COL,WIN_COL,F_WIN_COL.png (swatch only),"Material=Neon, Color=140,195,255 (CyberpunkConfig.NeonColors)",86,
B,B_W_16__WIN_WRM,CP_WIN_WRM,WIN_WRM,F_WIN_WRM.png (swatch only),"Material=Neon, Color=255,190,125 (CyberpunkConfig.NeonColors)",492,
B,B_W_17_P01_FANBOX__MEC,CP_Mechanical,MEC,T_Mechanical_Color.png;T_Mechanical_Normal.png;T_Mechanical_Roughness.png;T_Mechanical_Metalness.png,SurfaceAppearance,50,PROTO_FANBOX__MEC
B,B_W_17_P02_TANK__MEC,CP_Mechanical,MEC,T_Mechanical_Color.png;T_Mechanical_Normal.png;T_Mechanical_Roughness.png;T_Mechanical_Metalness.png,SurfaceAppearance,84,PROTO_TANK__MEC
B,B_W_17_P03_STACK__MEC,CP_Mechanical,MEC,T_Mechanical_Color.png;T_Mechanical_Normal.png;T_Mechanical_Roughness.png;T_Mechanical_Metalness.png,SurfaceAppearance,128,PROTO_STACK__MEC
B,B_W_17_P04_STACK__MEC,CP_Mechanical,MEC,T_Mechanical_Color.png;T_Mechanical_Normal.png;T_Mechanical_Roughness.png;T_Mechanical_Metalness.png,SurfaceAppearance,128,PROTO_STACK__MEC
B,B_W_17_P05_VENT__MEC,CP_Mechanical,MEC,T_Mechanical_Color.png;T_Mechanical_Normal.png;T_Mechanical_Roughness.png;T_Mechanical_Metalness.png,SurfaceAppearance,44,PROTO_VENT__MEC
B,B_W_17__CON,CP_ConcreteDark,CON,T_ConcreteDark_Color.png;T_ConcreteDark_Normal.png;T_ConcreteDark_Roughness.png;T_ConcreteDark_Metalness.png,SurfaceAppearance,6,
B,B_W_17__NEON_RED,CP_NEON_RED,NEON_RED,F_NEON_RED.png (swatch only),"Material=Neon, Color=255,32,45 (CyberpunkConfig.NeonColors)",24,
B,B_W_17__PNL,CP_PanelMetal,PNL,T_PanelMetal_Color.png;T_PanelMetal_Normal.png;T_PanelMetal_Roughness.png;T_PanelMetal_Metalness.png,SurfaceAppearance,8,
B,B_W_17__ROF,CP_RoofDeck,ROF,T_RoofDeck_Color.png;T_RoofDeck_Normal.png;T_RoofDeck_Roughness.png;T_RoofDeck_Metalness.png,SurfaceAppearance,10,
B,B_W_17__STL,CP_Steel,STL,T_Steel_Color.png;T_Steel_Normal.png;T_Steel_Roughness.png;T_Steel_Metalness.png,SurfaceAppearance,296,
B,B_W_17__TEC,CP_TechPanel,TEC,T_TechPanel_Color.png;T_TechPanel_Normal.png;T_TechPanel_Roughness.png;T_TechPanel_Metalness.png,SurfaceAppearance,8,
B,B_W_17__TWN,CP_TowerNight,TWN,T_TowerNight_Color.png;T_TowerNight_Normal.png;T_TowerNight_Roughness.png;T_TowerNight_Metalness.png,SurfaceAppearance,16,
B,B_W_17__WIN_VIO,CP_WIN_VIO,WIN_VIO,F_WIN_VIO.png (swatch only),"Material=Neon, Color=170,130,255 (CyberpunkConfig.NeonColors)",18,
B,B_W_17__WIN_WRM,CP_WIN_WRM,WIN_WRM,F_WIN_WRM.png (swatch only),"Material=Neon, Color=255,190,125 (CyberpunkConfig.NeonColors)",142,
B,B_W_18_P01_COOL__MEC,CP_Mechanical,MEC,T_Mechanical_Color.png;T_Mechanical_Normal.png;T_Mechanical_Roughness.png;T_Mechanical_Metalness.png,SurfaceAppearance,66,PROTO_COOL__MEC
B,B_W_18_P02_VENT__MEC,CP_Mechanical,MEC,T_Mechanical_Color.png;T_Mechanical_Normal.png;T_Mechanical_Roughness.png;T_Mechanical_Metalness.png,SurfaceAppearance,44,PROTO_VENT__MEC
B,B_W_18_P03_HVAC_S__MEC,CP_Mechanical,MEC,T_Mechanical_Color.png;T_Mechanical_Normal.png;T_Mechanical_Roughness.png;T_Mechanical_Metalness.png,SurfaceAppearance,32,PROTO_HVAC_S__MEC
B,B_W_18_P04_VENT__MEC,CP_Mechanical,MEC,T_Mechanical_Color.png;T_Mechanical_Normal.png;T_Mechanical_Roughness.png;T_Mechanical_Metalness.png,SurfaceAppearance,44,PROTO_VENT__MEC
B,B_W_18_P05_GEN__MEC,CP_Mechanical,MEC,T_Mechanical_Color.png;T_Mechanical_Normal.png;T_Mechanical_Roughness.png;T_Mechanical_Metalness.png,SurfaceAppearance,70,PROTO_GEN__MEC
B,B_W_18_P06_VENT__MEC,CP_Mechanical,MEC,T_Mechanical_Color.png;T_Mechanical_Normal.png;T_Mechanical_Roughness.png;T_Mechanical_Metalness.png,SurfaceAppearance,44,PROTO_VENT__MEC
B,B_W_18_P07_HVAC_S__MEC,CP_Mechanical,MEC,T_Mechanical_Color.png;T_Mechanical_Normal.png;T_Mechanical_Roughness.png;T_Mechanical_Metalness.png,SurfaceAppearance,32,PROTO_HVAC_S__MEC
B,B_W_18_P08_HVAC_S__MEC,CP_Mechanical,MEC,T_Mechanical_Color.png;T_Mechanical_Normal.png;T_Mechanical_Roughness.png;T_Mechanical_Metalness.png,SurfaceAppearance,32,PROTO_HVAC_S__MEC
B,B_W_18_P09_HVAC_S__MEC,CP_Mechanical,MEC,T_Mechanical_Color.png;T_Mechanical_Normal.png;T_Mechanical_Roughness.png;T_Mechanical_Metalness.png,SurfaceAppearance,32,PROTO_HVAC_S__MEC
B,B_W_18__CON,CP_ConcreteDark,CON,T_ConcreteDark_Color.png;T_ConcreteDark_Normal.png;T_ConcreteDark_Roughness.png;T_ConcreteDark_Metalness.png,SurfaceAppearance,46,
B,B_W_18__MEC,CP_Mechanical,MEC,T_Mechanical_Color.png;T_Mechanical_Normal.png;T_Mechanical_Roughness.png;T_Mechanical_Metalness.png,SurfaceAppearance,10,
B,B_W_18__NEON_CYN,CP_NEON_CYN,NEON_CYN,F_NEON_CYN.png (swatch only),"Material=Neon, Color=0,230,255 (CyberpunkConfig.NeonColors)",60,
B,B_W_18__NEON_MAG,CP_NEON_MAG,NEON_MAG,F_NEON_MAG.png (swatch only),"Material=Neon, Color=255,25,175 (CyberpunkConfig.NeonColors)",10,
B,B_W_18__NEON_WHT,CP_NEON_WHT,NEON_WHT,F_NEON_WHT.png (swatch only),"Material=Neon, Color=215,228,255 (CyberpunkConfig.NeonColors)",60,
B,B_W_18__PNL,CP_PanelMetal,PNL,T_PanelMetal_Color.png;T_PanelMetal_Normal.png;T_PanelMetal_Roughness.png;T_PanelMetal_Metalness.png,SurfaceAppearance,2,
B,B_W_18__ROF,CP_RoofDeck,ROF,T_RoofDeck_Color.png;T_RoofDeck_Normal.png;T_RoofDeck_Roughness.png;T_RoofDeck_Metalness.png,SurfaceAppearance,6,
B,B_W_18__STL,CP_Steel,STL,T_Steel_Color.png;T_Steel_Normal.png;T_Steel_Roughness.png;T_Steel_Metalness.png,SurfaceAppearance,144,
B,B_W_18__TEC,CP_TechPanel,TEC,T_TechPanel_Color.png;T_TechPanel_Normal.png;T_TechPanel_Roughness.png;T_TechPanel_Metalness.png,SurfaceAppearance,2,
B,B_W_18__TWN,CP_TowerNight,TWN,T_TowerNight_Color.png;T_TowerNight_Normal.png;T_TowerNight_Roughness.png;T_TowerNight_Metalness.png,SurfaceAppearance,14,
B,B_W_18__WIN_VIO,CP_WIN_VIO,WIN_VIO,F_WIN_VIO.png (swatch only),"Material=Neon, Color=170,130,255 (CyberpunkConfig.NeonColors)",46,
B,B_W_18__WIN_WRM,CP_WIN_WRM,WIN_WRM,F_WIN_WRM.png (swatch only),"Material=Neon, Color=255,190,125 (CyberpunkConfig.NeonColors)",332,
B,B_W_19_P01_HVAC_S__MEC,CP_Mechanical,MEC,T_Mechanical_Color.png;T_Mechanical_Normal.png;T_Mechanical_Roughness.png;T_Mechanical_Metalness.png,SurfaceAppearance,32,PROTO_HVAC_S__MEC
B,B_W_19_P02_HVAC_S__MEC,CP_Mechanical,MEC,T_Mechanical_Color.png;T_Mechanical_Normal.png;T_Mechanical_Roughness.png;T_Mechanical_Metalness.png,SurfaceAppearance,32,PROTO_HVAC_S__MEC
B,B_W_19_P03_HVAC_L__MEC,CP_Mechanical,MEC,T_Mechanical_Color.png;T_Mechanical_Normal.png;T_Mechanical_Roughness.png;T_Mechanical_Metalness.png,SurfaceAppearance,76,PROTO_HVAC_L__MEC
B,B_W_19_P04_VENT__MEC,CP_Mechanical,MEC,T_Mechanical_Color.png;T_Mechanical_Normal.png;T_Mechanical_Roughness.png;T_Mechanical_Metalness.png,SurfaceAppearance,44,PROTO_VENT__MEC
B,B_W_19_P05_COOL__MEC,CP_Mechanical,MEC,T_Mechanical_Color.png;T_Mechanical_Normal.png;T_Mechanical_Roughness.png;T_Mechanical_Metalness.png,SurfaceAppearance,66,PROTO_COOL__MEC
B,B_W_19__CON,CP_ConcreteDark,CON,T_ConcreteDark_Color.png;T_ConcreteDark_Normal.png;T_ConcreteDark_Roughness.png;T_ConcreteDark_Metalness.png,SurfaceAppearance,46,
B,B_W_19__MEC,CP_Mechanical,MEC,T_Mechanical_Color.png;T_Mechanical_Normal.png;T_Mechanical_Roughness.png;T_Mechanical_Metalness.png,SurfaceAppearance,30,
B,B_W_19__NEON_MAG,CP_NEON_MAG,NEON_MAG,F_NEON_MAG.png (swatch only),"Material=Neon, Color=255,25,175 (CyberpunkConfig.NeonColors)",40,
B,B_W_19__PNL,CP_PanelMetal,PNL,T_PanelMetal_Color.png;T_PanelMetal_Normal.png;T_PanelMetal_Roughness.png;T_PanelMetal_Metalness.png,SurfaceAppearance,2,
B,B_W_19__RIB,CP_GlassRibbon,RIB,T_GlassRibbon_Color.png;T_GlassRibbon_Normal.png;T_GlassRibbon_Roughness.png;T_GlassRibbon_Metalness.png,SurfaceAppearance,2,
B,B_W_19__ROF,CP_RoofDeck,ROF,T_RoofDeck_Color.png;T_RoofDeck_Normal.png;T_RoofDeck_Roughness.png;T_RoofDeck_Metalness.png,SurfaceAppearance,8,
B,B_W_19__STL,CP_Steel,STL,T_Steel_Color.png;T_Steel_Normal.png;T_Steel_Roughness.png;T_Steel_Metalness.png,SurfaceAppearance,76,
B,B_W_19__TEC,CP_TechPanel,TEC,T_TechPanel_Color.png;T_TechPanel_Normal.png;T_TechPanel_Roughness.png;T_TechPanel_Metalness.png,SurfaceAppearance,2,
B,B_W_19__TWN,CP_TowerNight,TWN,T_TowerNight_Color.png;T_TowerNight_Normal.png;T_TowerNight_Roughness.png;T_TowerNight_Metalness.png,SurfaceAppearance,12,
B,B_W_19__WIN_VIO,CP_WIN_VIO,WIN_VIO,F_WIN_VIO.png (swatch only),"Material=Neon, Color=170,130,255 (CyberpunkConfig.NeonColors)",242,
B,B_W_19__WIN_WRM,CP_WIN_WRM,WIN_WRM,F_WIN_WRM.png (swatch only),"Material=Neon, Color=255,190,125 (CyberpunkConfig.NeonColors)",50,
B,B_W_20_P01_DISH__MEC,CP_Mechanical,MEC,T_Mechanical_Color.png;T_Mechanical_Normal.png;T_Mechanical_Roughness.png;T_Mechanical_Metalness.png,SurfaceAppearance,22,PROTO_DISH__MEC
B,B_W_20_P02_VENT__MEC,CP_Mechanical,MEC,T_Mechanical_Color.png;T_Mechanical_Normal.png;T_Mechanical_Roughness.png;T_Mechanical_Metalness.png,SurfaceAppearance,44,PROTO_VENT__MEC
B,B_W_20_P03_VENT__MEC,CP_Mechanical,MEC,T_Mechanical_Color.png;T_Mechanical_Normal.png;T_Mechanical_Roughness.png;T_Mechanical_Metalness.png,SurfaceAppearance,44,PROTO_VENT__MEC
B,B_W_20_P04_VENT__MEC,CP_Mechanical,MEC,T_Mechanical_Color.png;T_Mechanical_Normal.png;T_Mechanical_Roughness.png;T_Mechanical_Metalness.png,SurfaceAppearance,44,PROTO_VENT__MEC
B,B_W_20_P05_DISH__MEC,CP_Mechanical,MEC,T_Mechanical_Color.png;T_Mechanical_Normal.png;T_Mechanical_Roughness.png;T_Mechanical_Metalness.png,SurfaceAppearance,22,PROTO_DISH__MEC
B,B_W_20_P06_HVAC_S__MEC,CP_Mechanical,MEC,T_Mechanical_Color.png;T_Mechanical_Normal.png;T_Mechanical_Roughness.png;T_Mechanical_Metalness.png,SurfaceAppearance,32,PROTO_HVAC_S__MEC
B,B_W_20_P07_VENT__MEC,CP_Mechanical,MEC,T_Mechanical_Color.png;T_Mechanical_Normal.png;T_Mechanical_Roughness.png;T_Mechanical_Metalness.png,SurfaceAppearance,44,PROTO_VENT__MEC
B,B_W_20_P08_DISH__MEC,CP_Mechanical,MEC,T_Mechanical_Color.png;T_Mechanical_Normal.png;T_Mechanical_Roughness.png;T_Mechanical_Metalness.png,SurfaceAppearance,22,PROTO_DISH__MEC
B,B_W_20_P09_STACK__MEC,CP_Mechanical,MEC,T_Mechanical_Color.png;T_Mechanical_Normal.png;T_Mechanical_Roughness.png;T_Mechanical_Metalness.png,SurfaceAppearance,128,PROTO_STACK__MEC
B,B_W_20__CON,CP_ConcreteDark,CON,T_ConcreteDark_Color.png;T_ConcreteDark_Normal.png;T_ConcreteDark_Roughness.png;T_ConcreteDark_Metalness.png,SurfaceAppearance,46,
B,B_W_20__LOU,CP_Louver,LOU,T_Louver_Color.png;T_Louver_Normal.png;T_Louver_Roughness.png;T_Louver_Metalness.png,SurfaceAppearance,2,
B,B_W_20__MEC,CP_Mechanical,MEC,T_Mechanical_Color.png;T_Mechanical_Normal.png;T_Mechanical_Roughness.png;T_Mechanical_Metalness.png,SurfaceAppearance,10,
B,B_W_20__NEON_BLU,CP_NEON_BLU,NEON_BLU,F_NEON_BLU.png (swatch only),"Material=Neon, Color=30,95,255 (CyberpunkConfig.NeonColors)",50,
B,B_W_20__NEON_WHT,CP_NEON_WHT,NEON_WHT,F_NEON_WHT.png (swatch only),"Material=Neon, Color=215,228,255 (CyberpunkConfig.NeonColors)",48,
B,B_W_20__PNL,CP_PanelMetal,PNL,T_PanelMetal_Color.png;T_PanelMetal_Normal.png;T_PanelMetal_Roughness.png;T_PanelMetal_Metalness.png,SurfaceAppearance,2,
B,B_W_20__ROF,CP_RoofDeck,ROF,T_RoofDeck_Color.png;T_RoofDeck_Normal.png;T_RoofDeck_Roughness.png;T_RoofDeck_Metalness.png,SurfaceAppearance,4,
B,B_W_20__STL,CP_Steel,STL,T_Steel_Color.png;T_Steel_Normal.png;T_Steel_Roughness.png;T_Steel_Metalness.png,SurfaceAppearance,132,
B,B_W_20__TWN,CP_TowerNight,TWN,T_TowerNight_Color.png;T_TowerNight_Normal.png;T_TowerNight_Roughness.png;T_TowerNight_Metalness.png,SurfaceAppearance,6,
B,B_W_20__WIN_COL,CP_WIN_COL,WIN_COL,F_WIN_COL.png (swatch only),"Material=Neon, Color=140,195,255 (CyberpunkConfig.NeonColors)",46,
B,B_W_20__WIN_WRM,CP_WIN_WRM,WIN_WRM,F_WIN_WRM.png (swatch only),"Material=Neon, Color=255,190,125 (CyberpunkConfig.NeonColors)",290,
B,B_W_21_P01_STACK__MEC,CP_Mechanical,MEC,T_Mechanical_Color.png;T_Mechanical_Normal.png;T_Mechanical_Roughness.png;T_Mechanical_Metalness.png,SurfaceAppearance,128,PROTO_STACK__MEC
B,B_W_21_P02_HVAC_L__MEC,CP_Mechanical,MEC,T_Mechanical_Color.png;T_Mechanical_Normal.png;T_Mechanical_Roughness.png;T_Mechanical_Metalness.png,SurfaceAppearance,76,PROTO_HVAC_L__MEC
B,B_W_21_P03_COOL__MEC,CP_Mechanical,MEC,T_Mechanical_Color.png;T_Mechanical_Normal.png;T_Mechanical_Roughness.png;T_Mechanical_Metalness.png,SurfaceAppearance,66,PROTO_COOL__MEC
B,B_W_21__CON,CP_ConcreteDark,CON,T_ConcreteDark_Color.png;T_ConcreteDark_Normal.png;T_ConcreteDark_Roughness.png;T_ConcreteDark_Metalness.png,SurfaceAppearance,6,
B,B_W_21__LOU,CP_Louver,LOU,T_Louver_Color.png;T_Louver_Normal.png;T_Louver_Roughness.png;T_Louver_Metalness.png,SurfaceAppearance,6,
B,B_W_21__NEON_BLU,CP_NEON_BLU,NEON_BLU,F_NEON_BLU.png (swatch only),"Material=Neon, Color=30,95,255 (CyberpunkConfig.NeonColors)",10,
B,B_W_21__NEON_RED,CP_NEON_RED,NEON_RED,F_NEON_RED.png (swatch only),"Material=Neon, Color=255,32,45 (CyberpunkConfig.NeonColors)",24,
B,B_W_21__PNL,CP_PanelMetal,PNL,T_PanelMetal_Color.png;T_PanelMetal_Normal.png;T_PanelMetal_Roughness.png;T_PanelMetal_Metalness.png,SurfaceAppearance,6,
B,B_W_21__ROF,CP_RoofDeck,ROF,T_RoofDeck_Color.png;T_RoofDeck_Normal.png;T_RoofDeck_Roughness.png;T_RoofDeck_Metalness.png,SurfaceAppearance,8,
B,B_W_21__STL,CP_Steel,STL,T_Steel_Color.png;T_Steel_Normal.png;T_Steel_Roughness.png;T_Steel_Metalness.png,SurfaceAppearance,472,
B,B_W_21__TWN,CP_TowerNight,TWN,T_TowerNight_Color.png;T_TowerNight_Normal.png;T_TowerNight_Roughness.png;T_TowerNight_Metalness.png,SurfaceAppearance,10,
B,B_W_21__WIN_COL,CP_WIN_COL,WIN_COL,F_WIN_COL.png (swatch only),"Material=Neon, Color=140,195,255 (CyberpunkConfig.NeonColors)",36,
B,B_W_21__WIN_WRM,CP_WIN_WRM,WIN_WRM,F_WIN_WRM.png (swatch only),"Material=Neon, Color=255,190,125 (CyberpunkConfig.NeonColors)",204,
B,B_W_22_P01_HVAC_S__MEC,CP_Mechanical,MEC,T_Mechanical_Color.png;T_Mechanical_Normal.png;T_Mechanical_Roughness.png;T_Mechanical_Metalness.png,SurfaceAppearance,32,PROTO_HVAC_S__MEC
B,B_W_22_P02_COOL__MEC,CP_Mechanical,MEC,T_Mechanical_Color.png;T_Mechanical_Normal.png;T_Mechanical_Roughness.png;T_Mechanical_Metalness.png,SurfaceAppearance,66,PROTO_COOL__MEC
B,B_W_22_P03_HVAC_L__MEC,CP_Mechanical,MEC,T_Mechanical_Color.png;T_Mechanical_Normal.png;T_Mechanical_Roughness.png;T_Mechanical_Metalness.png,SurfaceAppearance,76,PROTO_HVAC_L__MEC
B,B_W_22_P04_VENT__MEC,CP_Mechanical,MEC,T_Mechanical_Color.png;T_Mechanical_Normal.png;T_Mechanical_Roughness.png;T_Mechanical_Metalness.png,SurfaceAppearance,44,PROTO_VENT__MEC
B,B_W_22_P05_STACK__MEC,CP_Mechanical,MEC,T_Mechanical_Color.png;T_Mechanical_Normal.png;T_Mechanical_Roughness.png;T_Mechanical_Metalness.png,SurfaceAppearance,128,PROTO_STACK__MEC
B,B_W_22_P06_DISH__MEC,CP_Mechanical,MEC,T_Mechanical_Color.png;T_Mechanical_Normal.png;T_Mechanical_Roughness.png;T_Mechanical_Metalness.png,SurfaceAppearance,22,PROTO_DISH__MEC
B,B_W_22__CON,CP_ConcreteDark,CON,T_ConcreteDark_Color.png;T_ConcreteDark_Normal.png;T_ConcreteDark_Roughness.png;T_ConcreteDark_Metalness.png,SurfaceAppearance,46,
B,B_W_22__LOU,CP_Louver,LOU,T_Louver_Color.png;T_Louver_Normal.png;T_Louver_Roughness.png;T_Louver_Metalness.png,SurfaceAppearance,4,
B,B_W_22__NEON_CYN,CP_NEON_CYN,NEON_CYN,F_NEON_CYN.png (swatch only),"Material=Neon, Color=0,230,255 (CyberpunkConfig.NeonColors)",10,
B,B_W_22__NEON_WHT,CP_NEON_WHT,NEON_WHT,F_NEON_WHT.png (swatch only),"Material=Neon, Color=215,228,255 (CyberpunkConfig.NeonColors)",48,
B,B_W_22__PNL,CP_PanelMetal,PNL,T_PanelMetal_Color.png;T_PanelMetal_Normal.png;T_PanelMetal_Roughness.png;T_PanelMetal_Metalness.png,SurfaceAppearance,2,
B,B_W_22__ROF,CP_RoofDeck,ROF,T_RoofDeck_Color.png;T_RoofDeck_Normal.png;T_RoofDeck_Roughness.png;T_RoofDeck_Metalness.png,SurfaceAppearance,6,
B,B_W_22__STL,CP_Steel,STL,T_Steel_Color.png;T_Steel_Normal.png;T_Steel_Roughness.png;T_Steel_Metalness.png,SurfaceAppearance,180,
B,B_W_22__TWN,CP_TowerNight,TWN,T_TowerNight_Color.png;T_TowerNight_Normal.png;T_TowerNight_Roughness.png;T_TowerNight_Metalness.png,SurfaceAppearance,12,
B,B_W_22__WIN_COL,CP_WIN_COL,WIN_COL,F_WIN_COL.png (swatch only),"Material=Neon, Color=140,195,255 (CyberpunkConfig.NeonColors)",20,
B,B_W_22__WIN_VIO,CP_WIN_VIO,WIN_VIO,F_WIN_VIO.png (swatch only),"Material=Neon, Color=170,130,255 (CyberpunkConfig.NeonColors)",122,
B,HEX_ALIGN_B__CON,CP_ConcreteDark,CON,T_ConcreteDark_Color.png;T_ConcreteDark_Normal.png;T_ConcreteDark_Roughness.png;T_ConcreteDark_Metalness.png,SurfaceAppearance,12,
B,SCR_B_E_01_01,AD_HexLeague,SCREEN,AD_HexLeague.png,TextureID + SurfaceGui overlay (CyberpunkSetup),2,
B,SCR_B_E_02_01H,AD_Cyber,SCREEN,AD_Cyber.png,TextureID + SurfaceGui overlay (CyberpunkSetup),2,
B,SCR_B_E_02_02H,AD_Tokyo2099,SCREEN,AD_Tokyo2099.png,TextureID + SurfaceGui overlay (CyberpunkSetup),2,
B,SCR_B_E_02_03,AD_HexLeague,SCREEN,AD_HexLeague.png,TextureID + SurfaceGui overlay (CyberpunkSetup),2,
B,SCR_B_E_04_01,AD_MindUpload,SCREEN,AD_MindUpload.png,TextureID + SurfaceGui overlay (CyberpunkSetup),2,
B,SCR_B_E_06_01H,AD_MatchaPlus,SCREEN,AD_MatchaPlus.png,TextureID + SurfaceGui overlay (CyberpunkSetup),2,
B,SCR_B_E_06_02H,AD_HoloDancer,SCREEN,AD_HoloDancer.png,TextureID + SurfaceGui overlay (CyberpunkSetup),2,
B,SCR_B_E_07_01,AD_KitsuneMask,SCREEN,AD_KitsuneMask.png,TextureID + SurfaceGui overlay (CyberpunkSetup),2,
B,SCR_B_E_08_01H,AD_HoloKoi,SCREEN,AD_HoloKoi.png,TextureID + SurfaceGui overlay (CyberpunkSetup),2,
B,SCR_B_E_08_02H,AD_BladeEdge,SCREEN,AD_BladeEdge.png,TextureID + SurfaceGui overlay (CyberpunkSetup),2,
B,SCR_B_E_09_01,AD_PlayHex,SCREEN,AD_PlayHex.png,TextureID + SurfaceGui overlay (CyberpunkSetup),2,
B,SCR_B_E_10_01H,AD_HoloDancer,SCREEN,AD_HoloDancer.png,TextureID + SurfaceGui overlay (CyberpunkSetup),2,
B,SCR_B_E_10_02H,AD_Cyber,SCREEN,AD_Cyber.png,TextureID + SurfaceGui overlay (CyberpunkSetup),2,
B,SCR_B_E_11_01H,AD_Cyber,SCREEN,AD_Cyber.png,TextureID + SurfaceGui overlay (CyberpunkSetup),2,
B,SCR_B_E_11_02H,AD_HoloDancer,SCREEN,AD_HoloDancer.png,TextureID + SurfaceGui overlay (CyberpunkSetup),2,
B,SCR_B_E_12_01,AD_OkamiArms,SCREEN,AD_OkamiArms.png,TextureID + SurfaceGui overlay (CyberpunkSetup),2,
B,SCR_B_E_13_01H,AD_HoloKoi,SCREEN,AD_HoloKoi.png,TextureID + SurfaceGui overlay (CyberpunkSetup),2,
B,SCR_B_E_13_02H,AD_BladeEdge,SCREEN,AD_BladeEdge.png,TextureID + SurfaceGui overlay (CyberpunkSetup),2,
B,SCR_B_E_14_01,AD_KirinDeck,SCREEN,AD_KirinDeck.png,TextureID + SurfaceGui overlay (CyberpunkSetup),2,
B,SCR_B_E_14_02,AD_SushiSpeed,SCREEN,AD_SushiSpeed.png,TextureID + SurfaceGui overlay (CyberpunkSetup),2,
B,SCR_B_E_15_01,AD_ArashiSec,SCREEN,AD_ArashiSec.png,TextureID + SurfaceGui overlay (CyberpunkSetup),2,
B,SCR_B_E_15_02,AD_MindUpload,SCREEN,AD_MindUpload.png,TextureID + SurfaceGui overlay (CyberpunkSetup),2,
B,SCR_B_E_17_01,AD_VoltRunner,SCREEN,AD_VoltRunner.png,TextureID + SurfaceGui overlay (CyberpunkSetup),2,
B,SCR_B_E_19_01,AD_ArashiSec,SCREEN,AD_ArashiSec.png,TextureID + SurfaceGui overlay (CyberpunkSetup),2,
B,SCR_B_E_21_01H,AD_MatchaPlus,SCREEN,AD_MatchaPlus.png,TextureID + SurfaceGui overlay (CyberpunkSetup),2,
B,SCR_B_E_21_02H,AD_HoloDancer,SCREEN,AD_HoloDancer.png,TextureID + SurfaceGui overlay (CyberpunkSetup),2,
B,SCR_B_E_22_01H,AD_Tokyo2099,SCREEN,AD_Tokyo2099.png,TextureID + SurfaceGui overlay (CyberpunkSetup),2,
B,SCR_B_E_22_02H,AD_HoloKoi,SCREEN,AD_HoloKoi.png,TextureID + SurfaceGui overlay (CyberpunkSetup),2,
B,SCR_B_E_23_01H,AD_MatchaPlus,SCREEN,AD_MatchaPlus.png,TextureID + SurfaceGui overlay (CyberpunkSetup),2,
B,SCR_B_E_23_02H,AD_Tokyo2099,SCREEN,AD_Tokyo2099.png,TextureID + SurfaceGui overlay (CyberpunkSetup),2,
B,SCR_B_E_23_03,AD_MegaSale,SCREEN,AD_MegaSale.png,TextureID + SurfaceGui overlay (CyberpunkSetup),2,
B,SCR_B_Mega_01_01,AD_ArashiSec,SCREEN,AD_ArashiSec.png,TextureID + SurfaceGui overlay (CyberpunkSetup),2,
B,SCR_B_Mega_02_01,AD_DenkiCola,SCREEN,AD_DenkiCola.png,TextureID + SurfaceGui overlay (CyberpunkSetup),2,
B,SCR_B_Mega_03_01,AD_Pachinko,SCREEN,AD_Pachinko.png,TextureID + SurfaceGui overlay (CyberpunkSetup),2,
B,SCR_B_Mega_04_01,AD_HexLeagueTall,SCREEN,AD_HexLeagueTall.png,TextureID + SurfaceGui overlay (CyberpunkSetup),2,
B,SCR_B_Mega_05_01,AD_ArashiSec,SCREEN,AD_ArashiSec.png,TextureID + SurfaceGui overlay (CyberpunkSetup),2,
B,SCR_B_Mega_06_01,AD_DenkiCola,SCREEN,AD_DenkiCola.png,TextureID + SurfaceGui overlay (CyberpunkSetup),2,
B,SCR_B_Mega_07_01,AD_HexLeagueTall,SCREEN,AD_HexLeagueTall.png,TextureID + SurfaceGui overlay (CyberpunkSetup),2,
B,SCR_B_Mega_08_01,AD_NekoNet,SCREEN,AD_NekoNet.png,TextureID + SurfaceGui overlay (CyberpunkSetup),2,
B,SCR_B_Mega_09_01,AD_NexusAndroids,SCREEN,AD_NexusAndroids.png,TextureID + SurfaceGui overlay (CyberpunkSetup),2,
B,SCR_B_Mega_10_01,AD_OkamiArms,SCREEN,AD_OkamiArms.png,TextureID + SurfaceGui overlay (CyberpunkSetup),2,
B,SCR_B_Mega_11_01,AD_AikoLive,SCREEN,AD_AikoLive.png,TextureID + SurfaceGui overlay (CyberpunkSetup),2,
B,SCR_B_Mega_12_01,AD_HexLeagueTall,SCREEN,AD_HexLeagueTall.png,TextureID + SurfaceGui overlay (CyberpunkSetup),2,
B,SCR_B_N_02_01H,AD_Cyber,SCREEN,AD_Cyber.png,TextureID + SurfaceGui overlay (CyberpunkSetup),2,
B,SCR_B_N_02_02H,AD_BladeEdge,SCREEN,AD_BladeEdge.png,TextureID + SurfaceGui overlay (CyberpunkSetup),2,
B,SCR_B_N_04_01H,AD_HoloDancer,SCREEN,AD_HoloDancer.png,TextureID + SurfaceGui overlay (CyberpunkSetup),2,
B,SCR_B_N_04_02H,AD_Tokyo2099,SCREEN,AD_Tokyo2099.png,TextureID + SurfaceGui overlay (CyberpunkSetup),2,
B,SCR_B_N_05_01,AD_OrbitalResorts,SCREEN,AD_OrbitalResorts.png,TextureID + SurfaceGui overlay (CyberpunkSetup),2,
B,SCR_B_N_05_02,AD_YumeOptics,SCREEN,AD_YumeOptics.png,TextureID + SurfaceGui overlay (CyberpunkSetup),2,
B,SCR_B_N_07_01H,AD_MatchaPlus,SCREEN,AD_MatchaPlus.png,TextureID + SurfaceGui overlay (CyberpunkSetup),2,
B,SCR_B_N_07_02H,AD_Cyber,SCREEN,AD_Cyber.png,TextureID + SurfaceGui overlay (CyberpunkSetup),2,
B,SCR_B_N_08_01,AD_Pachinko,SCREEN,AD_Pachinko.png,TextureID + SurfaceGui overlay (CyberpunkSetup),2,
B,SCR_B_N_08_02,AD_SynthFM,SCREEN,AD_SynthFM.png,TextureID + SurfaceGui overlay (CyberpunkSetup),2,
B,SCR_B_N_09_01,AD_SushiSpeed,SCREEN,AD_SushiSpeed.png,TextureID + SurfaceGui overlay (CyberpunkSetup),2,
B,SCR_B_N_10_01,AD_NoirParfum,SCREEN,AD_NoirParfum.png,TextureID + SurfaceGui overlay (CyberpunkSetup),2,
B,SCR_B_N_11_01,AD_VoltRunner,SCREEN,AD_VoltRunner.png,TextureID + SurfaceGui overlay (CyberpunkSetup),2,
B,SCR_B_N_12_01H,AD_HoloKoi,SCREEN,AD_HoloKoi.png,TextureID + SurfaceGui overlay (CyberpunkSetup),2,
B,SCR_B_N_12_02H,AD_BladeEdge,SCREEN,AD_BladeEdge.png,TextureID + SurfaceGui overlay (CyberpunkSetup),2,
B,SCR_B_N_13_01,AD_MindUpload,SCREEN,AD_MindUpload.png,TextureID + SurfaceGui overlay (CyberpunkSetup),2,
B,SCR_B_N_14_01,AD_YumeOptics,SCREEN,AD_YumeOptics.png,TextureID + SurfaceGui overlay (CyberpunkSetup),2,
B,SCR_B_N_14_02,AD_KirinDeck,SCREEN,AD_KirinDeck.png,TextureID + SurfaceGui overlay (CyberpunkSetup),2,
B,SCR_B_N_15_01H,AD_BladeEdge,SCREEN,AD_BladeEdge.png,TextureID + SurfaceGui overlay (CyberpunkSetup),2,
B,SCR_B_N_15_02H,AD_HoloKoi,SCREEN,AD_HoloKoi.png,TextureID + SurfaceGui overlay (CyberpunkSetup),2,
B,SCR_B_N_16_01,AD_HexLeague,SCREEN,AD_HexLeague.png,TextureID + SurfaceGui overlay (CyberpunkSetup),2,
B,SCR_B_N_18_01H,AD_MatchaPlus,SCREEN,AD_MatchaPlus.png,TextureID + SurfaceGui overlay (CyberpunkSetup),2,
B,SCR_B_N_18_02H,AD_BladeEdge,SCREEN,AD_BladeEdge.png,TextureID + SurfaceGui overlay (CyberpunkSetup),2,
B,SCR_B_N_19_01,AD_SakuraLink,SCREEN,AD_SakuraLink.png,TextureID + SurfaceGui overlay (CyberpunkSetup),2,
B,SCR_B_N_20_01H,AD_Tokyo2099,SCREEN,AD_Tokyo2099.png,TextureID + SurfaceGui overlay (CyberpunkSetup),2,
B,SCR_B_N_20_02H,AD_HoloDancer,SCREEN,AD_HoloDancer.png,TextureID + SurfaceGui overlay (CyberpunkSetup),2,
B,SCR_B_N_21_01,AD_PlayHex,SCREEN,AD_PlayHex.png,TextureID + SurfaceGui overlay (CyberpunkSetup),2,
B,SCR_B_N_22_01,AD_AkaiMotors,SCREEN,AD_AkaiMotors.png,TextureID + SurfaceGui overlay (CyberpunkSetup),2,
B,SCR_B_N_22_02,AD_YumeOptics,SCREEN,AD_YumeOptics.png,TextureID + SurfaceGui overlay (CyberpunkSetup),2,
B,SCR_B_N_23_01,AD_SynthFM,SCREEN,AD_SynthFM.png,TextureID + SurfaceGui overlay (CyberpunkSetup),2,
B,SCR_B_N_23_02,AD_MindUpload,SCREEN,AD_MindUpload.png,TextureID + SurfaceGui overlay (CyberpunkSetup),2,
B,SCR_B_N_24_01H,AD_Cyber,SCREEN,AD_Cyber.png,TextureID + SurfaceGui overlay (CyberpunkSetup),2,
B,SCR_B_N_24_02H,AD_BladeEdge,SCREEN,AD_BladeEdge.png,TextureID + SurfaceGui overlay (CyberpunkSetup),2,
B,SCR_B_N_24_03,AD_VoltRunner,SCREEN,AD_VoltRunner.png,TextureID + SurfaceGui overlay (CyberpunkSetup),2,
B,SCR_B_N_25_01,AD_KirinDeck,SCREEN,AD_KirinDeck.png,TextureID + SurfaceGui overlay (CyberpunkSetup),2,
B,SCR_B_N_25_02,AD_HexLeague,SCREEN,AD_HexLeague.png,TextureID + SurfaceGui overlay (CyberpunkSetup),2,
B,SCR_B_N_28_01H,AD_Tokyo2099,SCREEN,AD_Tokyo2099.png,TextureID + SurfaceGui overlay (CyberpunkSetup),2,
B,SCR_B_N_28_02H,AD_MatchaPlus,SCREEN,AD_MatchaPlus.png,TextureID + SurfaceGui overlay (CyberpunkSetup),2,
B,SCR_B_N_29_01H,AD_Cyber,SCREEN,AD_Cyber.png,TextureID + SurfaceGui overlay (CyberpunkSetup),2,
B,SCR_B_N_29_02H,AD_BladeEdge,SCREEN,AD_BladeEdge.png,TextureID + SurfaceGui overlay (CyberpunkSetup),2,
B,SCR_B_N_30_01H,AD_Tokyo2099,SCREEN,AD_Tokyo2099.png,TextureID + SurfaceGui overlay (CyberpunkSetup),2,
B,SCR_B_N_30_02H,AD_HoloKoi,SCREEN,AD_HoloKoi.png,TextureID + SurfaceGui overlay (CyberpunkSetup),2,
B,SCR_B_N_32_01H,AD_HoloDancer,SCREEN,AD_HoloDancer.png,TextureID + SurfaceGui overlay (CyberpunkSetup),2,
B,SCR_B_N_32_02H,AD_HoloDancer,SCREEN,AD_HoloDancer.png,TextureID + SurfaceGui overlay (CyberpunkSetup),2,
B,SCR_B_N_33_01,AD_PlayHex,SCREEN,AD_PlayHex.png,TextureID + SurfaceGui overlay (CyberpunkSetup),2,
B,SCR_B_N_33_02,AD_SakuraLink,SCREEN,AD_SakuraLink.png,TextureID + SurfaceGui overlay (CyberpunkSetup),2,
B,SCR_B_S_01_01,AD_SakuraLink,SCREEN,AD_SakuraLink.png,TextureID + SurfaceGui overlay (CyberpunkSetup),2,
B,SCR_B_S_02_01H,AD_HoloKoi,SCREEN,AD_HoloKoi.png,TextureID + SurfaceGui overlay (CyberpunkSetup),2,
B,SCR_B_S_02_02H,AD_MatchaPlus,SCREEN,AD_MatchaPlus.png,TextureID + SurfaceGui overlay (CyberpunkSetup),2,
B,SCR_B_S_04_01H,AD_Cyber,SCREEN,AD_Cyber.png,TextureID + SurfaceGui overlay (CyberpunkSetup),2,
B,SCR_B_S_04_02H,AD_Tokyo2099,SCREEN,AD_Tokyo2099.png,TextureID + SurfaceGui overlay (CyberpunkSetup),2,
B,SCR_B_S_05_01,AD_SushiSpeed,SCREEN,AD_SushiSpeed.png,TextureID + SurfaceGui overlay (CyberpunkSetup),2,
B,SCR_B_S_05_02,AD_YumeOptics,SCREEN,AD_YumeOptics.png,TextureID + SurfaceGui overlay (CyberpunkSetup),2,
B,SCR_B_S_06_01H,AD_HoloDancer,SCREEN,AD_HoloDancer.png,TextureID + SurfaceGui overlay (CyberpunkSetup),2,
B,SCR_B_S_06_02H,AD_BladeEdge,SCREEN,AD_BladeEdge.png,TextureID + SurfaceGui overlay (CyberpunkSetup),2,
B,SCR_B_S_07_01,AD_Pachinko,SCREEN,AD_Pachinko.png,TextureID + SurfaceGui overlay (CyberpunkSetup),2,
B,SCR_B_S_09_01H,AD_MatchaPlus,SCREEN,AD_MatchaPlus.png,TextureID + SurfaceGui overlay (CyberpunkSetup),2,
B,SCR_B_S_09_02H,AD_HoloKoi,SCREEN,AD_HoloKoi.png,TextureID + SurfaceGui overlay (CyberpunkSetup),2,
B,SCR_B_S_10_01,AD_HexLeagueTall,SCREEN,AD_HexLeagueTall.png,TextureID + SurfaceGui overlay (CyberpunkSetup),2,
B,SCR_B_S_11_01,AD_OrbitalResorts,SCREEN,AD_OrbitalResorts.png,TextureID + SurfaceGui overlay (CyberpunkSetup),2,
B,SCR_B_S_12_01,AD_AkaiMotors,SCREEN,AD_AkaiMotors.png,TextureID + SurfaceGui overlay (CyberpunkSetup),2,
B,SCR_B_S_14_01H,AD_Cyber,SCREEN,AD_Cyber.png,TextureID + SurfaceGui overlay (CyberpunkSetup),2,
B,SCR_B_S_14_02H,AD_HoloKoi,SCREEN,AD_HoloKoi.png,TextureID + SurfaceGui overlay (CyberpunkSetup),2,
B,SCR_B_S_15_01,AD_MegaSale,SCREEN,AD_MegaSale.png,TextureID + SurfaceGui overlay (CyberpunkSetup),2,
B,SCR_B_S_16_01,AD_YumeOptics,SCREEN,AD_YumeOptics.png,TextureID + SurfaceGui overlay (CyberpunkSetup),2,
B,SCR_B_S_16_02,AD_KirinDeck,SCREEN,AD_KirinDeck.png,TextureID + SurfaceGui overlay (CyberpunkSetup),2,
B,SCR_B_S_17_01,AD_NekoNet,SCREEN,AD_NekoNet.png,TextureID + SurfaceGui overlay (CyberpunkSetup),2,
B,SCR_B_S_22_01,AD_VoltRunner,SCREEN,AD_VoltRunner.png,TextureID + SurfaceGui overlay (CyberpunkSetup),2,
B,SCR_B_S_26_01,AD_HexLeague,SCREEN,AD_HexLeague.png,TextureID + SurfaceGui overlay (CyberpunkSetup),2,
B,SCR_B_S_28_01H,AD_Tokyo2099,SCREEN,AD_Tokyo2099.png,TextureID + SurfaceGui overlay (CyberpunkSetup),2,
B,SCR_B_S_28_02H,AD_MatchaPlus,SCREEN,AD_MatchaPlus.png,TextureID + SurfaceGui overlay (CyberpunkSetup),2,
B,SCR_B_S_28_03,AD_SynthFM,SCREEN,AD_SynthFM.png,TextureID + SurfaceGui overlay (CyberpunkSetup),2,
B,SCR_B_S_29_01,AD_AkaiMotors,SCREEN,AD_AkaiMotors.png,TextureID + SurfaceGui overlay (CyberpunkSetup),2,
B,SCR_B_S_29_02,AD_PlayHex,SCREEN,AD_PlayHex.png,TextureID + SurfaceGui overlay (CyberpunkSetup),2,
B,SCR_B_S_30_01,AD_Titan3,SCREEN,AD_Titan3.png,TextureID + SurfaceGui overlay (CyberpunkSetup),2,
B,SCR_B_S_31_01H,AD_BladeEdge,SCREEN,AD_BladeEdge.png,TextureID + SurfaceGui overlay (CyberpunkSetup),2,
B,SCR_B_S_31_02H,AD_HoloDancer,SCREEN,AD_HoloDancer.png,TextureID + SurfaceGui overlay (CyberpunkSetup),2,
B,SCR_B_S_32_01,AD_MegaSale,SCREEN,AD_MegaSale.png,TextureID + SurfaceGui overlay (CyberpunkSetup),2,
B,SCR_B_S_33_01,AD_MegaSale,SCREEN,AD_MegaSale.png,TextureID + SurfaceGui overlay (CyberpunkSetup),2,
B,SCR_B_Sky_E0_N2_near_01,AD_SakuraLink,SCREEN,AD_SakuraLink.png,TextureID + SurfaceGui overlay (CyberpunkSetup),2,
B,SCR_B_Sky_E0_N3_near_01,AD_SushiSpeed,SCREEN,AD_SushiSpeed.png,TextureID + SurfaceGui overlay (CyberpunkSetup),2,
B,SCR_B_Sky_E0_N3_near_02,AD_PlayHex,SCREEN,AD_PlayHex.png,TextureID + SurfaceGui overlay (CyberpunkSetup),2,
B,SCR_B_Sky_E0_S2_near_01,AD_SynthFM,SCREEN,AD_SynthFM.png,TextureID + SurfaceGui overlay (CyberpunkSetup),2,
B,SCR_B_Sky_E0_S2_near_02,AD_HexLeague,SCREEN,AD_HexLeague.png,TextureID + SurfaceGui overlay (CyberpunkSetup),2,
B,SCR_B_Sky_E0_S2_near_03,AD_YumeOptics,SCREEN,AD_YumeOptics.png,TextureID + SurfaceGui overlay (CyberpunkSetup),2,
B,SCR_B_Sky_E1_N2_near_01,AD_MindUpload,SCREEN,AD_MindUpload.png,TextureID + SurfaceGui overlay (CyberpunkSetup),2,
B,SCR_B_Sky_E1_N2_near_02,AD_SakuraLink,SCREEN,AD_SakuraLink.png,TextureID + SurfaceGui overlay (CyberpunkSetup),2,
B,SCR_B_Sky_E1_S2_near_01,AD_AkaiMotors,SCREEN,AD_AkaiMotors.png,TextureID + SurfaceGui overlay (CyberpunkSetup),2,
B,SCR_B_Sky_E1_S2_near_02,AD_SynthFM,SCREEN,AD_SynthFM.png,TextureID + SurfaceGui overlay (CyberpunkSetup),2,
B,SCR_B_Sky_E1_S3_near_01,AD_SushiSpeed,SCREEN,AD_SushiSpeed.png,TextureID + SurfaceGui overlay (CyberpunkSetup),2,
B,SCR_B_Sky_E2_N0_near_01,AD_KirinDeck,SCREEN,AD_KirinDeck.png,TextureID + SurfaceGui overlay (CyberpunkSetup),2,
B,SCR_B_Sky_E2_N1_near_01,AD_SynthFM,SCREEN,AD_SynthFM.png,TextureID + SurfaceGui overlay (CyberpunkSetup),2,
B,SCR_B_Sky_E2_N1_near_02,AD_KirinDeck,SCREEN,AD_KirinDeck.png,TextureID + SurfaceGui overlay (CyberpunkSetup),2,
B,SCR_B_Sky_E2_N2_near_01,AD_MegaSale,SCREEN,AD_MegaSale.png,TextureID + SurfaceGui overlay (CyberpunkSetup),2,
B,SCR_B_Sky_E2_N2_near_02,AD_SushiSpeed,SCREEN,AD_SushiSpeed.png,TextureID + SurfaceGui overlay (CyberpunkSetup),2,
B,SCR_B_Sky_E2_N3_near_01,AD_HexLeague,SCREEN,AD_HexLeague.png,TextureID + SurfaceGui overlay (CyberpunkSetup),2,
B,SCR_B_Sky_E2_S1_near_01,AD_MegaSale,SCREEN,AD_MegaSale.png,TextureID + SurfaceGui overlay (CyberpunkSetup),2,
B,SCR_B_Sky_E2_S1_near_02,AD_AkaiMotors,SCREEN,AD_AkaiMotors.png,TextureID + SurfaceGui overlay (CyberpunkSetup),2,
B,SCR_B_Sky_E2_S2_near_01,AD_AkaiMotors,SCREEN,AD_AkaiMotors.png,TextureID + SurfaceGui overlay (CyberpunkSetup),2,
B,SCR_B_Sky_E3_N0_near_01,AD_SakuraLink,SCREEN,AD_SakuraLink.png,TextureID + SurfaceGui overlay (CyberpunkSetup),2,
B,SCR_B_Sky_E3_N1_near_01,AD_HexLeague,SCREEN,AD_HexLeague.png,TextureID + SurfaceGui overlay (CyberpunkSetup),2,
B,SCR_B_Sky_E3_N2_near_01,AD_PlayHex,SCREEN,AD_PlayHex.png,TextureID + SurfaceGui overlay (CyberpunkSetup),2,
B,SCR_B_Sky_E3_N2_near_02,AD_YumeOptics,SCREEN,AD_YumeOptics.png,TextureID + SurfaceGui overlay (CyberpunkSetup),2,
B,SCR_B_Sky_E3_S1_near_01,AD_MindUpload,SCREEN,AD_MindUpload.png,TextureID + SurfaceGui overlay (CyberpunkSetup),2,
B,SCR_B_Sky_E3_S2_near_01,AD_HexLeague,SCREEN,AD_HexLeague.png,TextureID + SurfaceGui overlay (CyberpunkSetup),2,
B,SCR_B_Sky_E3_S2_near_02,AD_MindUpload,SCREEN,AD_MindUpload.png,TextureID + SurfaceGui overlay (CyberpunkSetup),2,
B,SCR_B_Sky_W1_N2_near_01,AD_PlayHex,SCREEN,AD_PlayHex.png,TextureID + SurfaceGui overlay (CyberpunkSetup),2,
B,SCR_B_Sky_W1_N3_near_01,AD_VoltRunner,SCREEN,AD_VoltRunner.png,TextureID + SurfaceGui overlay (CyberpunkSetup),2,
B,SCR_B_Sky_W1_S2_near_01,AD_KirinDeck,SCREEN,AD_KirinDeck.png,TextureID + SurfaceGui overlay (CyberpunkSetup),2,
B,SCR_B_Sky_W2_N0_near_01,AD_MindUpload,SCREEN,AD_MindUpload.png,TextureID + SurfaceGui overlay (CyberpunkSetup),2,
B,SCR_B_Sky_W2_N0_near_02,AD_AkaiMotors,SCREEN,AD_AkaiMotors.png,TextureID + SurfaceGui overlay (CyberpunkSetup),2,
B,SCR_B_Sky_W2_N0_near_03,AD_KirinDeck,SCREEN,AD_KirinDeck.png,TextureID + SurfaceGui overlay (CyberpunkSetup),2,
B,SCR_B_Sky_W2_N0_near_04,AD_PlayHex,SCREEN,AD_PlayHex.png,TextureID + SurfaceGui overlay (CyberpunkSetup),2,
B,SCR_B_Sky_W2_N0_near_05,AD_HexLeague,SCREEN,AD_HexLeague.png,TextureID + SurfaceGui overlay (CyberpunkSetup),2,
B,SCR_B_Sky_W2_N1_near_01,AD_SynthFM,SCREEN,AD_SynthFM.png,TextureID + SurfaceGui overlay (CyberpunkSetup),2,
B,SCR_B_Sky_W2_N1_near_02,AD_MegaSale,SCREEN,AD_MegaSale.png,TextureID + SurfaceGui overlay (CyberpunkSetup),2,
B,SCR_B_Sky_W2_N2_near_01,AD_YumeOptics,SCREEN,AD_YumeOptics.png,TextureID + SurfaceGui overlay (CyberpunkSetup),2,
B,SCR_B_Sky_W2_S1_near_01,AD_SakuraLink,SCREEN,AD_SakuraLink.png,TextureID + SurfaceGui overlay (CyberpunkSetup),2,
B,SCR_B_Sky_W2_S2_near_01,AD_SushiSpeed,SCREEN,AD_SushiSpeed.png,TextureID + SurfaceGui overlay (CyberpunkSetup),2,
B,SCR_B_Sky_W2_S2_near_02,AD_MegaSale,SCREEN,AD_MegaSale.png,TextureID + SurfaceGui overlay (CyberpunkSetup),2,
B,SCR_B_Sky_W3_N1_near_01,AD_SakuraLink,SCREEN,AD_SakuraLink.png,TextureID + SurfaceGui overlay (CyberpunkSetup),2,
B,SCR_B_Sky_W3_N2_near_01,AD_YumeOptics,SCREEN,AD_YumeOptics.png,TextureID + SurfaceGui overlay (CyberpunkSetup),2,
B,SCR_B_Sky_W3_N2_near_02,AD_VoltRunner,SCREEN,AD_VoltRunner.png,TextureID + SurfaceGui overlay (CyberpunkSetup),2,
B,SCR_B_Sky_W3_S1_near_01,AD_SynthFM,SCREEN,AD_SynthFM.png,TextureID + SurfaceGui overlay (CyberpunkSetup),2,
B,SCR_B_W_01_01,AD_SushiSpeed,SCREEN,AD_SushiSpeed.png,TextureID + SurfaceGui overlay (CyberpunkSetup),2,
B,SCR_B_W_03_01H,AD_Cyber,SCREEN,AD_Cyber.png,TextureID + SurfaceGui overlay (CyberpunkSetup),2,
B,SCR_B_W_03_02H,AD_HoloDancer,SCREEN,AD_HoloDancer.png,TextureID + SurfaceGui overlay (CyberpunkSetup),2,
B,SCR_B_W_04_01,AD_KirinDeck,SCREEN,AD_KirinDeck.png,TextureID + SurfaceGui overlay (CyberpunkSetup),2,
B,SCR_B_W_05_01,AD_MegaSale,SCREEN,AD_MegaSale.png,TextureID + SurfaceGui overlay (CyberpunkSetup),2,
B,SCR_B_W_06_01,AD_NeonNoodle,SCREEN,AD_NeonNoodle.png,TextureID + SurfaceGui overlay (CyberpunkSetup),2,
B,SCR_B_W_07_01,AD_YumeOptics,SCREEN,AD_YumeOptics.png,TextureID + SurfaceGui overlay (CyberpunkSetup),2,
B,SCR_B_W_08_01,AD_SushiSpeed,SCREEN,AD_SushiSpeed.png,TextureID + SurfaceGui overlay (CyberpunkSetup),2,
B,SCR_B_W_09_01,AD_NexusAndroids,SCREEN,AD_NexusAndroids.png,TextureID + SurfaceGui overlay (CyberpunkSetup),2,
B,SCR_B_W_09_02,AD_VoltRunner,SCREEN,AD_VoltRunner.png,TextureID + SurfaceGui overlay (CyberpunkSetup),2,
B,SCR_B_W_10_01,AD_AikoLive,SCREEN,AD_AikoLive.png,TextureID + SurfaceGui overlay (CyberpunkSetup),2,
B,SCR_B_W_12_01,AD_AkaiMotors,SCREEN,AD_AkaiMotors.png,TextureID + SurfaceGui overlay (CyberpunkSetup),2,
B,SCR_B_W_13_01H,AD_Tokyo2099,SCREEN,AD_Tokyo2099.png,TextureID + SurfaceGui overlay (CyberpunkSetup),2,
B,SCR_B_W_13_02H,AD_BladeEdge,SCREEN,AD_BladeEdge.png,TextureID + SurfaceGui overlay (CyberpunkSetup),2,
B,SCR_B_W_14_01,AD_AkaiMotors,SCREEN,AD_AkaiMotors.png,TextureID + SurfaceGui overlay (CyberpunkSetup),2,
B,SCR_B_W_15_01,AD_AikoLive,SCREEN,AD_AikoLive.png,TextureID + SurfaceGui overlay (CyberpunkSetup),2,
B,SCR_B_W_18_01,AD_MindUpload,SCREEN,AD_MindUpload.png,TextureID + SurfaceGui overlay (CyberpunkSetup),2,
B,SCR_B_W_19_01,AD_OkamiArms,SCREEN,AD_OkamiArms.png,TextureID + SurfaceGui overlay (CyberpunkSetup),2,
B,SCR_B_W_20_01,AD_MindUpload,SCREEN,AD_MindUpload.png,TextureID + SurfaceGui overlay (CyberpunkSetup),2,
B,SCR_B_W_21_01H,AD_HoloKoi,SCREEN,AD_HoloKoi.png,TextureID + SurfaceGui overlay (CyberpunkSetup),2,
B,SCR_B_W_21_02H,AD_MatchaPlus,SCREEN,AD_MatchaPlus.png,TextureID + SurfaceGui overlay (CyberpunkSetup),2,
B,SCR_B_W_22_01H,AD_Cyber,SCREEN,AD_Cyber.png,TextureID + SurfaceGui overlay (CyberpunkSetup),2,
B,SCR_B_W_22_02H,AD_Tokyo2099,SCREEN,AD_Tokyo2099.png,TextureID + SurfaceGui overlay (CyberpunkSetup),2,
B,SCR_B_W_22_03,AD_PlayHex,SCREEN,AD_PlayHex.png,TextureID + SurfaceGui overlay (CyberpunkSetup),2,
